timestamp,symbol,price_usd,rsi_14,sma_20,sma_50,pct_change_1h,decision,confidence
2026-06-17T17:00:00+00:00,BTC,66104.08,50.0,65984.1,65984.1,0.36,HOLD,50
2026-06-17T18:00:00+00:00,BTC,65516.0,50.0,65828.07,65828.07,-0.89,HOLD,50
2026-06-17T19:00:00+00:00,BTC,64301.85,50.0,65446.51,65446.51,-1.85,BEARISH,55
2026-06-17T20:00:00+00:00,BTC,64434.36,50.0,65244.08,65244.08,0.21,HOLD,50
2026-06-17T21:00:00+00:00,BTC,64257.77,50.0,65079.7,65079.7,-0.27,HOLD,50
2026-06-17T22:00:00+00:00,BTC,64300.01,50.0,64968.31,64968.31,0.07,HOLD,50
2026-06-17T23:00:00+00:00,BTC,64509.4,50.0,64910.95,64910.95,0.33,HOLD,50
2026-06-18T00:00:00+00:00,BTC,64468.01,50.0,64861.73,64861.73,-0.06,HOLD,50
2026-06-18T01:00:00+00:00,BTC,64548.74,50.0,64830.43,64830.43,0.13,HOLD,50
2026-06-18T02:00:00+00:00,BTC,64689.5,50.0,64817.62,64817.62,0.22,HOLD,50
2026-06-18T03:00:00+00:00,BTC,64282.82,50.0,64773.06,64773.06,-0.63,HOLD,50
2026-06-18T04:00:00+00:00,BTC,63883.41,50.0,64704.62,64704.62,-0.62,HOLD,50
2026-06-18T05:00:00+00:00,BTC,63994.0,50.0,64653.86,64653.86,0.17,HOLD,50
2026-06-18T06:00:00+00:00,BTC,64083.41,27.0,64615.83,64615.83,0.14,HOLD,50
2026-06-18T07:00:00+00:00,BTC,64510.44,30.4,64609.25,64609.25,0.67,BULLISH,70
2026-06-18T08:00:00+00:00,BTC,64399.92,34.4,64596.93,64596.93,-0.17,HOLD,50
2026-06-18T09:00:00+00:00,BTC,64199.53,48.0,64574.85,64574.85,-0.31,HOLD,50
2026-06-18T10:00:00+00:00,BTC,64078.61,43.0,64548.74,64548.74,-0.19,HOLD,50
2026-06-18T11:00:00+00:00,BTC,63974.4,44.3,64520.02,64520.02,-0.16,HOLD,50
2026-06-18T12:00:00+00:00,BTC,64378.07,51.4,64445.72,64513.26,0.63,HOLD,50
2026-06-18T13:00:00+00:00,BTC,63984.0,41.3,64339.71,64489.2,-0.61,HOLD,50
2026-06-18T14:00:00+00:00,BTC,63816.61,39.7,64254.74,64459.96,-0.26,HOLD,50
2026-06-18T15:00:00+00:00,BTC,62369.44,25.9,64158.12,64372.85,-2.27,BEARISH,75
2026-06-18T16:00:00+00:00,BTC,62688.0,28.7,64070.8,64305.46,0.51,BULLISH,85
2026-06-18T17:00:00+00:00,BTC,62606.0,30.8,63988.22,64240.1,-0.13,HOLD,50
2026-06-18T18:00:00+00:00,BTC,62708.92,35.6,63908.66,64183.39,0.16,HOLD,50
2026-06-18T19:00:00+00:00,BTC,62950.79,37.6,63830.73,64139.36,0.39,HOLD,50
2026-06-18T20:00:00+00:00,BTC,63086.0,38.3,63761.63,64103.04,0.21,HOLD,50
2026-06-18T21:00:00+00:00,BTC,62971.32,30.5,63682.76,64065.32,-0.18,HOLD,50
2026-06-18T22:00:00+00:00,BTC,62885.85,30.7,63592.58,64027.27,-0.14,HOLD,50
2026-06-18T23:00:00+00:00,BTC,62958.01,33.6,63526.34,63993.86,0.11,HOLD,50
2026-06-19T00:00:00+00:00,BTC,63020.0,35.8,63483.17,63964.35,0.1,HOLD,50
2026-06-19T01:00:00+00:00,BTC,63021.86,36.9,63434.56,63936.63,0.0,HOLD,50
2026-06-19T02:00:00+00:00,BTC,63006.0,28.8,63380.69,63910.04,-0.03,HOLD,50
2026-06-19T03:00:00+00:00,BTC,62773.51,30.3,63293.84,63878.47,-0.37,HOLD,50
2026-06-19T04:00:00+00:00,BTC,62452.01,28.9,63196.45,63839.91,-0.51,HOLD,50
2026-06-19T05:00:00+00:00,BTC,62739.2,58.9,63123.43,63810.95,0.46,HOLD,50
2026-06-19T06:00:00+00:00,BTC,62894.08,55.4,63064.2,63787.44,0.25,HOLD,50
2026-06-19T07:00:00+00:00,BTC,62629.99,50.6,62996.98,63758.5,-0.42,HOLD,50
2026-06-19T08:00:00+00:00,BTC,62603.99,47.4,62908.28,63730.34,-0.04,HOLD,50
2026-06-19T09:00:00+00:00,BTC,62390.0,35.9,62828.58,63698.43,-0.34,HOLD,50
2026-06-19T10:00:00+00:00,BTC,62533.25,36.1,62764.41,63671.33,0.23,HOLD,50
2026-06-19T11:00:00+00:00,BTC,62626.0,41.3,62777.24,63647.57,0.15,HOLD,50
2026-06-19T12:00:00+00:00,BTC,62830.01,48.7,62784.34,63629.41,0.33,HOLD,50
2026-06-19T13:00:00+00:00,BTC,63210.0,55.3,62814.54,63620.29,0.6,HOLD,50
2026-06-19T14:00:00+00:00,BTC,63203.53,53.9,62839.27,63611.42,-0.01,HOLD,50
2026-06-19T15:00:00+00:00,BTC,63214.01,54.1,62852.43,63603.14,0.02,HOLD,50
2026-06-19T16:00:00+00:00,BTC,62971.99,49.3,62846.73,63590.26,-0.38,HOLD,50
2026-06-19T17:00:00+00:00,BTC,63198.01,58.3,62858.07,63582.42,0.36,HOLD,50
2026-06-19T18:00:00+00:00,BTC,63110.01,64.1,62869.27,63527.33,-0.14,HOLD,50
2026-06-19T19:00:00+00:00,BTC,63021.6,56.6,62872.45,63465.68,-0.14,HOLD,50
2026-06-19T20:00:00+00:00,BTC,63250.01,58.0,62883.95,63420.36,0.36,HOLD,50
2026-06-19T21:00:00+00:00,BTC,63075.98,60.5,62886.66,63395.85,-0.28,HOLD,50
2026-06-19T22:00:00+00:00,BTC,63315.28,65.2,62902.12,63373.47,0.38,HOLD,50
2026-06-19T23:00:00+00:00,BTC,63543.91,74.5,62940.64,63359.19,0.36,HOLD,50
2026-06-20T00:00:00+00:00,BTC,63530.01,72.4,62994.54,63343.79,-0.02,HOLD,50
2026-06-20T01:00:00+00:00,BTC,63586.28,72.0,63036.9,63325.33,0.09,HOLD,50
2026-06-20T02:00:00+00:00,BTC,63340.57,61.5,63059.22,63302.78,-0.39,HOLD,50
2026-06-20T03:00:00+00:00,BTC,63476.79,56.7,63101.56,63281.34,0.22,HOLD,50
2026-06-20T04:00:00+00:00,BTC,63583.53,59.1,63150.54,63259.22,0.17,HOLD,50
2026-06-20T05:00:00+00:00,BTC,63678.07,60.7,63214.94,63247.12,0.15,HOLD,50
2026-06-20T06:00:00+00:00,BTC,63744.61,69.4,63275.51,63244.35,0.1,HOLD,50
2026-06-20T07:00:00+00:00,BTC,63655.21,62.3,63326.97,63237.57,-0.14,HOLD,50
2026-06-20T08:00:00+00:00,BTC,63417.97,57.7,63356.37,63224.26,-0.37,HOLD,50
2026-06-20T09:00:00+00:00,BTC,63741.16,66.1,63382.93,63208.88,0.51,HOLD,50
2026-06-20T10:00:00+00:00,BTC,63674.7,60.2,63406.49,63194.37,-0.1,HOLD,50
2026-06-20T11:00:00+00:00,BTC,63688.0,66.0,63430.18,63184.14,0.02,HOLD,50
2026-06-20T12:00:00+00:00,BTC,63655.09,59.9,63464.34,63175.67,-0.05,HOLD,50
2026-06-20T13:00:00+00:00,BTC,63397.78,45.8,63474.33,63164.14,-0.4,HOLD,50
2026-06-20T14:00:00+00:00,BTC,63949.9,59.2,63516.32,63155.58,0.87,HOLD,50
2026-06-20T15:00:00+00:00,BTC,64160.04,61.8,63573.24,63159.1,0.33,HOLD,50
2026-06-20T16:00:00+00:00,BTC,64034.31,65.0,63612.46,63163.45,-0.2,HOLD,50
2026-06-20T17:00:00+00:00,BTC,63834.7,57.5,63650.4,63192.76,-0.31,HOLD,50
2026-06-20T18:00:00+00:00,BTC,63805.89,54.8,63674.93,63215.11,-0.05,HOLD,50
2026-06-20T19:00:00+00:00,BTC,63936.0,55.5,63694.53,63241.71,0.2,HOLD,50
2026-06-20T20:00:00+00:00,BTC,63925.99,54.0,63714.33,63266.06,-0.02,HOLD,50
2026-06-20T21:00:00+00:00,BTC,64012.4,57.9,63735.64,63287.29,0.14,HOLD,50
2026-06-20T22:00:00+00:00,BTC,64272.01,68.6,63782.21,63311.01,0.41,HOLD,50
2026-06-20T23:00:00+00:00,BTC,64298.01,63.9,63823.27,63337.54,0.04,HOLD,50
2026-06-21T00:00:00+00:00,BTC,64294.0,66.0,63858.79,63365.71,-0.01,HOLD,50
2026-06-21T01:00:00+00:00,BTC,64248.0,64.2,63887.29,63391.51,-0.07,HOLD,50
2026-06-21T02:00:00+00:00,BTC,64241.25,65.1,63912.12,63415.93,-0.01,HOLD,50
2026-06-21T03:00:00+00:00,BTC,64426.0,77.5,63950.66,63444.01,0.29,HOLD,50
2026-06-21T04:00:00+00:00,BTC,64276.12,61.1,63993.57,63469.42,-0.23,HOLD,50
2026-06-21T05:00:00+00:00,BTC,64256.55,53.8,64019.34,63499.08,-0.03,HOLD,50
2026-06-21T06:00:00+00:00,BTC,64303.46,61.2,64050.78,63536.11,0.07,HOLD,50
2026-06-21T07:00:00+00:00,BTC,64191.07,66.0,64075.93,63565.14,-0.17,HOLD,50
2026-06-21T08:00:00+00:00,BTC,64014.0,58.3,64093.87,63587.54,-0.28,HOLD,50
2026-06-21T09:00:00+00:00,BTC,64209.16,60.3,64134.44,63619.12,0.3,HOLD,50
2026-06-21T10:00:00+00:00,BTC,64365.99,65.0,64155.25,63654.36,0.24,HOLD,50
2026-06-21T11:00:00+00:00,BTC,64176.0,55.2,64156.05,63690.08,-0.3,HOLD,50
2026-06-21T12:00:00+00:00,BTC,64200.0,47.3,64164.33,63723.42,0.04,HOLD,50
2026-06-21T13:00:00+00:00,BTC,64146.0,44.4,64179.9,63753.82,-0.08,HOLD,50
2026-06-21T14:00:00+00:00,BTC,64145.97,44.6,64196.9,63780.14,-0.0,HOLD,50
2026-06-21T15:00:00+00:00,BTC,64224.0,49.1,64211.3,63800.42,0.12,HOLD,50
2026-06-21T16:00:00+00:00,BTC,64145.31,46.7,64222.26,63819.25,-0.12,HOLD,50
2026-06-21T17:00:00+00:00,BTC,64151.46,39.3,64229.22,63838.0,0.01,HOLD,50
2026-06-21T18:00:00+00:00,BTC,64213.81,47.4,64226.31,63862.84,0.1,HOLD,50
2026-06-21T19:00:00+00:00,BTC,64207.12,47.9,64221.76,63883.02,-0.01,HOLD,50
2026-06-21T20:00:00+00:00,BTC,63848.0,34.8,64199.46,63897.78,-0.56,HOLD,50
2026-06-21T21:00:00+00:00,BTC,63808.01,36.6,64177.46,63913.51,-0.06,HOLD,50
2026-06-21T22:00:00+00:00,BTC,63801.59,41.6,64155.48,63924.54,-0.01,HOLD,50
2026-06-21T23:00:00+00:00,BTC,63311.99,21.1,64099.78,63929.26,-0.77,HOLD,50
2026-06-22T00:00:00+00:00,BTC,63896.01,38.1,64080.78,63940.88,0.92,HOLD,50
2026-06-22T01:00:00+00:00,BTC,64606.0,58.6,64098.25,63962.12,1.11,BULLISH,55
2026-06-22T02:00:00+00:00,BTC,64257.99,51.0,64095.97,63976.68,-0.54,HOLD,50
2026-06-22T03:00:00+00:00,BTC,63974.01,47.2,64085.12,63984.43,-0.44,HOLD,50
2026-06-22T04:00:00+00:00,BTC,64100.02,49.3,64089.42,63999.62,0.2,HOLD,50
2026-06-22T05:00:00+00:00,BTC,64247.74,50.4,64091.35,64015.04,0.23,HOLD,50
2026-06-22T06:00:00+00:00,BTC,63989.95,47.7,64072.55,64023.17,-0.4,HOLD,50
2026-06-22T07:00:00+00:00,BTC,64211.19,50.8,64074.31,64033.83,0.35,HOLD,50
2026-06-22T08:00:00+00:00,BTC,64165.99,49.3,64072.61,64042.26,-0.07,HOLD,50
2026-06-22T09:00:00+00:00,BTC,64145.39,49.2,64072.58,64052.06,-0.03,HOLD,50
2026-06-22T10:00:00+00:00,BTC,64139.21,54.4,64072.24,64066.49,-0.01,HOLD,50
2026-06-22T11:00:00+00:00,BTC,64657.22,61.3,64093.9,64084.81,0.81,HOLD,50
2026-06-22T12:00:00+00:00,BTC,65149.57,65.9,64144.11,64114.31,0.76,HOLD,50
2026-06-22T13:00:00+00:00,BTC,65578.0,77.0,64215.44,64152.11,0.66,HOLD,50
2026-06-22T14:00:00+00:00,BTC,64980.39,62.9,64253.77,64178.61,-0.91,HOLD,50
2026-06-22T15:00:00+00:00,BTC,64836.95,53.2,64285.26,64207.39,-0.22,HOLD,50
2026-06-22T16:00:00+00:00,BTC,64719.77,56.8,64328.85,64222.79,-0.18,HOLD,50
2026-06-22T17:00:00+00:00,BTC,64602.0,59.7,64368.55,64231.63,-0.18,HOLD,50
2026-06-22T18:00:00+00:00,BTC,64334.01,53.5,64395.17,64237.63,-0.41,HOLD,50
2026-06-22T19:00:00+00:00,BTC,64472.0,53.3,64453.17,64250.37,0.21,HOLD,50
2026-06-22T20:00:00+00:00,BTC,64433.8,57.0,64480.06,64262.93,-0.06,HOLD,50
2026-06-22T21:00:00+00:00,BTC,64320.57,51.8,64465.79,64270.62,-0.18,HOLD,50
2026-06-22T22:00:00+00:00,BTC,63971.12,47.1,64451.45,64271.52,-0.54,HOLD,50
2026-06-22T23:00:00+00:00,BTC,64020.01,48.1,64453.75,64271.68,0.08,HOLD,50
2026-06-23T00:00:00+00:00,BTC,64154.99,50.2,64456.49,64269.34,0.21,HOLD,50
2026-06-23T01:00:00+00:00,BTC,64156.0,41.6,64451.91,64266.5,0.0,HOLD,50
2026-06-23T02:00:00+00:00,BTC,64204.01,31.4,64462.61,64264.7,0.07,HOLD,50
2026-06-23T03:00:00+00:00,BTC,64065.35,16.5,64455.32,64261.04,-0.22,HOLD,50
2026-06-23T04:00:00+00:00,BTC,63623.02,17.7,64428.17,64248.68,-0.69,HOLD,50
2026-06-23T05:00:00+00:00,BTC,63400.0,17.0,64390.9,64228.16,-0.35,HOLD,50
2026-06-23T06:00:00+00:00,BTC,62936.01,14.7,64330.74,64201.36,-0.73,HOLD,50
2026-06-23T07:00:00+00:00,BTC,62886.03,15.1,64242.18,64173.95,-0.08,HOLD,50
2026-06-23T08:00:00+00:00,BTC,62385.99,13.8,64104.0,64135.6,-0.8,HOLD,50
2026-06-23T09:00:00+00:00,BTC,62386.0,9.1,63944.4,64099.49,0.0,HOLD,50
2026-06-23T10:00:00+00:00,BTC,62328.01,9.1,63811.78,64065.77,-0.09,HOLD,50
2026-06-23T11:00:00+00:00,BTC,62507.06,15.6,63695.29,64031.73,0.29,HOLD,50
2026-06-23T12:00:00+00:00,BTC,62256.6,16.2,63572.13,63989.54,-0.4,HOLD,50
2026-06-23T13:00:00+00:00,BTC,62475.99,21.5,63465.83,63955.54,0.35,BULLISH,70
2026-06-23T14:00:00+00:00,BTC,62493.63,17.9,63373.81,63921.42,0.03,HOLD,50
2026-06-23T15:00:00+00:00,BTC,62487.79,17.9,63274.6,63888.25,-0.01,HOLD,50
2026-06-23T16:00:00+00:00,BTC,62558.0,18.6,63180.81,63856.49,0.11,HOLD,50
2026-06-23T17:00:00+00:00,BTC,62358.02,18.1,63082.68,63819.17,-0.32,HOLD,50
2026-06-23T18:00:00+00:00,BTC,62241.99,20.7,62996.22,63781.11,-0.19,HOLD,50
2026-06-23T19:00:00+00:00,BTC,62388.49,27.8,62914.65,63745.85,0.24,HOLD,50
2026-06-23T20:00:00+00:00,BTC,62470.7,37.7,62830.43,63710.99,0.13,HOLD,50
2026-06-23T21:00:00+00:00,BTC,62599.77,42.8,62752.62,63678.84,0.21,HOLD,50
2026-06-23T22:00:00+00:00,BTC,62590.0,56.9,62671.92,63653.68,-0.02,HOLD,50
2026-06-23T23:00:00+00:00,BTC,62734.57,60.7,62605.38,63632.21,0.23,HOLD,50
2026-06-24T00:00:00+00:00,BTC,63014.0,68.5,62574.93,63616.46,0.45,HOLD,50
2026-06-24T01:00:00+00:00,BTC,62932.19,62.1,62551.54,63608.86,-0.13,HOLD,50
2026-06-24T02:00:00+00:00,BTC,62630.0,60.3,62536.24,63583.54,-0.48,HOLD,50
2026-06-24T03:00:00+00:00,BTC,62729.78,57.5,62528.43,63546.02,0.16,HOLD,50
2026-06-24T04:00:00+00:00,BTC,62744.42,57.5,62546.35,63515.75,0.02,HOLD,50
2026-06-24T05:00:00+00:00,BTC,62890.0,61.0,62571.55,63494.07,0.23,HOLD,50
2026-06-24T06:00:00+00:00,BTC,62780.0,56.0,62594.15,63467.67,-0.17,HOLD,50
2026-06-24T07:00:00+00:00,BTC,62657.99,58.4,62601.7,63435.87,-0.19,HOLD,50
2026-06-24T08:00:00+00:00,BTC,62800.0,65.4,62628.87,63412.07,0.23,HOLD,50
2026-06-24T09:00:00+00:00,BTC,62681.7,58.2,62639.15,63381.48,-0.19,HOLD,50
2026-06-24T10:00:00+00:00,BTC,62445.99,49.4,62636.77,63347.08,-0.38,HOLD,50
2026-06-24T11:00:00+00:00,BTC,62921.19,57.0,62658.44,63322.6,0.76,HOLD,50
2026-06-24T12:00:00+00:00,BTC,62618.31,50.5,62661.46,63292.18,-0.48,HOLD,50
2026-06-24T13:00:00+00:00,BTC,61338.01,31.2,62610.46,63225.8,-2.04,BEARISH,75
2026-06-24T14:00:00+00:00,BTC,61113.1,24.0,62554.01,63145.07,-0.37,HOLD,50
2026-06-24T15:00:00+00:00,BTC,60250.0,19.8,62447.09,63038.51,-1.41,BEARISH,55
2026-06-24T16:00:00+00:00,BTC,59850.0,19.3,62316.05,62935.9,-0.66,HOLD,50
2026-06-24T17:00:00+00:00,BTC,59404.0,15.9,62156.26,62827.24,-0.75,HOLD,50
2026-06-24T18:00:00+00:00,BTC,59599.99,18.9,62006.76,62724.84,0.33,BULLISH,70
2026-06-24T19:00:00+00:00,BTC,59958.3,22.2,61867.95,62631.97,0.6,BULLISH,85
2026-06-24T20:00:00+00:00,BTC,60956.0,35.2,61765.05,62564.41,1.66,BULLISH,55
2026-06-24T21:00:00+00:00,BTC,61110.0,37.5,61673.94,62497.17,0.25,HOLD,50
2026-06-24T22:00:00+00:00,BTC,60873.99,34.7,61586.14,62425.97,-0.39,HOLD,50
2026-06-24T23:00:00+00:00,BTC,61077.99,37.4,61503.55,62361.12,0.34,HOLD,50
2026-06-25T00:00:00+00:00,BTC,60832.0,37.4,61407.93,62298.34,-0.4,HOLD,50
2026-06-25T01:00:00+00:00,BTC,60928.0,33.4,61309.83,62236.5,0.16,HOLD,50
2026-06-25T02:00:00+00:00,BTC,60799.08,34.4,61210.78,62169.38,-0.21,HOLD,50
2026-06-25T03:00:00+00:00,BTC,60883.65,45.1,61122.07,62103.93,0.14,HOLD,50
2026-06-25T04:00:00+00:00,BTC,61357.63,52.5,61049.95,62047.01,0.78,HOLD,50
2026-06-25T05:00:00+00:00,BTC,61600.01,65.8,60995.86,61997.7,0.4,HOLD,50
2026-06-25T06:00:00+00:00,BTC,61732.06,73.5,60960.17,61959.88,0.21,HOLD,50
2026-06-25T07:00:00+00:00,BTC,61911.04,83.6,60909.66,61930.1,0.29,HOLD,50
2026-06-25T08:00:00+00:00,BTC,61712.35,78.3,60864.36,61905.63,-0.32,BEARISH,70
2026-06-25T09:00:00+00:00,BTC,61739.29,76.2,60884.42,61882.69,0.04,HOLD,50
2026-06-25T10:00:00+00:00,BTC,61269.94,55.5,60892.27,61860.37,-0.76,HOLD,50
2026-06-25T11:00:00+00:00,BTC,61282.01,53.2,60943.87,61838.29,0.02,HOLD,50
2026-06-25T12:00:00+00:00,BTC,61244.01,57.3,61013.57,61816.61,-0.06,HOLD,50
2026-06-25T13:00:00+00:00,BTC,58290.17,23.6,60957.88,61732.27,-4.82,BEARISH,75
2026-06-25T14:00:00+00:00,BTC,59471.5,39.1,60951.45,61676.57,2.03,BULLISH,55
2026-06-25T15:00:00+00:00,BTC,59557.99,39.0,60931.44,61618.21,0.15,HOLD,50
2026-06-25T16:00:00+00:00,BTC,59312.64,38.2,60849.27,61554.59,-0.41,HOLD,50
2026-06-25T17:00:00+00:00,BTC,59676.01,40.9,60777.57,61498.36,0.61,HOLD,50
2026-06-25T18:00:00+00:00,BTC,59512.71,35.3,60709.5,61437.45,-0.27,HOLD,50
2026-06-25T19:00:00+00:00,BTC,59320.0,31.7,60621.6,61376.69,-0.32,HOLD,50
2026-06-25T20:00:00+00:00,BTC,59456.62,31.8,60552.84,61320.98,0.23,HOLD,50
2026-06-25T21:00:00+00:00,BTC,60211.87,37.5,60517.03,61277.45,1.27,BULLISH,55
2026-06-25T22:00:00+00:00,BTC,59851.27,36.7,60469.64,61225.06,-0.6,HOLD,50
2026-06-25T23:00:00+00:00,BTC,59794.0,36.1,60415.16,61168.95,-0.1,HOLD,50
2026-06-26T00:00:00+00:00,BTC,59667.09,38.0,60330.63,61110.49,-0.21,HOLD,50
2026-06-26T01:00:00+00:00,BTC,59431.5,36.6,60222.2,61044.43,-0.39,HOLD,50
2026-06-26T02:00:00+00:00,BTC,58561.99,32.6,60063.7,60955.39,-1.46,BEARISH,55
2026-06-26T03:00:00+00:00,BTC,60036.01,64.0,59969.95,60897.46,2.52,BULLISH,55
2026-06-26T04:00:00+00:00,BTC,59920.47,54.3,59880.35,60843.27,-0.19,HOLD,50
2026-06-26T05:00:00+00:00,BTC,59953.3,53.9,59791.05,60787.74,0.05,HOLD,50
2026-06-26T06:00:00+00:00,BTC,60324.0,59.6,59743.76,60739.34,0.62,HOLD,50
2026-06-26T07:00:00+00:00,BTC,60532.0,58.4,59706.26,60692.18,0.34,HOLD,50
2026-06-26T08:00:00+00:00,BTC,60245.67,57.0,59656.34,60641.49,-0.47,HOLD,50
2026-06-26T09:00:00+00:00,BTC,59736.01,53.8,59728.63,60583.05,-0.85,HOLD,50
2026-06-26T10:00:00+00:00,BTC,59313.26,48.8,59720.72,60513.31,-0.71,HOLD,50
2026-06-26T11:00:00+00:00,BTC,59413.24,42.3,59713.48,60447.95,0.17,HOLD,50
2026-06-26T12:00:00+00:00,BTC,59185.02,43.4,59707.1,60382.73,-0.38,HOLD,50
2026-06-26T13:00:00+00:00,BTC,60175.43,53.2,59732.07,60327.81,1.67,BULLISH,55
2026-06-26T14:00:00+00:00,BTC,59590.73,49.4,59735.97,60267.26,-0.97,HOLD,50
2026-06-26T15:00:00+00:00,BTC,60328.32,56.5,59786.39,60247.07,1.24,BULLISH,55
2026-06-26T16:00:00+00:00,BTC,60041.75,61.7,59815.65,60225.64,-0.48,HOLD,50
2026-06-26T17:00:00+00:00,BTC,60023.97,49.9,59806.25,60221.12,-0.03,HOLD,50
2026-06-26T18:00:00+00:00,BTC,59668.01,47.5,59797.09,60217.48,-0.59,HOLD,50
2026-06-26T19:00:00+00:00,BTC,59751.97,48.1,59794.99,60224.44,0.14,HOLD,50
2026-06-26T20:00:00+00:00,BTC,59718.0,43.7,59797.53,60226.8,-0.06,HOLD,50
2026-06-26T21:00:00+00:00,BTC,59918.7,43.7,59821.89,60226.01,0.34,HOLD,50
2026-06-26T22:00:00+00:00,BTC,60048.0,47.9,59896.19,60207.85,0.22,HOLD,50
2026-06-26T23:00:00+00:00,BTC,60097.27,54.3,59899.26,60187.59,0.08,HOLD,50
2026-06-27T00:00:00+00:00,BTC,60059.07,59.7,59906.19,60171.29,-0.06,HOLD,50
2026-06-27T01:00:00+00:00,BTC,59945.53,56.9,59905.8,60148.64,-0.19,HOLD,50
2026-06-27T02:00:00+00:00,BTC,60290.01,63.9,59904.1,60137.8,0.57,HOLD,50
2026-06-27T03:00:00+00:00,BTC,60305.73,52.2,59892.78,60125.36,0.03,HOLD,50
2026-06-27T04:00:00+00:00,BTC,60239.99,63.1,59892.5,60114.18,-0.11,HOLD,50
2026-06-27T05:00:00+00:00,BTC,60236.76,47.4,59917.54,60101.24,-0.01,HOLD,50
2026-06-27T06:00:00+00:00,BTC,60370.62,60.4,59970.41,60081.5,0.22,HOLD,50
2026-06-27T07:00:00+00:00,BTC,60548.07,65.0,60027.15,60060.46,0.29,HOLD,50
2026-06-27T08:00:00+00:00,BTC,60456.0,76.6,60090.7,60034.94,-0.15,HOLD,50
2026-06-27T09:00:00+00:00,BTC,60414.62,73.0,60102.66,60005.01,-0.07,HOLD,50
2026-06-27T10:00:00+00:00,BTC,60420.28,74.9,60144.13,59979.17,0.01,HOLD,50
2026-06-27T11:00:00+00:00,BTC,60363.65,67.6,60145.9,59951.66,-0.09,HOLD,50
2026-06-27T12:00:00+00:00,BTC,60430.0,65.9,60165.31,59934.86,0.11,HOLD,50
2026-06-27T13:00:00+00:00,BTC,60588.35,68.7,60193.53,59920.98,0.26,HOLD,50
2026-06-27T14:00:00+00:00,BTC,60611.5,71.3,60240.71,59908.33,0.04,HOLD,50
2026-06-27T15:00:00+00:00,BTC,60840.06,81.7,60295.11,59959.33,0.38,HOLD,50
2026-06-27T16:00:00+00:00,BTC,60807.99,73.5,60349.61,59986.06,-0.05,HOLD,50
2026-06-27T17:00:00+00:00,BTC,60524.88,58.0,60379.92,60005.4,-0.47,HOLD,50
2026-06-27T18:00:00+00:00,BTC,60570.86,62.3,60406.06,60030.56,0.08,HOLD,50
2026-06-27T19:00:00+00:00,BTC,60175.95,48.3,60410.0,60040.56,-0.65,HOLD,50
2026-06-27T20:00:00+00:00,BTC,60300.0,48.0,60422.04,60056.31,0.21,HOLD,50
2026-06-27T21:00:00+00:00,BTC,60203.82,39.6,60434.96,60073.98,-0.16,HOLD,50
2026-06-27T22:00:00+00:00,BTC,60228.95,42.8,60431.9,60089.43,0.04,HOLD,50
2026-06-27T23:00:00+00:00,BTC,60029.0,38.9,60418.07,60085.77,-0.33,HOLD,50
2026-06-28T00:00:00+00:00,BTC,60146.0,42.6,60413.37,60091.67,0.19,HOLD,50
2026-06-28T01:00:00+00:00,BTC,60222.22,46.2,60412.64,60100.23,0.13,HOLD,50
2026-06-28T02:00:00+00:00,BTC,60150.45,42.6,60401.63,60109.9,-0.12,HOLD,50
2026-06-28T03:00:00+00:00,BTC,60197.04,38.9,60384.08,60125.21,0.08,HOLD,50
2026-06-28T04:00:00+00:00,BTC,60133.0,36.7,60367.93,60156.63,-0.11,HOLD,50
2026-06-28T05:00:00+00:00,BTC,59989.17,25.3,60346.66,60155.69,-0.24,HOLD,50
2026-06-28T06:00:00+00:00,BTC,60002.82,26.4,60325.79,60157.34,0.02,HOLD,50
2026-06-28T07:00:00+00:00,BTC,60219.99,40.7,60318.6,60162.67,0.36,HOLD,50
2026-06-28T08:00:00+00:00,BTC,60370.0,44.2,60315.6,60163.59,0.25,HOLD,50
2026-06-28T09:00:00+00:00,BTC,60258.84,52.8,60299.13,60158.13,-0.18,HOLD,50
2026-06-28T10:00:00+00:00,BTC,60166.71,45.3,60276.89,60156.55,-0.15,HOLD,50
2026-06-28T11:00:00+00:00,BTC,60342.0,54.6,60251.98,60168.67,0.29,HOLD,50
2026-06-28T12:00:00+00:00,BTC,60293.51,52.1,60226.26,60188.28,-0.08,HOLD,50
2026-06-28T13:00:00+00:00,BTC,60071.88,51.4,60203.61,60201.45,-0.37,HOLD,50
2026-06-28T14:00:00+00:00,BTC,60033.0,46.2,60176.72,60218.41,-0.06,HOLD,50
2026-06-28T15:00:00+00:00,BTC,59890.0,39.2,60162.42,60212.7,-0.24,HOLD,50
2026-06-28T16:00:00+00:00,BTC,59690.62,36.2,60131.95,60214.7,-0.33,HOLD,50
2026-06-28T17:00:00+00:00,BTC,59586.01,32.3,60101.06,60199.85,-0.18,HOLD,50
2026-06-28T18:00:00+00:00,BTC,59614.46,34.6,60070.34,60191.31,0.05,HOLD,50
2026-06-28T19:00:00+00:00,BTC,59481.79,34.9,60042.98,60180.46,-0.22,HOLD,50
2026-06-28T20:00:00+00:00,BTC,59660.0,40.7,60018.68,60180.3,0.3,HOLD,50
2026-06-28T21:00:00+00:00,BTC,59445.95,28.9,59979.86,60174.18,-0.36,HOLD,50
2026-06-28T22:00:00+00:00,BTC,59067.01,18.5,59925.69,60161.16,-0.64,HOLD,50
2026-06-28T23:00:00+00:00,BTC,59577.01,36.2,59894.69,60154.33,0.86,HOLD,50
2026-06-29T00:00:00+00:00,BTC,59667.01,39.9,59871.39,60146.71,0.15,HOLD,50
2026-06-29T01:00:00+00:00,BTC,59440.95,32.1,59843.98,60133.58,-0.38,HOLD,50
2026-06-29T02:00:00+00:00,BTC,59757.46,40.4,59831.71,60127.55,0.53,HOLD,50
2026-06-29T03:00:00+00:00,BTC,60049.46,49.6,59823.18,60129.63,0.49,HOLD,50
2026-06-29T04:00:00+00:00,BTC,59830.0,46.7,59796.18,60120.43,-0.37,HOLD,50
2026-06-29T05:00:00+00:00,BTC,60102.8,53.4,59788.38,60116.37,0.46,HOLD,50
2026-06-29T06:00:00+00:00,BTC,60075.49,56.4,59783.82,60113.08,-0.05,HOLD,50
2026-06-29T07:00:00+00:00,BTC,60026.0,57.5,59768.02,60108.86,-0.08,HOLD,50
2026-06-29T08:00:00+00:00,BTC,59840.0,53.6,59745.34,60098.25,-0.31,HOLD,50
2026-06-29T09:00:00+00:00,BTC,60057.0,59.1,59744.6,60088.43,0.36,HOLD,50
2026-06-29T10:00:00+00:00,BTC,60088.0,57.1,59747.35,60081.07,0.05,HOLD,50
2026-06-29T11:00:00+00:00,BTC,59956.05,58.7,59750.65,60071.9,-0.22,HOLD,50
2026-06-29T12:00:00+00:00,BTC,59948.78,67.1,59763.56,60062.47,-0.01,HOLD,50
2026-06-29T13:00:00+00:00,BTC,59580.0,50.1,59763.26,60046.8,-0.62,HOLD,50
2026-06-29T14:00:00+00:00,BTC,59469.67,46.0,59756.02,60027.59,-0.19,HOLD,50
2026-06-29T15:00:00+00:00,BTC,59824.01,57.4,59773.13,60012.3,0.6,HOLD,50
2026-06-29T16:00:00+00:00,BTC,59892.86,52.9,59784.78,59997.93,0.12,HOLD,50
2026-06-29T17:00:00+00:00,BTC,60413.99,57.1,59833.18,59989.41,0.87,HOLD,50
2026-06-29T18:00:00+00:00,BTC,60295.0,59.4,59894.58,59979.15,-0.2,HOLD,50
2026-06-29T19:00:00+00:00,BTC,60433.49,57.1,59937.4,59977.32,0.23,HOLD,50
2026-06-29T20:00:00+00:00,BTC,60296.0,54.5,59968.85,59971.82,-0.23,HOLD,50
2026-06-29T21:00:00+00:00,BTC,60479.72,58.8,60020.79,59977.9,0.3,HOLD,50
2026-06-29T22:00:00+00:00,BTC,60352.31,60.2,60050.53,59978.95,-0.21,HOLD,50
2026-06-29T23:00:00+00:00,BTC,60260.21,54.2,60061.07,59980.07,-0.15,HOLD,50
2026-06-30T00:00:00+00:00,BTC,59838.01,45.5,60061.47,59972.25,-0.7,HOLD,50
2026-06-30T01:00:00+00:00,BTC,59939.94,49.7,60053.33,59970.47,0.17,HOLD,50
2026-06-30T02:00:00+00:00,BTC,59948.24,50.0,60046.96,59966.52,0.01,HOLD,50
2026-06-30T03:00:00+00:00,BTC,59627.48,50.9,60027.04,59954.62,-0.54,HOLD,50
2026-06-30T04:00:00+00:00,BTC,59492.01,50.4,60009.64,59941.46,-0.23,HOLD,50
2026-06-30T05:00:00+00:00,BTC,59652.13,46.6,59989.39,59930.56,0.27,HOLD,50
2026-06-30T06:00:00+00:00,BTC,59592.0,44.1,59964.59,59919.74,-0.1,HOLD,50
2026-06-30T07:00:00+00:00,BTC,59524.01,28.6,59942.99,59910.43,-0.11,HOLD,50
2026-06-30T08:00:00+00:00,BTC,59311.92,27.3,59911.15,59896.62,-0.36,HOLD,50
2026-06-30T09:00:00+00:00,BTC,59374.96,24.7,59900.9,59879.71,0.11,HOLD,50
2026-06-30T10:00:00+00:00,BTC,59334.01,25.9,59894.12,59859.0,-0.07,HOLD,50
2026-06-30T11:00:00+00:00,BTC,59192.7,17.1,59862.55,59837.67,-0.24,HOLD,50
2026-06-30T12:00:00+00:00,BTC,58412.0,12.8,59788.51,59802.58,-1.32,BEARISH,55
2026-06-30T13:00:00+00:00,BTC,58737.18,23.2,59704.67,59770.48,0.56,BULLISH,85
2026-06-30T14:00:00+00:00,BTC,58482.81,24.6,59614.06,59734.27,-0.43,HOLD,50
2026-06-30T15:00:00+00:00,BTC,58381.99,20.8,59511.48,59700.47,-0.17,HOLD,50
2026-06-30T16:00:00+00:00,BTC,58497.65,23.9,59421.56,59669.76,0.2,HOLD,50
2026-06-30T17:00:00+00:00,BTC,58417.99,26.2,59318.48,59640.32,-0.14,HOLD,50
2026-06-30T18:00:00+00:00,BTC,58680.87,34.8,59234.91,59620.13,0.45,BULLISH,70
2026-06-30T19:00:00+00:00,BTC,58818.05,34.2,59162.8,59604.77,0.23,HOLD,50
2026-06-30T20:00:00+00:00,BTC,58732.01,33.9,59107.5,59587.12,-0.15,HOLD,50
2026-06-30T21:00:00+00:00,BTC,58639.99,33.6,59042.5,59570.28,-0.16,HOLD,50
2026-06-30T22:00:00+00:00,BTC,58607.99,36.0,58975.49,59549.24,-0.05,HOLD,50
2026-06-30T23:00:00+00:00,BTC,58624.71,34.8,58925.35,59532.82,0.03,HOLD,50
2026-07-01T00:00:00+00:00,BTC,58576.0,34.7,58879.55,59523.0,-0.08,HOLD,50
2026-07-01T01:00:00+00:00,BTC,58770.57,41.6,58835.47,59506.87,0.33,HOLD,50
2026-07-01T02:00:00+00:00,BTC,59085.0,66.3,58810.12,59495.23,0.54,HOLD,50
2026-07-01T03:00:00+00:00,BTC,59197.13,62.4,58793.78,59490.35,0.19,HOLD,50
2026-07-01T04:00:00+00:00,BTC,59339.99,74.7,58795.18,59482.0,0.24,HOLD,50
2026-07-01T05:00:00+00:00,BTC,59154.33,71.2,58784.15,59464.1,-0.31,BEARISH,70
2026-07-01T06:00:00+00:00,BTC,58755.8,56.1,58755.24,59442.62,-0.67,HOLD,50
2026-07-01T07:00:00+00:00,BTC,58768.65,58.6,58734.04,59415.93,0.02,HOLD,50
2026-07-01T08:00:00+00:00,BTC,58973.99,57.4,58762.13,59393.9,0.35,HOLD,50
2026-07-01T09:00:00+00:00,BTC,58944.55,53.4,58772.5,59372.27,-0.05,HOLD,50
2026-07-01T10:00:00+00:00,BTC,58659.98,48.3,58781.36,59348.67,-0.48,HOLD,50
2026-07-01T11:00:00+00:00,BTC,58622.03,49.6,58793.36,59319.98,-0.06,HOLD,50
2026-07-01T12:00:00+00:00,BTC,58538.01,48.3,58795.38,59288.98,-0.14,HOLD,50
2026-07-01T13:00:00+00:00,BTC,59498.03,64.5,58849.38,59279.81,1.64,BULLISH,55
2026-07-01T14:00:00+00:00,BTC,59542.0,66.1,58892.44,59271.68,0.07,HOLD,50
2026-07-01T15:00:00+00:00,BTC,60147.15,70.1,58958.9,59283.02,1.02,BULLISH,55
2026-07-01T16:00:00+00:00,BTC,59920.0,62.5,59018.29,59292.03,-0.38,HOLD,50
2026-07-01T17:00:00+00:00,BTC,60190.6,64.2,59095.83,59299.36,0.45,HOLD,50
2026-07-01T18:00:00+00:00,BTC,60171.16,62.4,59173.98,59304.93,-0.03,HOLD,50
2026-07-01T19:00:00+00:00,BTC,60028.67,63.2,59244.18,59297.22,-0.24,HOLD,50
2026-07-01T20:00:00+00:00,BTC,60126.0,72.7,59321.68,59293.84,0.16,HOLD,50
2026-07-01T21:00:00+00:00,BTC,60815.99,77.7,59423.95,59301.49,1.15,BULLISH,55
2026-07-01T22:00:00+00:00,BTC,60478.01,69.6,59493.6,59305.13,-0.56,BEARISH,70
2026-07-01T23:00:00+00:00,BTC,60024.0,62.7,59534.95,59296.02,-0.75,HOLD,50
2026-07-02T00:00:00+00:00,BTC,59761.73,63.0,59556.03,59284.2,-0.44,HOLD,50
2026-07-02T01:00:00+00:00,BTC,60175.92,66.9,59607.11,59282.52,0.69,HOLD,50
2026-07-02T02:00:00+00:00,BTC,60423.1,69.8,59690.48,59294.22,0.41,HOLD,50
2026-07-02T03:00:00+00:00,BTC,61058.0,67.5,59804.95,59316.58,1.05,BULLISH,55
2026-07-02T04:00:00+00:00,BTC,60787.98,63.3,59895.65,59333.38,-0.44,HOLD,50
2026-07-02T05:00:00+00:00,BTC,60504.54,54.1,59973.65,59350.92,-0.47,HOLD,50
2026-07-02T06:00:00+00:00,BTC,60274.01,54.1,60054.35,59366.56,-0.38,HOLD,50
2026-07-02T07:00:00+00:00,BTC,60149.99,49.5,60130.74,59376.51,-0.21,HOLD,50
2026-07-02T08:00:00+00:00,BTC,60511.99,53.7,60229.44,59394.91,0.6,HOLD,50
2026-07-02T09:00:00+00:00,BTC,61184.0,61.4,60313.74,59428.11,1.11,BULLISH,55
2026-07-02T10:00:00+00:00,BTC,61263.68,61.2,60399.83,59467.15,0.13,HOLD,50
2026-07-02T11:00:00+00:00,BTC,61358.01,56.1,60460.37,59506.81,0.15,HOLD,50
2026-07-02T12:00:00+00:00,BTC,61542.53,62.3,60541.5,59550.98,0.3,HOLD,50
2026-07-02T13:00:00+00:00,BTC,61939.04,72.5,60628.92,59605.91,0.64,HOLD,50
2026-07-02T14:00:00+00:00,BTC,61696.61,72.8,60705.19,59671.6,-0.39,BEARISH,70
2026-07-02T15:00:00+00:00,BTC,61612.93,68.4,60784.4,59729.12,-0.14,HOLD,50
2026-07-02T16:00:00+00:00,BTC,61682.34,66.9,60862.22,59793.11,0.11,HOLD,50
2026-07-02T17:00:00+00:00,BTC,61667.39,59.8,60904.79,59858.81,-0.02,HOLD,50
2026-07-02T18:00:00+00:00,BTC,61761.36,66.6,60968.96,59924.09,0.15,HOLD,50
2026-07-02T19:00:00+00:00,BTC,61479.6,66.6,61041.74,59985.32,-0.46,BEARISH,70
2026-07-02T20:00:00+00:00,BTC,61584.78,73.4,61132.89,60043.4,0.17,HOLD,50
2026-07-02T21:00:00+00:00,BTC,61592.26,76.8,61203.71,60098.88,0.01,HOLD,50
2026-07-02T22:00:00+00:00,BTC,61465.26,69.4,61255.82,60153.55,-0.21,HOLD,50
2026-07-02T23:00:00+00:00,BTC,61560.0,60.0,61280.92,60211.95,0.15,HOLD,50
2026-07-03T00:00:00+00:00,BTC,61308.75,51.1,61306.95,60265.96,-0.41,HOLD,50
2026-07-03T01:00:00+00:00,BTC,61588.0,55.2,61361.13,60325.23,0.46,HOLD,50
2026-07-03T02:00:00+00:00,BTC,61440.01,47.7,61419.43,60382.51,-0.24,HOLD,50
2026-07-03T03:00:00+00:00,BTC,61434.0,36.0,61483.63,60435.78,-0.01,HOLD,50
2026-07-03T04:00:00+00:00,BTC,61448.0,42.1,61530.43,60483.04,0.02,HOLD,50
2026-07-03T05:00:00+00:00,BTC,61700.49,52.5,61556.25,60533.1,0.41,HOLD,50
2026-07-03T06:00:00+00:00,BTC,61710.01,50.8,61578.57,60580.51,0.02,HOLD,50
2026-07-03T07:00:00+00:00,BTC,61750.47,52.4,61598.19,60632.43,0.07,HOLD,50
2026-07-03T08:00:00+00:00,BTC,61584.0,45.0,61600.26,60688.99,-0.27,HOLD,50
2026-07-03T09:00:00+00:00,BTC,61718.68,57.3,61589.25,60747.99,0.22,HOLD,50
2026-07-03T10:00:00+00:00,BTC,61916.46,59.6,61600.24,60806.84,0.32,HOLD,50
2026-07-03T11:00:00+00:00,BTC,62024.02,61.8,61620.79,60868.43,0.17,HOLD,50
2026-07-03T12:00:00+00:00,BTC,61983.99,64.9,61635.88,60934.91,-0.06,HOLD,50
2026-07-03T13:00:00+00:00,BTC,62116.01,65.6,61658.31,61004.79,0.21,HOLD,50
2026-07-03T14:00:00+00:00,BTC,62167.48,77.2,61678.61,61077.38,0.08,HOLD,50
2026-07-03T15:00:00+00:00,BTC,61922.72,60.8,61700.77,61125.87,-0.39,HOLD,50
2026-07-03T16:00:00+00:00,BTC,62104.81,71.0,61726.77,61177.13,0.29,HOLD,50
2026-07-03T17:00:00+00:00,BTC,62194.0,72.9,61756.86,61218.07,0.14,HOLD,50
2026-07-03T18:00:00+00:00,BTC,62204.01,72.8,61793.8,61263.75,0.02,HOLD,50
2026-07-03T19:00:00+00:00,BTC,62210.0,68.0,61826.3,61304.14,0.01,HOLD,50
2026-07-03T20:00:00+00:00,BTC,62776.92,77.1,61899.7,61356.25,0.91,HOLD,50
2026-07-03T21:00:00+00:00,BTC,62732.0,74.9,61956.9,61410.32,-0.07,HOLD,50
2026-07-03T22:00:00+00:00,BTC,62578.0,75.3,62013.8,61459.36,-0.25,HOLD,50
2026-07-03T23:00:00+00:00,BTC,62583.26,73.6,62071.27,61494.7,0.01,HOLD,50
2026-07-04T00:00:00+00:00,BTC,62756.29,73.2,62136.68,61540.27,0.28,HOLD,50
2026-07-04T01:00:00+00:00,BTC,62468.44,61.2,62175.08,61589.16,-0.46,HOLD,50
2026-07-04T02:00:00+00:00,BTC,62538.96,63.8,62216.53,61644.7,0.11,HOLD,50
2026-07-04T03:00:00+00:00,BTC,62627.29,62.9,62260.37,61693.73,0.14,HOLD,50
2026-07-04T04:00:00+00:00,BTC,62700.0,63.3,62316.17,61739.27,0.12,HOLD,50
2026-07-04T05:00:00+00:00,BTC,62471.52,63.9,62353.81,61767.54,-0.36,HOLD,50
2026-07-04T06:00:00+00:00,BTC,62500.01,60.8,62382.99,61801.78,0.05,HOLD,50
2026-07-04T07:00:00+00:00,BTC,62576.0,60.5,62410.59,61843.21,0.12,HOLD,50
2026-07-04T08:00:00+00:00,BTC,62553.78,59.6,62439.07,61888.8,-0.04,HOLD,50
2026-07-04T09:00:00+00:00,BTC,62494.0,57.6,62457.97,61935.68,-0.1,HOLD,50
2026-07-04T10:00:00+00:00,BTC,62513.0,40.1,62475.25,61975.7,0.03,HOLD,50
2026-07-04T11:00:00+00:00,BTC,62482.01,40.5,62503.22,62001.66,-0.05,HOLD,50
2026-07-04T12:00:00+00:00,BTC,62664.01,53.2,62531.18,62029.67,0.29,HOLD,50
2026-07-04T13:00:00+00:00,BTC,62588.84,50.2,62550.92,62054.29,-0.12,HOLD,50
2026-07-04T14:00:00+00:00,BTC,62693.99,47.7,62575.42,62077.32,0.17,HOLD,50
2026-07-04T15:00:00+00:00,BTC,62943.29,68.1,62612.08,62097.4,0.4,HOLD,50
2026-07-04T16:00:00+00:00,BTC,62927.29,65.5,62619.6,62122.01,-0.03,HOLD,50
2026-07-04T17:00:00+00:00,BTC,63280.38,71.5,62647.02,62155.36,0.56,HOLD,50
2026-07-04T18:00:00+00:00,BTC,63172.78,65.2,62676.76,62185.17,-0.17,HOLD,50
2026-07-04T19:00:00+00:00,BTC,63294.72,78.5,62712.33,62217.72,0.19,HOLD,50
2026-07-04T20:00:00+00:00,BTC,63233.78,74.8,62736.2,62247.17,-0.1,HOLD,50
2026-07-04T21:00:00+00:00,BTC,63297.84,74.6,62777.67,62283.53,0.1,HOLD,50
2026-07-04T22:00:00+00:00,BTC,63184.99,70.3,62809.98,62315.54,-0.18,HOLD,50
2026-07-04T23:00:00+00:00,BTC,63144.01,71.1,62835.81,62346.57,-0.06,HOLD,50
2026-07-05T00:00:00+00:00,BTC,62991.29,64.3,62850.38,62377.09,-0.24,HOLD,50
2026-07-05T01:00:00+00:00,BTC,62887.94,61.6,62871.2,62403.65,-0.16,HOLD,50
2026-07-05T02:00:00+00:00,BTC,62693.56,50.8,62880.88,62431.35,-0.31,HOLD,50
2026-07-05T03:00:00+00:00,BTC,62769.04,55.1,62890.53,62454.97,0.12,HOLD,50
2026-07-05T04:00:00+00:00,BTC,62815.99,53.6,62903.64,62482.49,0.07,HOLD,50
2026-07-05T05:00:00+00:00,BTC,62740.5,43.4,62915.96,62508.62,-0.12,HOLD,50
2026-07-05T06:00:00+00:00,BTC,62782.18,45.3,62929.42,62535.3,0.07,HOLD,50
2026-07-05T07:00:00+00:00,BTC,63020.21,40.9,62956.33,62561.7,0.38,HOLD,50
2026-07-05T08:00:00+00:00,BTC,62915.0,41.0,62968.88,62585.8,-0.17,HOLD,50
2026-07-05T09:00:00+00:00,BTC,62622.18,29.0,62970.55,62603.23,-0.47,HOLD,50
2026-07-05T10:00:00+00:00,BTC,62756.12,35.8,62973.65,62626.67,0.21,HOLD,50
2026-07-05T11:00:00+00:00,BTC,62658.92,31.3,62959.44,62645.48,-0.15,HOLD,50
2026-07-05T12:00:00+00:00,BTC,62745.01,36.9,62950.32,62662.05,0.14,HOLD,50
2026-07-05T13:00:00+00:00,BTC,62792.0,39.6,62925.9,62677.41,0.07,HOLD,50
2026-07-05T14:00:00+00:00,BTC,62812.25,44.3,62907.88,62693.97,0.03,HOLD,50
2026-07-05T15:00:00+00:00,BTC,62740.01,45.2,62880.14,62706.45,-0.12,HOLD,50
2026-07-05T16:00:00+00:00,BTC,62637.48,48.0,62850.33,62715.85,-0.16,HOLD,50
2026-07-05T17:00:00+00:00,BTC,62624.93,44.7,62816.68,62729.9,-0.02,HOLD,50
2026-07-05T18:00:00+00:00,BTC,62820.33,50.1,62798.45,62744.21,0.31,HOLD,50
2026-07-05T19:00:00+00:00,BTC,62768.88,50.9,62779.69,62755.7,-0.08,HOLD,50
2026-07-05T20:00:00+00:00,BTC,62730.61,48.3,62766.66,62766.24,-0.06,HOLD,50
2026-07-05T21:00:00+00:00,BTC,63092.01,52.2,62776.86,62783.88,0.58,HOLD,50
2026-07-05T22:00:00+00:00,BTC,63736.0,69.0,62828.98,62803.06,1.02,BULLISH,55
2026-07-05T23:00:00+00:00,BTC,63650.0,76.4,62873.03,62821.42,-0.13,HOLD,50
2026-07-06T00:00:00+00:00,BTC,63761.99,76.1,62920.33,62845.1,0.18,HOLD,50
2026-07-06T01:00:00+00:00,BTC,63576.0,72.8,62962.11,62864.95,-0.29,HOLD,50
2026-07-06T02:00:00+00:00,BTC,63460.01,67.5,62996.0,62879.03,-0.18,HOLD,50
2026-07-06T03:00:00+00:00,BTC,63294.0,61.6,63009.69,62895.54,-0.26,HOLD,50
2026-07-06T04:00:00+00:00,BTC,63267.99,60.5,63027.34,62910.12,-0.04,HOLD,50
2026-07-06T05:00:00+00:00,BTC,63114.0,58.3,63051.93,62919.85,-0.24,HOLD,50
2026-07-06T06:00:00+00:00,BTC,62976.0,57.4,63062.92,62925.37,-0.22,HOLD,50
2026-07-06T07:00:00+00:00,BTC,63089.42,59.7,63084.45,62937.73,0.18,HOLD,50
2026-07-06T08:00:00+00:00,BTC,62904.01,51.8,63092.4,62945.81,-0.29,HOLD,50
2026-07-06T09:00:00+00:00,BTC,62664.77,48.0,63086.03,62947.59,-0.38,HOLD,50
2026-07-06T10:00:00+00:00,BTC,62822.06,51.7,63086.53,62952.95,0.25,HOLD,50
2026-07-06T11:00:00+00:00,BTC,62483.84,38.6,63073.72,62952.75,-0.54,HOLD,50
2026-07-06T12:00:00+00:00,BTC,61754.01,13.9,63029.54,62937.57,-1.17,BEARISH,55
2026-07-06T13:00:00+00:00,BTC,61768.21,14.8,62986.71,62923.29,0.02,HOLD,50
2026-07-06T14:00:00+00:00,BTC,62052.0,20.0,62948.29,62911.05,0.46,BULLISH,70
2026-07-06T15:00:00+00:00,BTC,63545.98,49.6,62987.15,62930.2,2.41,BULLISH,75
2026-07-06T16:00:00+00:00,BTC,63732.0,53.2,63037.22,62950.96,0.29,HOLD,50
2026-07-06T17:00:00+00:00,BTC,63587.38,53.5,63061.98,62963.84,-0.23,HOLD,50
2026-07-06T18:00:00+00:00,BTC,63696.4,55.0,63060.0,62979.22,0.17,HOLD,50
2026-07-06T19:00:00+00:00,BTC,63738.52,57.5,63064.43,62988.38,0.07,HOLD,50
2026-07-06T20:00:00+00:00,BTC,63828.0,60.3,63067.73,63001.49,0.14,HOLD,50
2026-07-06T21:00:00+00:00,BTC,64489.98,65.0,63113.43,63025.39,1.04,BULLISH,55
2026-07-06T22:00:00+00:00,BTC,64244.0,64.1,63152.63,63045.6,-0.38,HOLD,50
2026-07-06T23:00:00+00:00,BTC,64042.02,64.7,63190.03,63060.48,-0.31,HOLD,50
2026-07-07T00:00:00+00:00,BTC,64203.99,64.7,63236.83,63080.86,0.25,HOLD,50
2026-07-07T01:00:00+00:00,BTC,63840.0,64.3,63273.13,63094.78,-0.57,HOLD,50
2026-07-07T02:00:00+00:00,BTC,63322.01,67.4,63290.43,63101.39,-0.81,BEARISH,70
2026-07-07T03:00:00+00:00,BTC,63191.01,65.4,63295.51,63107.46,-0.21,HOLD,50
2026-07-07T04:00:00+00:00,BTC,63100.01,61.8,63305.31,63115.59,-0.14,HOLD,50
2026-07-07T05:00:00+00:00,BTC,63128.01,43.0,63328.47,63122.76,0.04,HOLD,50
2026-07-07T06:00:00+00:00,BTC,63340.0,43.5,63354.37,63133.24,0.34,HOLD,50
2026-07-07T07:00:00+00:00,BTC,63083.18,41.9,63384.34,63140.1,-0.41,HOLD,50
2026-07-07T08:00:00+00:00,BTC,63104.0,40.2,63451.83,63146.53,0.03,HOLD,50
2026-07-07T09:00:00+00:00,BTC,63256.0,42.3,63526.22,63151.25,0.24,HOLD,50
2026-07-07T10:00:00+00:00,BTC,63284.0,41.2,63587.82,63158.63,0.04,HOLD,50
2026-07-07T11:00:00+00:00,BTC,63406.0,28.6,63580.83,63174.31,0.19,HOLD,50
2026-07-07T12:00:00+00:00,BTC,63481.39,33.9,63568.3,63188.81,0.12,HOLD,50
2026-07-07T13:00:00+00:00,BTC,63056.0,30.9,63541.73,63196.75,-0.67,HOLD,50
2026-07-07T14:00:00+00:00,BTC,63562.05,39.0,63535.01,63213.09,0.8,HOLD,50
2026-07-07T15:00:00+00:00,BTC,63930.51,51.5,63544.61,63235.86,0.58,HOLD,50
2026-07-07T16:00:00+00:00,BTC,63983.27,63.4,63552.37,63259.29,0.08,HOLD,50
2026-07-07T17:00:00+00:00,BTC,64186.0,69.6,63537.17,63288.21,0.32,HOLD,50
2026-07-07T18:00:00+00:00,BTC,63679.99,59.8,63508.97,63309.06,-0.79,HOLD,50
2026-07-07T19:00:00+00:00,BTC,63817.99,61.3,63497.77,63332.92,0.22,HOLD,50
2026-07-07T20:00:00+00:00,BTC,63697.99,56.0,63472.47,63350.47,-0.19,HOLD,50
2026-07-07T21:00:00+00:00,BTC,63423.94,55.7,63451.67,63363.57,-0.43,HOLD,50
2026-07-07T22:00:00+00:00,BTC,63551.02,57.2,63463.12,63379.98,0.2,HOLD,50
2026-07-07T23:00:00+00:00,BTC,63363.99,51.7,63471.77,63385.42,-0.29,HOLD,50
2026-07-08T00:00:00+00:00,BTC,63612.77,54.9,63497.41,63382.95,0.39,HOLD,50
2026-07-08T01:00:00+00:00,BTC,63038.01,45.2,63492.91,63370.71,-0.9,HOLD,50
2026-07-08T02:00:00+00:00,BTC,62979.99,43.4,63474.9,63355.07,-0.09,HOLD,50
2026-07-08T03:00:00+00:00,BTC,62766.0,45.9,63459.05,63338.87,-0.34,HOLD,50
2026-07-08T04:00:00+00:00,BTC,62800.0,37.7,63443.85,63325.67,0.05,HOLD,50
2026-07-08T05:00:00+00:00,BTC,62637.88,27.7,63412.94,63312.55,-0.26,HOLD,50
2026-07-08T06:00:00+00:00,BTC,62657.81,26.9,63381.63,63300.35,0.03,HOLD,50
2026-07-08T07:00:00+00:00,BTC,62888.35,27.6,63355.75,63295.84,0.37,BULLISH,70
2026-07-08T08:00:00+00:00,BTC,62018.36,24.5,63282.6,63276.68,-1.38,BEARISH,55
2026-07-08T09:00:00+00:00,BTC,62057.67,22.1,63232.68,63256.05,0.06,HOLD,50
2026-07-08T10:00:00+00:00,BTC,62183.12,26.1,63163.73,63241.63,0.2,HOLD,50
2026-07-08T11:00:00+00:00,BTC,62299.99,31.3,63082.21,63234.33,0.19,HOLD,50
2026-07-08T12:00:00+00:00,BTC,61957.73,25.3,62980.93,63217.05,-0.55,HOLD,50
2026-07-08T13:00:00+00:00,BTC,61945.49,26.7,62868.9,63206.28,-0.02,HOLD,50
2026-07-08T14:00:00+00:00,BTC,61889.83,19.8,62779.4,63209.0,-0.09,HOLD,50
2026-07-08T15:00:00+00:00,BTC,61704.01,23.0,62673.7,63207.71,-0.3,HOLD,50
2026-07-08T16:00:00+00:00,BTC,62113.03,34.6,62594.45,63208.93,0.66,BULLISH,70
2026-07-08T17:00:00+00:00,BTC,62104.62,37.3,62528.48,63180.11,-0.01,HOLD,50
2026-07-08T18:00:00+00:00,BTC,62185.32,38.4,62460.2,63149.17,0.13,HOLD,50
2026-07-08T19:00:00+00:00,BTC,62277.98,43.0,62405.9,63122.98,0.15,HOLD,50
2026-07-08T20:00:00+00:00,BTC,62099.61,39.8,62330.24,63091.05,-0.29,HOLD,50
2026-07-08T21:00:00+00:00,BTC,62187.17,36.5,62287.7,63060.02,0.14,HOLD,50
2026-07-08T22:00:00+00:00,BTC,62330.4,58.3,62255.22,63030.07,0.23,HOLD,50
2026-07-08T23:00:00+00:00,BTC,62290.0,56.2,62231.42,62986.07,-0.06,HOLD,50
2026-07-09T00:00:00+00:00,BTC,62129.99,48.6,62197.92,62943.79,-0.26,HOLD,50
2026-07-09T01:00:00+00:00,BTC,61916.0,40.4,62161.82,62901.27,-0.34,HOLD,50
2026-07-09T02:00:00+00:00,BTC,61788.8,45.3,62118.37,62852.97,-0.21,HOLD,50
2026-07-09T03:00:00+00:00,BTC,61974.34,50.7,62072.67,62815.65,0.3,HOLD,50
2026-07-09T04:00:00+00:00,BTC,62453.74,61.8,62094.44,62798.29,0.77,HOLD,50
2026-07-09T05:00:00+00:00,BTC,62589.61,68.9,62121.04,62786.26,0.22,HOLD,50
2026-07-09T06:00:00+00:00,BTC,62959.96,68.4,62159.88,62783.46,0.59,HOLD,50
2026-07-09T07:00:00+00:00,BTC,63000.0,69.2,62194.88,62780.9,0.06,HOLD,50
2026-07-09T08:00:00+00:00,BTC,62903.65,65.3,62242.18,62772.17,-0.15,HOLD,50
2026-07-09T09:00:00+00:00,BTC,62953.4,64.6,62292.57,62769.58,0.08,HOLD,50
2026-07-09T10:00:00+00:00,BTC,62786.04,64.9,62337.38,62763.22,-0.27,HOLD,50
2026-07-09T11:00:00+00:00,BTC,62786.34,63.6,62391.5,62753.82,0.0,HOLD,50
2026-07-09T12:00:00+00:00,BTC,62614.02,56.3,62416.55,62740.42,-0.27,HOLD,50
2026-07-09T13:00:00+00:00,BTC,63028.35,64.1,62462.74,62732.87,0.66,HOLD,50
2026-07-09T14:00:00+00:00,BTC,63016.0,68.0,62504.27,62723.56,-0.02,HOLD,50
2026-07-09T15:00:00+00:00,BTC,62868.05,69.8,62533.77,62719.8,-0.23,HOLD,50
2026-07-09T16:00:00+00:00,BTC,62700.01,68.7,62563.79,62702.56,-0.27,HOLD,50
2026-07-09T17:00:00+00:00,BTC,63142.79,71.7,62611.57,62686.81,0.71,HOLD,50
2026-07-09T18:00:00+00:00,BTC,63219.03,66.7,62656.01,62671.52,0.12,HOLD,50
2026-07-09T19:00:00+00:00,BTC,63248.1,65.1,62703.91,62652.77,0.05,HOLD,50
2026-07-09T20:00:00+00:00,BTC,63313.38,59.4,62763.08,62645.43,0.1,HOLD,50
2026-07-09T21:00:00+00:00,BTC,63274.59,57.3,62831.01,62634.57,-0.06,HOLD,50
2026-07-09T22:00:00+00:00,BTC,63218.78,58.6,62902.51,62624.98,-0.09,HOLD,50
2026-07-09T23:00:00+00:00,BTC,63230.0,57.7,62965.29,62621.1,0.02,HOLD,50
2026-07-10T00:00:00+00:00,BTC,63113.93,59.4,62998.3,62612.36,-0.18,HOLD,50
2026-07-10T01:00:00+00:00,BTC,63749.86,70.2,63056.31,62620.08,1.01,BULLISH,55
2026-07-10T02:00:00+00:00,BTC,63961.99,77.8,63106.42,62627.06,0.33,HOLD,50
2026-07-10T03:00:00+00:00,BTC,63947.2,72.7,63153.78,62645.25,-0.02,HOLD,50
2026-07-10T04:00:00+00:00,BTC,64047.88,74.4,63210.99,62666.6,0.16,HOLD,50
2026-07-10T05:00:00+00:00,BTC,64115.99,80.7,63269.12,62693.6,0.11,HOLD,50
2026-07-10T06:00:00+00:00,BTC,63854.71,77.1,63322.55,62714.7,-0.41,BEARISH,70
2026-07-10T07:00:00+00:00,BTC,63963.0,72.9,63381.38,62741.2,0.17,HOLD,50
2026-07-10T08:00:00+00:00,BTC,64246.01,75.7,63462.98,62772.96,0.44,HOLD,50
2026-07-10T09:00:00+00:00,BTC,64385.09,76.9,63530.82,62802.9,0.22,HOLD,50
2026-07-10T10:00:00+00:00,BTC,64407.8,76.5,63600.41,62850.69,0.04,HOLD,50
2026-07-10T11:00:00+00:00,BTC,64425.18,78.1,63678.27,62898.04,0.03,HOLD,50
2026-07-10T12:00:00+00:00,BTC,64286.64,75.1,63757.6,62940.11,-0.22,HOLD,50
2026-07-10T13:00:00+00:00,BTC,64484.0,77.1,63824.66,62983.79,0.31,HOLD,50
2026-07-10T14:00:00+00:00,BTC,63914.87,64.5,63859.45,63022.93,-0.88,HOLD,50
2026-07-10T15:00:00+00:00,BTC,64040.0,56.4,63899.05,63064.82,0.2,HOLD,50
2026-07-10T16:00:00+00:00,BTC,64140.01,54.1,63940.38,63109.83,0.16,HOLD,50
2026-07-10T17:00:00+00:00,BTC,63823.99,47.5,63967.85,63152.23,-0.49,HOLD,50
2026-07-10T18:00:00+00:00,BTC,63810.0,45.0,63997.41,63186.16,-0.02,HOLD,50
2026-07-10T19:00:00+00:00,BTC,63917.88,45.9,64031.8,63222.43,0.17,HOLD,50
2026-07-10T20:00:00+00:00,BTC,63841.25,49.7,64068.17,63255.55,-0.12,HOLD,50
2026-07-10T21:00:00+00:00,BTC,64011.99,51.1,64081.27,63290.23,0.27,HOLD,50
2026-07-10T22:00:00+00:00,BTC,64112.29,46.8,64088.79,63330.48,0.16,HOLD,50
2026-07-10T23:00:00+00:00,BTC,64161.72,44.4,64099.51,63369.97,0.08,HOLD,50
2026-07-11T00:00:00+00:00,BTC,64124.0,43.0,64103.32,63405.85,-0.06,HOLD,50
2026-07-11T01:00:00+00:00,BTC,64012.95,40.2,64098.17,63440.3,-0.17,HOLD,50
2026-07-11T02:00:00+00:00,BTC,64158.04,47.0,64113.34,63480.87,0.23,HOLD,50
2026-07-11T03:00:00+00:00,BTC,64150.42,41.4,64122.71,63525.55,-0.01,HOLD,50
2026-07-11T04:00:00+00:00,BTC,64152.0,58.7,64118.01,63572.82,0.0,HOLD,50
2026-07-11T05:00:00+00:00,BTC,64176.01,55.4,64107.55,63616.85,0.04,HOLD,50
2026-07-11T06:00:00+00:00,BTC,64219.1,53.3,64098.12,63652.16,0.07,HOLD,50
2026-07-11T07:00:00+00:00,BTC,64162.18,67.9,64084.97,63683.61,-0.09,HOLD,50
2026-07-11T08:00:00+00:00,BTC,64265.98,72.0,64083.93,63709.73,0.16,HOLD,50
2026-07-11T09:00:00+00:00,BTC,64167.34,62.1,64068.1,63733.08,-0.15,HOLD,50
2026-07-11T10:00:00+00:00,BTC,64196.0,68.1,64082.16,63758.92,0.04,HOLD,50
2026-07-11T11:00:00+00:00,BTC,64198.0,61.5,64090.06,63783.82,0.0,HOLD,50
2026-07-11T12:00:00+00:00,BTC,64195.49,55.8,64092.83,63812.0,-0.0,HOLD,50
2026-07-11T13:00:00+00:00,BTC,64235.66,55.3,64113.41,63840.99,0.06,HOLD,50
2026-07-11T14:00:00+00:00,BTC,64350.07,64.5,64140.42,63875.71,0.18,HOLD,50
2026-07-11T15:00:00+00:00,BTC,64175.75,59.7,64153.31,63898.66,-0.27,HOLD,50
2026-07-11T16:00:00+00:00,BTC,64180.01,51.6,64170.25,63921.94,0.01,HOLD,50
2026-07-11T17:00:00+00:00,BTC,64315.53,59.9,64185.43,63950.89,0.21,HOLD,50
2026-07-11T18:00:00+00:00,BTC,64327.99,60.5,64196.21,63983.45,0.02,HOLD,50
2026-07-11T19:00:00+00:00,BTC,64286.0,56.4,64202.43,64006.31,-0.07,HOLD,50
2026-07-11T20:00:00+00:00,BTC,64382.45,59.0,64215.35,64029.58,0.15,HOLD,50
2026-07-11T21:00:00+00:00,BTC,64355.99,61.0,64232.5,64051.74,-0.04,HOLD,50
2026-07-11T22:00:00+00:00,BTC,64203.08,46.6,64234.75,64069.53,-0.24,HOLD,50
2026-07-11T23:00:00+00:00,BTC,63819.0,35.7,64218.18,64080.42,-0.6,HOLD,50
2026-07-12T00:00:00+00:00,BTC,63828.47,34.6,64202.01,64092.62,0.01,HOLD,50
2026-07-12T01:00:00+00:00,BTC,64133.61,47.9,64199.88,64110.69,0.48,HOLD,50
2026-07-12T02:00:00+00:00,BTC,64070.39,46.0,64192.45,64129.82,-0.1,HOLD,50
2026-07-12T03:00:00+00:00,BTC,64223.73,49.6,64195.53,64139.29,0.24,HOLD,50
2026-07-12T04:00:00+00:00,BTC,63999.93,40.2,64182.22,64140.05,-0.35,HOLD,50
2026-07-12T05:00:00+00:00,BTC,63959.93,43.5,64171.85,64140.31,-0.06,HOLD,50
2026-07-12T06:00:00+00:00,BTC,63762.46,38.7,64150.18,64134.6,-0.31,HOLD,50
2026-07-12T07:00:00+00:00,BTC,63885.27,38.2,64134.54,64129.99,0.19,HOLD,50
2026-07-12T08:00:00+00:00,BTC,63983.18,41.0,64123.93,64132.55,0.15,HOLD,50
2026-07-12T09:00:00+00:00,BTC,63961.61,41.4,64110.22,64132.53,-0.03,HOLD,50
2026-07-12T10:00:00+00:00,BTC,63865.76,36.4,64086.01,64124.92,-0.15,HOLD,50
2026-07-12T11:00:00+00:00,BTC,64018.01,41.6,64078.12,64117.58,0.24,HOLD,50
2026-07-12T12:00:00+00:00,BTC,64026.0,45.3,64070.42,64109.94,0.01,HOLD,50
2026-07-12T13:00:00+00:00,BTC,64023.14,56.8,64055.8,64101.9,-0.0,HOLD,50
2026-07-12T14:00:00+00:00,BTC,64203.08,61.3,64049.55,64100.23,0.28,HOLD,50
2026-07-12T15:00:00+00:00,BTC,64176.0,51.5,64044.05,64094.07,-0.04,HOLD,50
2026-07-12T16:00:00+00:00,BTC,64177.7,54.1,64033.82,64099.33,0.0,HOLD,50
2026-07-12T17:00:00+00:00,BTC,64078.0,44.3,64019.92,64100.09,-0.16,HOLD,50
2026-07-12T18:00:00+00:00,BTC,64147.99,56.6,64017.16,64100.25,0.11,HOLD,50
2026-07-12T19:00:00+00:00,BTC,64228.59,61.6,64037.64,64108.34,0.13,HOLD,50
2026-07-12T20:00:00+00:00,BTC,64198.89,72.0,64056.16,64116.12,-0.05,HOLD,50
2026-07-12T21:00:00+00:00,BTC,63920.4,51.5,64045.5,64116.17,-0.43,HOLD,50
2026-07-12T22:00:00+00:00,BTC,63886.87,45.5,64036.33,64117.08,-0.05,HOLD,50
2026-07-12T23:00:00+00:00,BTC,63780.0,42.2,64014.14,64112.44,-0.17,HOLD,50
2026-07-13T00:00:00+00:00,BTC,64072.01,57.6,64017.74,64111.64,0.46,HOLD,50
2026-07-13T01:00:00+00:00,BTC,63412.01,33.8,63990.35,64096.64,-1.03,BEARISH,55
2026-07-13T02:00:00+00:00,BTC,63375.99,32.9,63971.03,64081.68,-0.06,HOLD,50
2026-07-13T03:00:00+00:00,BTC,62806.41,25.3,63917.08,64057.55,-0.9,HOLD,50
2026-07-13T04:00:00+00:00,BTC,62672.0,18.4,63851.52,64027.83,-0.21,HOLD,50
2026-07-13T05:00:00+00:00,BTC,62799.0,22.7,63793.39,64000.8,0.2,HOLD,50
2026-07-13T06:00:00+00:00,BTC,62797.55,22.6,63739.98,63973.71,-0.0,HOLD,50
2026-07-13T07:00:00+00:00,BTC,62985.52,29.1,63688.36,63949.9,0.3,HOLD,50
2026-07-13T08:00:00+00:00,BTC,63206.97,32.9,63647.41,63929.66,0.35,BULLISH,70
2026-07-13T09:00:00+00:00,BTC,63100.02,29.7,63601.25,63908.42,-0.17,HOLD,50
2026-07-13T10:00:00+00:00,BTC,62867.89,27.7,63534.49,63880.45,-0.37,HOLD,50
2026-07-13T11:00:00+00:00,BTC,62901.99,31.4,63470.79,63855.15,0.05,HOLD,50
2026-07-13T12:00:00+00:00,BTC,62625.15,28.9,63393.16,63823.73,-0.44,HOLD,50
2026-07-13T13:00:00+00:00,BTC,62318.0,27.1,63305.16,63786.13,-0.49,HOLD,50
2026-07-13T14:00:00+00:00,BTC,62791.85,31.0,63237.36,63758.06,0.76,BULLISH,70
2026-07-13T15:00:00+00:00,BTC,62618.01,36.2,63156.83,63725.71,-0.28,HOLD,50
2026-07-13T16:00:00+00:00,BTC,62276.0,32.8,63060.68,63684.22,-0.55,HOLD,50
2026-07-13T17:00:00+00:00,BTC,61904.99,34.9,62959.91,63638.81,-0.6,HOLD,50
2026-07-13T18:00:00+00:00,BTC,62020.0,39.0,62866.57,63595.61,0.19,HOLD,50
2026-07-13T19:00:00+00:00,BTC,62288.23,41.8,62791.98,63555.06,0.43,HOLD,50
2026-07-13T20:00:00+00:00,BTC,62210.99,40.8,62698.93,63512.72,-0.12,HOLD,50
2026-07-13T21:00:00+00:00,BTC,62065.06,35.4,62631.58,63468.3,-0.23,HOLD,50
2026-07-13T22:00:00+00:00,BTC,61924.0,29.1,62558.98,63419.13,-0.23,HOLD,50
2026-07-13T23:00:00+00:00,BTC,62334.52,38.6,62535.39,63378.71,0.66,HOLD,50
2026-07-14T00:00:00+00:00,BTC,62549.54,45.3,62529.26,63345.63,0.34,HOLD,50
2026-07-14T01:00:00+00:00,BTC,62540.42,44.6,62516.33,63320.06,-0.01,HOLD,50
2026-07-14T02:00:00+00:00,BTC,62544.0,48.7,62503.66,63294.37,0.01,HOLD,50
2026-07-14T03:00:00+00:00,BTC,62572.89,54.6,62483.03,63263.16,0.05,HOLD,50
2026-07-14T04:00:00+00:00,BTC,62745.23,49.1,62459.94,63236.66,0.28,HOLD,50
2026-07-14T05:00:00+00:00,BTC,62737.0,52.6,62441.79,63206.92,-0.01,HOLD,50
2026-07-14T06:00:00+00:00,BTC,62624.05,58.4,62429.6,63179.4,-0.18,HOLD,50
2026-07-14T07:00:00+00:00,BTC,62560.92,68.5,62412.54,63151.42,-0.1,HOLD,50
2026-07-14T08:00:00+00:00,BTC,62713.85,69.2,62416.98,63130.45,0.24,HOLD,50
2026-07-14T09:00:00+00:00,BTC,62629.55,60.5,62432.56,63105.34,-0.13,HOLD,50
2026-07-14T10:00:00+00:00,BTC,62800.0,67.1,62432.96,63081.67,0.27,HOLD,50
2026-07-14T11:00:00+00:00,BTC,62844.99,74.1,62444.31,63059.34,0.07,HOLD,50
2026-07-14T12:00:00+00:00,BTC,63960.0,89.3,62528.51,63061.23,1.77,BULLISH,55
2026-07-14T13:00:00+00:00,BTC,63840.01,82.7,62625.26,63057.67,-0.19,HOLD,50
2026-07-14T14:00:00+00:00,BTC,64305.02,84.4,62739.51,63063.25,0.73,HOLD,50
2026-07-14T15:00:00+00:00,BTC,64743.99,87.0,62862.3,63077.66,0.68,HOLD,50
2026-07-14T16:00:00+00:00,BTC,64730.0,86.5,62988.25,63088.2,-0.02,HOLD,50
2026-07-14T17:00:00+00:00,BTC,64621.43,83.4,63116.07,63097.11,-0.17,HOLD,50
2026-07-14T18:00:00+00:00,BTC,64571.98,81.0,63248.47,63105.0,-0.08,HOLD,50
2026-07-14T19:00:00+00:00,BTC,64569.59,81.1,63360.22,63114.83,-0.0,HOLD,50
2026-07-14T20:00:00+00:00,BTC,64572.02,84.4,63461.35,63123.31,0.0,HOLD,50
2026-07-14T21:00:00+00:00,BTC,64676.9,86.8,63568.17,63132.27,0.16,HOLD,50
2026-07-14T22:00:00+00:00,BTC,64860.89,87.0,63684.02,63145.51,0.28,HOLD,50
2026-07-14T23:00:00+00:00,BTC,65043.98,90.2,63807.57,63167.99,0.28,HOLD,50
2026-07-15T00:00:00+00:00,BTC,64824.58,83.2,63911.54,63186.74,-0.34,BEARISH,70
2026-07-15T01:00:00+00:00,BTC,64674.35,79.0,64008.41,63204.63,-0.23,HOLD,50
2026-07-15T02:00:00+00:00,BTC,64490.87,61.9,64101.75,63213.0,-0.28,HOLD,50
2026-07-15T03:00:00+00:00,BTC,64792.01,69.8,64213.3,63240.6,0.47,HOLD,50
2026-07-15T04:00:00+00:00,BTC,64746.01,61.1,64314.91,63268.0,-0.07,HOLD,50
2026-07-15T05:00:00+00:00,BTC,64944.06,55.7,64430.63,63310.76,0.31,HOLD,50
2026-07-15T06:00:00+00:00,BTC,64814.0,52.3,64531.33,63353.6,-0.2,HOLD,50
2026-07-15T07:00:00+00:00,BTC,64549.34,48.2,64616.55,63388.6,-0.41,HOLD,50
2026-07-15T08:00:00+00:00,BTC,64768.01,54.5,64656.95,63428.01,0.34,HOLD,50
2026-07-15T09:00:00+00:00,BTC,64671.83,52.2,64698.54,63461.74,-0.15,HOLD,50
2026-07-15T10:00:00+00:00,BTC,64663.0,52.0,64716.44,63490.86,-0.01,HOLD,50
2026-07-15T11:00:00+00:00,BTC,64732.15,51.2,64715.85,63523.5,0.11,HOLD,50
2026-07-15T12:00:00+00:00,BTC,65164.0,56.1,64737.55,63569.42,0.67,HOLD,50
2026-07-15T13:00:00+00:00,BTC,65117.99,51.6,64762.38,63613.75,-0.07,HOLD,50
2026-07-15T14:00:00+00:00,BTC,65399.81,61.9,64803.77,63669.24,0.43,HOLD,50
2026-07-15T15:00:00+00:00,BTC,65427.61,66.3,64846.67,63731.43,0.04,HOLD,50
2026-07-15T16:00:00+00:00,BTC,65120.79,63.0,64874.11,63778.01,-0.47,HOLD,50
2026-07-15T17:00:00+00:00,BTC,65056.1,56.0,64893.07,63826.77,-0.1,HOLD,50
2026-07-15T18:00:00+00:00,BTC,64860.0,52.4,64893.02,63878.45,-0.3,HOLD,50
2026-07-15T19:00:00+00:00,BTC,64977.34,50.7,64889.69,63939.9,0.18,HOLD,50
2026-07-15T20:00:00+00:00,BTC,64968.01,53.6,64896.86,63998.86,-0.01,HOLD,50
2026-07-15T21:00:00+00:00,BTC,64834.31,57.1,64904.86,64049.78,-0.21,HOLD,50
2026-07-15T22:00:00+00:00,BTC,64866.93,52.7,64923.67,64102.9,0.05,HOLD,50
2026-07-15T23:00:00+00:00,BTC,64756.28,52.3,64921.88,64156.72,-0.17,HOLD,50
2026-07-16T00:00:00+00:00,BTC,64584.07,48.0,64913.78,64209.92,-0.27,HOLD,50
2026-07-16T01:00:00+00:00,BTC,64730.01,49.9,64903.08,64257.83,0.23,HOLD,50
2026-07-16T02:00:00+00:00,BTC,64642.01,34.9,64894.48,64299.68,-0.14,HOLD,50
2026-07-16T03:00:00+00:00,BTC,64619.95,35.4,64898.01,64341.27,-0.03,HOLD,50
2026-07-16T04:00:00+00:00,BTC,64650.05,24.3,64892.11,64383.4,0.05,HOLD,50
2026-07-16T05:00:00+00:00,BTC,64917.99,35.0,64904.42,64430.3,0.41,BULLISH,70
2026-07-16T06:00:00+00:00,BTC,64777.32,38.8,64910.14,64470.94,-0.22,HOLD,50
2026-07-16T07:00:00+00:00,BTC,64238.0,29.6,64885.43,64500.96,-0.83,HOLD,50
2026-07-16T08:00:00+00:00,BTC,64126.85,30.9,64833.57,64531.01,-0.17,HOLD,50
2026-07-16T09:00:00+00:00,BTC,64090.0,25.9,64782.17,64561.6,-0.06,HOLD,50
2026-07-16T10:00:00+00:00,BTC,64221.34,31.0,64723.25,64591.75,0.2,HOLD,50
2026-07-16T11:00:00+00:00,BTC,64256.53,34.5,64664.69,64624.29,0.05,HOLD,50
2026-07-16T12:00:00+00:00,BTC,63966.01,28.8,64606.95,64647.61,-0.45,HOLD,50
2026-07-16T13:00:00+00:00,BTC,64376.0,42.1,64572.95,64678.23,0.64,HOLD,50
2026-07-16T14:00:00+00:00,BTC,64543.51,49.2,64557.13,64689.9,0.26,HOLD,50
2026-07-16T15:00:00+00:00,BTC,64704.73,49.5,64543.49,64707.19,0.25,HOLD,50
2026-07-16T16:00:00+00:00,BTC,64484.0,46.9,64519.29,64710.77,-0.34,HOLD,50
2026-07-16T17:00:00+00:00,BTC,64069.03,40.7,64481.03,64697.27,-0.64,HOLD,50
2026-07-16T18:00:00+00:00,BTC,64246.01,43.5,64449.98,64687.59,0.28,HOLD,50
2026-07-16T19:00:00+00:00,BTC,64271.84,38.7,64425.76,64680.6,0.04,HOLD,50
2026-07-16T20:00:00+00:00,BTC,64114.27,38.5,64402.27,64671.45,-0.25,HOLD,50
2026-07-16T21:00:00+00:00,BTC,64161.99,48.4,64373.87,64663.29,0.07,HOLD,50
2026-07-16T22:00:00+00:00,BTC,63968.0,46.8,64340.17,64651.21,-0.3,HOLD,50
2026-07-16T23:00:00+00:00,BTC,63830.2,44.9,64300.68,64634.28,-0.22,HOLD,50
2026-07-17T00:00:00+00:00,BTC,63886.0,43.3,64262.48,64614.78,0.09,HOLD,50
2026-07-17T01:00:00+00:00,BTC,63546.24,37.3,64193.89,64584.83,-0.53,HOLD,50
2026-07-17T02:00:00+00:00,BTC,63482.0,40.6,64129.13,64557.97,-0.1,HOLD,50
2026-07-17T03:00:00+00:00,BTC,63570.0,32.1,64095.73,64535.89,0.14,HOLD,50
2026-07-17T04:00:00+00:00,BTC,63486.01,25.6,64063.69,64515.79,-0.13,HOLD,50
2026-07-17T05:00:00+00:00,BTC,62839.76,14.9,64001.17,64476.75,-1.02,BEARISH,55
2026-07-17T06:00:00+00:00,BTC,62948.0,19.8,63937.51,64440.79,0.17,HOLD,50
2026-07-17T07:00:00+00:00,BTC,62828.11,22.4,63866.09,64398.47,-0.19,HOLD,50
2026-07-17T08:00:00+00:00,BTC,62888.0,18.1,63812.18,64359.95,0.1,HOLD,50
2026-07-17T09:00:00+00:00,BTC,62989.46,20.9,63742.86,64328.75,0.16,HOLD,50
2026-07-17T10:00:00+00:00,BTC,63179.92,29.1,63674.68,64296.99,0.3,BULLISH,70
2026-07-17T11:00:00+00:00,BTC,63298.01,31.3,63604.34,64269.51,0.19,HOLD,50
2026-07-17T12:00:00+00:00,BTC,63099.75,31.2,63535.13,64238.25,-0.31,HOLD,50
2026-07-17T13:00:00+00:00,BTC,63153.99,34.8,63489.38,64206.68,0.09,HOLD,50
2026-07-17T14:00:00+00:00,BTC,63174.0,33.8,63435.78,64166.88,0.03,HOLD,50
2026-07-17T15:00:00+00:00,BTC,63452.0,47.8,63394.79,64133.56,0.44,HOLD,50
2026-07-17T16:00:00+00:00,BTC,63594.0,52.5,63368.77,64097.45,0.22,HOLD,50
2026-07-17T17:00:00+00:00,BTC,64049.86,59.3,63363.17,64069.89,0.72,HOLD,50
2026-07-17T18:00:00+00:00,BTC,64259.73,64.3,63377.75,64052.67,0.33,HOLD,50
2026-07-17T19:00:00+00:00,BTC,64160.8,80.6,63394.28,64034.76,-0.15,HOLD,50
2026-07-17T20:00:00+00:00,BTC,64120.0,78.1,63405.98,64019.96,-0.06,HOLD,50
2026-07-17T21:00:00+00:00,BTC,64110.0,82.4,63434.17,64002.62,-0.02,HOLD,50
2026-07-17T22:00:00+00:00,BTC,63986.0,76.9,63459.37,63982.98,-0.19,HOLD,50
2026-07-17T23:00:00+00:00,BTC,63931.67,73.6,63477.45,63964.92,-0.08,HOLD,50
2026-07-18T00:00:00+00:00,BTC,63910.04,70.0,63498.66,63945.79,-0.03,HOLD,50
2026-07-18T01:00:00+00:00,BTC,63952.98,68.7,63554.32,63929.72,0.07,HOLD,50
2026-07-18T02:00:00+00:00,BTC,63967.61,77.7,63605.3,63917.39,0.02,HOLD,50
2026-07-18T03:00:00+00:00,BTC,64017.84,77.6,63664.78,63903.15,0.08,HOLD,50
2026-07-18T04:00:00+00:00,BTC,63967.99,74.9,63718.78,63889.67,-0.08,HOLD,50
2026-07-18T05:00:00+00:00,BTC,63967.95,69.6,63767.71,63876.63,-0.0,HOLD,50
2026-07-18T06:00:00+00:00,BTC,63979.67,66.3,63807.69,63863.22,0.02,HOLD,50
2026-07-18T07:00:00+00:00,BTC,64002.75,46.9,63842.93,63844.92,0.04,HOLD,50
2026-07-18T08:00:00+00:00,BTC,64006.01,26.7,63888.24,63829.49,0.01,HOLD,50
2026-07-18T09:00:00+00:00,BTC,63987.76,31.4,63929.93,63824.48,-0.03,HOLD,50
2026-07-18T10:00:00+00:00,BTC,64016.43,38.6,63972.05,63822.28,0.04,HOLD,50
2026-07-18T11:00:00+00:00,BTC,64069.89,46.0,64002.95,63821.87,0.08,HOLD,50
2026-07-18T12:00:00+00:00,BTC,64218.0,72.3,64034.15,63821.81,0.23,HOLD,50
2026-07-18T13:00:00+00:00,BTC,64106.0,65.1,64036.96,63818.8,-0.17,HOLD,50
2026-07-18T14:00:00+00:00,BTC,64126.0,68.7,64030.27,63822.0,0.03,HOLD,50
2026-07-18T15:00:00+00:00,BTC,64123.12,65.9,64028.39,63816.94,-0.0,HOLD,50
2026-07-18T16:00:00+00:00,BTC,64303.47,73.9,64037.56,63812.14,0.28,HOLD,50
2026-07-18T17:00:00+00:00,BTC,64480.29,77.9,64056.07,63807.65,0.27,HOLD,50
2026-07-18T18:00:00+00:00,BTC,64512.41,83.6,64082.39,63808.22,0.05,HOLD,50
2026-07-18T19:00:00+00:00,BTC,64552.79,84.4,64113.45,63817.89,0.06,HOLD,50
2026-07-18T20:00:00+00:00,BTC,64693.01,86.4,64152.6,63826.83,0.22,HOLD,50
2026-07-18T21:00:00+00:00,BTC,64731.72,86.6,64191.54,63836.03,0.06,HOLD,50
2026-07-18T22:00:00+00:00,BTC,64805.05,87.5,64233.41,63849.85,0.11,HOLD,50
2026-07-18T23:00:00+00:00,BTC,64834.22,89.3,64274.23,63863.29,0.05,HOLD,50
2026-07-19T00:00:00+00:00,BTC,64792.08,85.6,64315.43,63879.77,-0.06,HOLD,50
2026-07-19T01:00:00+00:00,BTC,64765.99,82.8,64355.33,63898.49,-0.04,HOLD,50
2026-07-19T02:00:00+00:00,BTC,64826.01,81.2,64397.65,63917.29,0.09,HOLD,50
2026-07-19T03:00:00+00:00,BTC,64706.18,80.6,64432.82,63940.49,-0.18,HOLD,50
2026-07-19T04:00:00+00:00,BTC,64720.17,80.4,64468.53,63965.25,0.02,HOLD,50
2026-07-19T05:00:00+00:00,BTC,64724.01,80.8,64505.34,63988.33,0.01,HOLD,50
2026-07-19T06:00:00+00:00,BTC,64711.69,75.2,64540.1,64012.84,-0.02,HOLD,50
2026-07-19T07:00:00+00:00,BTC,64711.05,68.2,64572.16,64050.27,-0.0,HOLD,50
2026-07-19T08:00:00+00:00,BTC,64707.49,66.1,64596.64,64085.46,-0.01,HOLD,50
2026-07-19T09:00:00+00:00,BTC,64509.99,47.2,64616.84,64119.1,-0.31,HOLD,50
2026-07-19T10:00:00+00:00,BTC,64595.0,43.1,64640.29,64153.24,0.13,HOLD,50
2026-07-19T11:00:00+00:00,BTC,64467.64,33.4,64657.51,64182.8,-0.2,HOLD,50
2026-07-19T12:00:00+00:00,BTC,64441.15,25.7,64664.4,64208.03,-0.04,HOLD,50
2026-07-19T13:00:00+00:00,BTC,64483.31,26.9,64664.55,64231.73,0.07,HOLD,50
2026-07-19T14:00:00+00:00,BTC,64593.07,38.0,64668.58,64261.6,0.17,HOLD,50
2026-07-19T15:00:00+00:00,BTC,64585.32,38.9,64670.21,64290.22,-0.01,HOLD,50
2026-07-19T16:00:00+00:00,BTC,64538.72,32.0,64662.49,64317.52,-0.07,HOLD,50
2026-07-19T17:00:00+00:00,BTC,64547.86,38.5,64653.3,64339.44,0.01,HOLD,50
2026-07-19T18:00:00+00:00,BTC,64419.99,31.2,64634.05,64355.96,-0.2,HOLD,50
2026-07-19T19:00:00+00:00,BTC,64462.58,34.4,64615.47,64364.21,0.07,HOLD,50
2026-07-19T20:00:00+00:00,BTC,64535.99,40.2,64602.66,64369.74,0.11,HOLD,50
2026-07-19T21:00:00+00:00,BTC,64415.75,35.5,64585.15,64374.83,-0.19,HOLD,50
2026-07-19T22:00:00+00:00,BTC,64674.67,48.7,64577.58,64385.93,0.4,HOLD,50
2026-07-19T23:00:00+00:00,BTC,64722.54,59.4,64578.4,64398.18,0.07,HOLD,50
2026-07-20T00:00:00+00:00,BTC,64553.84,48.3,64570.08,64409.54,-0.26,HOLD,50
2026-07-20T01:00:00+00:00,BTC,64628.01,56.9,64565.28,64423.46,0.11,HOLD,50
2026-07-20T02:00:00+00:00,BTC,64827.2,64.5,64571.06,64441.81,0.31,HOLD,50
2026-07-20T03:00:00+00:00,BTC,64869.8,64.5,64579.0,64460.14,0.07,HOLD,50
2026-07-20T04:00:00+00:00,BTC,64540.01,48.3,64570.62,64471.59,-0.51,HOLD,50
2026-07-20T05:00:00+00:00,BTC,64128.0,38.3,64551.52,64473.79,-0.64,HOLD,50
2026-07-20T06:00:00+00:00,BTC,63917.98,35.3,64517.67,64472.79,-0.33,HOLD,50
2026-07-20T07:00:00+00:00,BTC,64280.01,44.6,64508.29,64479.03,0.57,HOLD,50
2026-07-20T08:00:00+00:00,BTC,64049.99,42.8,64488.73,64480.44,-0.36,HOLD,50
2026-07-20T09:00:00+00:00,BTC,64199.5,45.1,64474.54,64484.38,0.23,HOLD,50
2026-07-20T10:00:00+00:00,BTC,64301.18,45.7,64459.95,64490.28,0.16,HOLD,50
2026-07-20T11:00:00+00:00,BTC,65002.01,58.9,64480.78,64510.56,1.09,BULLISH,55
2026-07-20T12:00:00+00:00,BTC,64640.0,49.5,64485.85,64523.03,-0.56,HOLD,50
2026-07-20T13:00:00+00:00,BTC,64344.01,44.8,64475.65,64528.52,-0.46,HOLD,50
2026-07-20T14:00:00+00:00,BTC,64416.01,48.1,64475.45,64532.48,0.11,HOLD,50
2026-07-20T15:00:00+00:00,BTC,65598.75,60.4,64532.26,64562.33,1.84,BULLISH,55
2026-07-20T16:00:00+00:00,BTC,65508.5,57.5,64580.89,64589.98,-0.14,HOLD,50
2026-07-20T17:00:00+00:00,BTC,65587.98,57.8,64639.5,64619.28,0.12,HOLD,50
2026-07-20T18:00:00+00:00,BTC,65240.01,57.6,64667.77,64638.01,-0.53,HOLD,50
2026-07-20T19:00:00+00:00,BTC,65142.0,61.8,64688.74,64651.24,-0.15,HOLD,50
2026-07-20T20:00:00+00:00,BTC,65367.58,66.9,64729.43,64668.35,0.35,HOLD,50
2026-07-20T21:00:00+00:00,BTC,65286.02,62.5,64762.33,64683.01,-0.12,HOLD,50
2026-07-20T22:00:00+00:00,BTC,65141.99,63.9,64778.07,64691.99,-0.22,HOLD,50
2026-07-20T23:00:00+00:00,BTC,65255.51,63.6,64797.35,64702.47,0.17,HOLD,50
2026-07-21T00:00:00+00:00,BTC,65568.01,65.4,64848.75,64717.73,0.48,HOLD,50
2026-07-21T01:00:00+00:00,BTC,65235.55,53.1,64904.13,64725.75,-0.51,HOLD,50
2026-07-21T02:00:00+00:00,BTC,65414.01,60.9,64978.93,64738.19,0.27,HOLD,50
2026-07-21T03:00:00+00:00,BTC,65566.78,67.9,65043.27,64754.21,0.23,HOLD,50
2026-07-21T04:00:00+00:00,BTC,65522.01,66.3,65116.87,64768.13,-0.07,HOLD,50
2026-07-21T05:00:00+00:00,BTC,65751.56,53.1,65194.47,64789.04,0.35,HOLD,50
2026-07-21T06:00:00+00:00,BTC,65913.0,58.1,65275.06,64812.89,0.25,HOLD,50
2026-07-21T07:00:00+00:00,BTC,66186.86,61.1,65334.31,64842.15,0.42,HOLD,50
2026-07-21T08:00:00+00:00,BTC,66226.44,70.7,65413.63,64872.44,0.06,HOLD,50
2026-07-21T09:00:00+00:00,BTC,66291.99,74.4,65511.03,64904.06,0.1,HOLD,50
2026-07-21T10:00:00+00:00,BTC,66180.0,68.1,65599.23,64933.51,-0.17,HOLD,50
2026-07-21T11:00:00+00:00,BTC,66345.59,72.8,65636.57,64970.23,0.25,HOLD,50
2026-07-21T12:00:00+00:00,BTC,66558.82,79.6,65689.09,65009.5,0.32,HOLD,50
2026-07-21T13:00:00+00:00,BTC,66786.0,80.5,65748.99,65055.87,0.34,HOLD,50
2026-07-21T14:00:00+00:00,BTC,66842.3,78.3,65829.1,65103.89,0.08,HOLD,50
2026-07-21T15:00:00+00:00,BTC,66676.54,84.5,65905.83,65147.76,-0.25,HOLD,50
2026-07-21T16:00:00+00:00,BTC,66542.01,77.6,65964.55,65186.74,-0.2,HOLD,50
2026-07-21T17:00:00+00:00,BTC,66207.95,64.4,66010.65,65219.19,-0.5,HOLD,50
2026-07-21T18:00:00+00:00,BTC,66319.95,67.4,66069.54,65254.81,0.17,HOLD,50
2026-07-21T19:00:00+00:00,BTC,66444.76,65.9,66129.01,65292.75,0.19,HOLD,50
2026-07-21T20:00:00+00:00,BTC,66406.57,62.0,66170.93,65332.48,-0.06,HOLD,50
2026-07-21T21:00:00+00:00,BTC,66385.0,55.5,66228.41,65370.93,-0.03,HOLD,50
2026-07-21T22:00:00+00:00,BTC,66304.02,52.1,66272.91,65406.29,-0.12,HOLD,50
2026-07-21T23:00:00+00:00,BTC,66556.16,56.5,66322.38,65449.1,0.38,HOLD,50
2026-07-22T00:00:00+00:00,BTC,66620.97,61.1,66377.32,65488.03,0.1,HOLD,50
2026-07-22T01:00:00+00:00,BTC,66433.3,52.2,66411.41,65522.24,-0.28,HOLD,50
2026-07-22T02:00:00+00:00,BTC,66314.12,43.6,66431.47,65557.45,-0.18,HOLD,50
2026-07-22T03:00:00+00:00,BTC,66210.0,34.0,66432.62,65589.09,-0.16,HOLD,50
2026-07-22T04:00:00+00:00,BTC,66381.05,37.9,66440.36,65620.16,0.26,HOLD,50
2026-07-22T05:00:00+00:00,BTC,65974.9,33.7,66424.5,65642.27,-0.61,HOLD,50
2026-07-22T06:00:00+00:00,BTC,65934.33,35.2,66412.22,65670.15,-0.06,HOLD,50
2026-07-22T07:00:00+00:00,BTC,65843.48,40.0,66387.11,65704.46,-0.14,HOLD,50
2026-07-22T08:00:00+00:00,BTC,65987.96,41.0,66358.57,65745.86,0.22,HOLD,50
2026-07-22T09:00:00+00:00,BTC,65928.0,35.5,66315.67,65778.82,-0.09,HOLD,50
2026-07-22T10:00:00+00:00,BTC,66046.02,40.3,66275.85,65818.74,0.18,HOLD,50
2026-07-22T11:00:00+00:00,BTC,66013.36,40.1,66242.7,65855.02,-0.05,HOLD,50
2026-07-22T12:00:00+00:00,BTC,65636.01,34.6,66197.4,65881.71,-0.57,HOLD,50
2026-07-22T13:00:00+00:00,BTC,65951.39,36.5,66184.57,65900.7,0.48,HOLD,50
2026-07-22T14:00:00+00:00,BTC,65793.98,32.2,66158.27,65923.78,-0.24,HOLD,50
2026-07-22T15:00:00+00:00,BTC,66047.39,41.9,66138.4,65957.85,0.39,HOLD,50
2026-07-22T16:00:00+00:00,BTC,66229.01,48.3,66129.52,65994.11,0.27,HOLD,50
2026-07-22T17:00:00+00:00,BTC,66024.03,46.4,66111.47,66002.62,-0.31,HOLD,50
2026-07-22T18:00:00+00:00,BTC,65895.46,40.3,66091.05,66010.35,-0.19,HOLD,50
2026-07-22T19:00:00+00:00,BTC,65923.19,48.8,66059.4,66017.06,0.04,HOLD,50
2026-07-22T20:00:00+00:00,BTC,65919.68,49.7,66024.33,66030.65,-0.01,HOLD,50
2026-07-22T21:00:00+00:00,BTC,66072.47,55.3,66006.29,66049.26,0.23,HOLD,50
2026-07-22T22:00:00+00:00,BTC,66044.17,51.4,65992.79,66062.79,-0.04,HOLD,50
2026-07-22T23:00:00+00:00,BTC,66114.49,54.5,65988.02,66079.36,0.11,HOLD,50
2026-07-23T00:00:00+00:00,BTC,66058.19,50.3,65971.88,66097.69,-0.09,HOLD,50
2026-07-23T01:00:00+00:00,BTC,65830.0,45.8,65964.63,66109.18,-0.35,HOLD,50
2026-07-23T02:00:00+00:00,BTC,65805.34,54.6,65958.18,66113.92,-0.04,HOLD,50
2026-07-23T03:00:00+00:00,BTC,65662.53,41.3,65949.13,66122.46,-0.22,HOLD,50
2026-07-23T04:00:00+00:00,BTC,65616.48,44.3,65930.56,66126.51,-0.07,HOLD,50
2026-07-23T05:00:00+00:00,BTC,65691.01,37.0,65918.71,66129.0,0.11,HOLD,50
2026-07-23T06:00:00+00:00,BTC,65790.0,33.0,65905.91,66134.36,0.15,HOLD,50
2026-07-23T07:00:00+00:00,BTC,65442.13,29.7,65877.35,66128.17,-0.53,HOLD,50
2026-07-23T08:00:00+00:00,BTC,65633.0,41.2,65877.2,66122.57,0.29,HOLD,50
2026-07-23T09:00:00+00:00,BTC,65638.92,40.3,65861.57,66111.61,0.01,HOLD,50
2026-07-23T10:00:00+00:00,BTC,65740.0,44.3,65858.87,66101.88,0.15,HOLD,50
2026-07-23T11:00:00+00:00,BTC,65555.21,33.8,65834.27,66087.14,-0.28,HOLD,50
2026-07-23T12:00:00+00:00,BTC,65167.04,27.6,65781.17,66066.89,-0.59,HOLD,50
2026-07-23T13:00:00+00:00,BTC,64880.0,21.7,65723.97,66037.57,-0.44,HOLD,50
2026-07-23T14:00:00+00:00,BTC,64909.99,23.3,65674.69,66004.6,0.05,HOLD,50
2026-07-23T15:00:00+00:00,BTC,64958.36,27.9,65626.45,65968.04,0.07,HOLD,50
2026-07-23T16:00:00+00:00,BTC,64756.84,25.6,65568.31,65926.34,-0.31,HOLD,50
2026-07-23T17:00:00+00:00,BTC,64681.27,26.4,65498.75,65886.43,-0.12,HOLD,50
2026-07-23T18:00:00+00:00,BTC,64869.12,33.2,65440.0,65852.97,0.29,HOLD,50
2026-07-23T19:00:00+00:00,BTC,64846.94,30.6,65376.62,65825.75,-0.03,HOLD,50
2026-07-23T20:00:00+00:00,BTC,65147.5,36.5,65331.08,65802.3,0.46,HOLD,50
2026-07-23T21:00:00+00:00,BTC,65169.81,43.3,65298.07,65776.8,0.03,HOLD,50
2026-07-23T22:00:00+00:00,BTC,65195.43,38.4,65267.58,65752.58,0.04,HOLD,50
2026-07-23T23:00:00+00:00,BTC,65098.97,36.3,65239.4,65726.86,-0.15,HOLD,50
2026-07-24T00:00:00+00:00,BTC,64973.99,30.8,65207.28,65700.26,-0.19,HOLD,50
2026-07-24T01:00:00+00:00,BTC,65086.0,37.8,65177.03,65670.86,0.17,HOLD,50
2026-07-24T02:00:00+00:00,BTC,65116.99,48.4,65143.38,65640.78,0.05,HOLD,50
2026-07-24T03:00:00+00:00,BTC,65456.7,67.8,65144.1,65621.25,0.52,HOLD,50
2026-07-24T04:00:00+00:00,BTC,65318.0,61.8,65128.35,65601.32,-0.21,HOLD,50
2026-07-24T05:00:00+00:00,BTC,65325.0,60.9,65112.66,65583.62,0.01,HOLD,50
2026-07-24T06:00:00+00:00,BTC,65472.0,71.9,65099.26,65565.44,0.23,HOLD,50
2026-07-24T07:00:00+00:00,BTC,65499.95,75.9,65096.5,65555.94,0.04,HOLD,50
2026-07-24T08:00:00+00:00,BTC,65302.18,63.6,65103.25,65543.3,-0.3,HOLD,50
2026-07-24T09:00:00+00:00,BTC,65113.13,57.6,65114.91,65528.69,-0.29,HOLD,50
2026-07-24T10:00:00+00:00,BTC,64950.0,43.9,65116.91,65507.93,-0.25,HOLD,50
2026-07-24T11:00:00+00:00,BTC,65083.43,47.5,65123.16,65491.04,0.21,HOLD,50
2026-07-24T12:00:00+00:00,BTC,64780.01,39.7,65124.32,65465.72,-0.47,HOLD,50
2026-07-24T13:00:00+00:00,BTC,64155.46,31.4,65098.03,65428.56,-0.96,HOLD,50
2026-07-24T14:00:00+00:00,BTC,64055.12,31.7,65057.33,65396.95,-0.16,HOLD,50
2026-07-24T15:00:00+00:00,BTC,64093.85,29.7,65019.68,65359.8,0.06,HOLD,50
2026-07-24T16:00:00+00:00,BTC,63958.0,27.2,64960.2,65323.08,-0.21,HOLD,50
2026-07-24T17:00:00+00:00,BTC,64180.0,23.7,64910.71,65285.73,0.35,BULLISH,70
2026-07-24T18:00:00+00:00,BTC,64272.0,28.0,64864.54,65246.59,0.14,HOLD,50
2026-07-24T19:00:00+00:00,BTC,64225.32,27.3,64820.86,65210.61,-0.07,HOLD,50
2026-07-24T20:00:00+00:00,BTC,64170.23,22.1,64780.67,65176.11,-0.09,HOLD,50
2026-07-24T21:00:00+00:00,BTC,64155.0,21.0,64734.12,65140.75,-0.02,HOLD,50
2026-07-24T22:00:00+00:00,BTC,64169.01,23.4,64686.72,65105.73,0.02,HOLD,50
2026-07-24T23:00:00+00:00,BTC,64139.99,25.3,64620.88,65067.08,-0.05,HOLD,50
2026-07-25T00:00:00+00:00,BTC,64073.61,26.7,64558.66,65027.67,-0.1,HOLD,50
2026-07-25T01:00:00+00:00,BTC,64068.01,21.0,64495.82,64986.74,-0.01,HOLD,50
2026-07-25T02:00:00+00:00,BTC,64052.0,25.1,64424.82,64946.62,-0.02,HOLD,50
2026-07-25T03:00:00+00:00,BTC,64085.36,46.0,64354.09,64911.72,0.05,HOLD,50
2026-07-25T04:00:00+00:00,BTC,64181.46,57.3,64298.05,64879.25,0.15,HOLD,50
2026-07-25T05:00:00+00:00,BTC,64024.0,46.5,64243.59,64846.48,-0.25,HOLD,50
2026-07-25T06:00:00+00:00,BTC,64010.0,53.0,64196.59,64814.35,-0.02,HOLD,50
2026-07-25T07:00:00+00:00,BTC,64003.2,36.4,64142.58,64780.59,-0.01,HOLD,50
2026-07-25T08:00:00+00:00,BTC,63876.06,21.0,64097.38,64742.31,-0.2,HOLD,50
2026-07-25T09:00:00+00:00,BTC,63999.99,35.2,64089.61,64713.47,0.19,HOLD,50
2026-07-25T10:00:00+00:00,BTC,64070.0,43.5,64090.35,64682.21,0.11,HOLD,50
2026-07-25T11:00:00+00:00,BTC,64064.01,44.1,64088.86,64650.71,-0.01,HOLD,50
2026-07-25T12:00:00+00:00,BTC,64123.8,47.2,64097.15,64618.39,0.09,HOLD,50
2026-07-25T13:00:00+00:00,BTC,64172.0,51.9,64096.75,64590.72,0.08,HOLD,50
2026-07-25T14:00:00+00:00,BTC,64214.04,58.7,64093.85,64571.66,0.07,HOLD,50
2026-07-25T15:00:00+00:00,BTC,64182.0,56.8,64091.69,64557.7,-0.05,HOLD,50
2026-07-25T16:00:00+00:00,BTC,64206.6,59.2,64093.51,64543.63,0.04,HOLD,50
2026-07-25T17:00:00+00:00,BTC,64267.4,60.5,64099.13,64529.82,0.09,HOLD,50
2026-07-25T18:00:00+00:00,BTC,64415.99,62.7,64111.48,64523.0,0.23,HOLD,50
2026-07-25T19:00:00+00:00,BTC,64388.38,73.0,64123.9,64517.14,-0.04,HOLD,50
2026-07-25T20:00:00+00:00,BTC,64339.75,70.0,64137.2,64506.55,-0.08,HOLD,50
2026-07-25T21:00:00+00:00,BTC,64344.02,70.7,64151.0,64496.5,0.01,HOLD,50
2026-07-25T22:00:00+00:00,BTC,64412.0,85.1,64169.0,64481.79,0.11,HOLD,50
2026-07-25T23:00:00+00:00,BTC,64375.0,77.7,64183.49,64465.89,-0.06,HOLD,50
2026-07-26T00:00:00+00:00,BTC,64506.99,79.5,64199.76,64452.12,0.21,HOLD,50
2026-07-26T01:00:00+00:00,BTC,64462.0,75.6,64221.66,64439.38,-0.07,HOLD,50
2026-07-26T02:00:00+00:00,BTC,64527.56,75.7,64247.54,64430.45,0.1,HOLD,50
2026-07-26T03:00:00+00:00,BTC,64557.0,75.1,64275.23,64419.87,0.05,HOLD,50
2026-07-26T04:00:00+00:00,BTC,64530.06,71.1,64307.93,64408.13,-0.04,HOLD,50
2026-07-26T05:00:00+00:00,BTC,64417.69,64.2,64328.81,64387.35,-0.17,HOLD,50
2026-07-26T06:00:00+00:00,BTC,64438.0,64.0,64347.21,64369.75,0.03,HOLD,50
2026-07-26T07:00:00+00:00,BTC,64370.0,56.2,64362.51,64350.65,-0.11,HOLD,50
2026-07-26T08:00:00+00:00,BTC,64480.01,54.0,64380.32,64330.81,0.17,HOLD,50
2026-07-26T09:00:00+00:00,BTC,64538.0,59.1,64398.62,64311.57,0.09,HOLD,50
2026-07-26T10:00:00+00:00,BTC,64515.4,61.0,64413.69,64295.84,-0.04,HOLD,50
2026-07-26T11:00:00+00:00,BTC,64507.35,60.2,64429.96,64283.72,-0.01,HOLD,50
2026-07-26T12:00:00+00:00,BTC,64466.67,53.5,64442.96,64274.06,-0.06,HOLD,50
2026-07-26T13:00:00+00:00,BTC,64518.0,59.0,64455.49,64262.75,0.08,HOLD,50
2026-07-26T14:00:00+00:00,BTC,64712.99,62.1,64470.34,64261.41,0.3,HOLD,50
2026-07-26T15:00:00+00:00,BTC,64768.0,67.7,64489.32,64273.66,0.09,HOLD,50
2026-07-26T16:00:00+00:00,BTC,64734.17,62.4,64509.05,64287.24,-0.05,HOLD,50
2026-07-26T17:00:00+00:00,BTC,64697.2,58.4,64526.7,64299.31,-0.06,HOLD,50
2026-07-26T18:00:00+00:00,BTC,64734.38,62.0,64542.82,64314.83,0.06,HOLD,50
2026-07-26T19:00:00+00:00,BTC,64695.52,67.9,64558.85,64325.14,-0.06,HOLD,50
2026-07-26T20:00:00+00:00,BTC,64649.04,63.2,64565.95,64332.69,-0.07,HOLD,50
2026-07-26T21:00:00+00:00,BTC,64858.02,75.9,64585.75,64345.34,0.32,HOLD,50
2026-07-26T22:00:00+00:00,BTC,65412.68,83.6,64630.01,64370.19,0.86,HOLD,50
2026-07-26T23:00:00+00:00,BTC,65399.99,82.1,64672.16,64395.09,-0.02,HOLD,50
2026-07-27T00:00:00+00:00,BTC,65131.95,69.4,64702.25,64414.35,-0.41,BEARISH,70
2026-07-27T01:00:00+00:00,BTC,65206.21,71.1,64741.68,64435.67,0.11,HOLD,50
2026-07-27T02:00:00+00:00,BTC,65172.0,71.4,64778.38,64457.64,-0.05,HOLD,50
2026-07-27T03:00:00+00:00,BTC,65284.0,72.4,64824.08,64481.96,0.17,HOLD,50
2026-07-27T04:00:00+00:00,BTC,65282.8,68.8,64864.22,64506.57,-0.0,HOLD,50
2026-07-27T05:00:00+00:00,BTC,65468.38,71.3,64910.74,64534.24,0.28,HOLD,50
2026-07-27T06:00:00+00:00,BTC,65416.76,70.5,64955.81,64558.94,-0.08,HOLD,50
2026-07-27T07:00:00+00:00,BTC,65221.99,64.4,64991.54,64582.9,-0.3,HOLD,50
2026-07-27T08:00:00+00:00,BTC,65162.98,61.6,65026.35,64605.96,-0.09,HOLD,50
2026-07-27T09:00:00+00:00,BTC,65262.17,64.9,65063.56,64631.14,0.15,HOLD,50
2026-07-27T10:00:00+00:00,BTC,65333.35,67.8,65094.58,64660.29,0.11,HOLD,50
2026-07-27T11:00:00+00:00,BTC,65100.79,56.2,65111.22,64682.3,-0.36,HOLD,50
2026-07-27T12:00:00+00:00,BTC,65086.0,38.4,65128.81,64702.62,-0.02,HOLD,50
2026-07-27T13:00:00+00:00,BTC,65217.37,44.0,65154.82,64725.69,0.2,HOLD,50
2026-07-27T14:00:00+00:00,BTC,64687.45,37.6,65152.47,64736.96,-0.81,HOLD,50
2026-07-27T15:00:00+00:00,BTC,64554.01,32.4,65145.4,64744.6,-0.21,HOLD,50
2026-07-27T16:00:00+00:00,BTC,64898.52,43.7,65157.87,64758.29,0.53,HOLD,50
2026-07-27T17:00:00+00:00,BTC,65019.81,43.9,65165.96,64775.05,0.19,HOLD,50
2026-07-27T18:00:00+00:00,BTC,64878.0,41.2,65139.23,64788.48,-0.22,HOLD,50
2026-07-27T19:00:00+00:00,BTC,64984.0,39.1,65118.43,64802.81,0.16,HOLD,50
2026-07-27T20:00:00+00:00,BTC,64960.65,39.6,65109.86,64813.7,-0.04,HOLD,50
2026-07-27T21:00:00+00:00,BTC,64821.25,40.7,65090.61,64822.36,-0.21,HOLD,50
2026-07-27T22:00:00+00:00,BTC,63792.0,28.0,65021.61,64811.4,-1.59,BEARISH,55
2026-07-27T23:00:00+00:00,BTC,63755.86,25.3,64945.21,64799.64,-0.06,HOLD,50
2026-07-28T00:00:00+00:00,BTC,63487.88,21.6,64855.46,64781.16,-0.42,HOLD,50
2026-07-28T01:00:00+00:00,BTC,63230.83,21.5,64743.58,64758.27,-0.4,HOLD,50
2026-07-28T02:00:00+00:00,BTC,63185.59,21.3,64632.03,64731.85,-0.07,HOLD,50
2026-07-28T03:00:00+00:00,BTC,63343.83,21.9,64538.12,64709.48,0.25,HOLD,50
2026-07-28T04:00:00+00:00,BTC,63350.95,26.2,64447.52,64685.95,0.01,HOLD,50
2026-07-28T05:00:00+00:00,BTC,63451.61,30.2,64356.99,64663.84,0.16,HOLD,50
2026-07-28T06:00:00+00:00,BTC,63640.63,26.0,64272.35,64646.05,0.3,HOLD,50
2026-07-28T07:00:00+00:00,BTC,63505.99,21.3,64192.61,64627.82,-0.21,HOLD,50
2026-07-28T08:00:00+00:00,BTC,63428.08,21.8,64109.72,64607.62,-0.12,HOLD,50
2026-07-28T09:00:00+00:00,BTC,63393.99,18.2,64018.55,64588.1,-0.05,HOLD,50
2026-07-28T10:00:00+00:00,BTC,63473.47,20.9,63957.85,64567.97,0.13,HOLD,50
2026-07-28T11:00:00+00:00,BTC,63450.0,21.9,63902.65,64546.21,-0.04,HOLD,50
2026-07-28T12:00:00+00:00,BTC,63546.65,41.9,63835.05,64526.84,0.15,HOLD,50
2026-07-28T13:00:00+00:00,BTC,63104.0,33.0,63739.26,64498.77,-0.7,HOLD,50
2026-07-28T14:00:00+00:00,BTC,63412.45,48.1,63665.99,64477.68,0.49,HOLD,50
2026-07-28T15:00:00+00:00,BTC,63928.47,65.8,63613.21,64465.89,0.81,HOLD,50
2026-07-28T16:00:00+00:00,BTC,64043.26,68.8,63567.34,64452.5,0.18,HOLD,50
2026-07-28T17:00:00+00:00,BTC,63685.88,56.9,63510.57,64430.86,-0.56,HOLD,50
2026-07-28T18:00:00+00:00,BTC,63734.49,57.6,63507.7,64410.86,0.08,HOLD,50
2026-07-28T19:00:00+00:00,BTC,63904.0,58.7,63515.1,64395.0,0.27,HOLD,50
2026-07-28T20:00:00+00:00,BTC,63917.55,55.7,63536.59,64378.66,0.02,HOLD,50
2026-07-28T21:00:00+00:00,BTC,63972.44,60.0,63573.67,64364.2,0.09,HOLD,50
2026-07-28T22:00:00+00:00,BTC,63783.71,57.3,63603.57,64346.89,-0.3,HOLD,50
2026-07-28T23:00:00+00:00,BTC,63915.0,60.2,63632.13,64328.03,0.21,HOLD,50
2026-07-29T00:00:00+00:00,BTC,63953.99,59.6,63662.28,64298.86,0.06,HOLD,50
2026-07-29T01:00:00+00:00,BTC,63705.06,54.7,63674.96,64264.96,-0.39,HOLD,50
2026-07-29T02:00:00+00:00,BTC,63979.96,57.4,63691.92,64241.92,0.43,HOLD,50
2026-07-29T03:00:00+00:00,BTC,63753.03,62.1,63704.27,64212.86,-0.35,HOLD,50
2026-07-29T04:00:00+00:00,BTC,63968.34,60.7,63731.29,64188.79,0.34,HOLD,50
2026-07-29T05:00:00+00:00,BTC,64067.32,53.2,63764.95,64164.45,0.15,HOLD,50
2026-07-29T06:00:00+00:00,BTC,64435.62,58.1,63813.06,64147.51,0.57,HOLD,50
2026-07-29T07:00:00+00:00,BTC,64540.53,69.6,63867.59,64128.95,0.16,HOLD,50
2026-06-17T17:00:00+00:00,ETH,1789.27,50.0,1780.64,1780.64,0.97,HOLD,50
2026-06-17T18:00:00+00:00,ETH,1770.32,50.0,1777.2,1777.2,-1.06,BEARISH,55
2026-06-17T19:00:00+00:00,ETH,1734.72,50.0,1766.58,1766.58,-2.01,BEARISH,55
2026-06-17T20:00:00+00:00,ETH,1747.36,50.0,1762.74,1762.74,0.73,HOLD,50
2026-06-17T21:00:00+00:00,ETH,1738.9,50.0,1758.77,1758.77,-0.48,HOLD,50
2026-06-17T22:00:00+00:00,ETH,1740.31,50.0,1756.13,1756.13,0.08,HOLD,50
2026-06-17T23:00:00+00:00,ETH,1750.6,50.0,1755.44,1755.44,0.59,HOLD,50
2026-06-18T00:00:00+00:00,ETH,1752.97,50.0,1755.16,1755.16,0.14,HOLD,50
2026-06-18T01:00:00+00:00,ETH,1754.92,50.0,1755.14,1755.14,0.11,HOLD,50
2026-06-18T02:00:00+00:00,ETH,1755.85,50.0,1755.2,1755.2,0.05,HOLD,50
2026-06-18T03:00:00+00:00,ETH,1744.17,50.0,1754.28,1754.28,-0.67,HOLD,50
2026-06-18T04:00:00+00:00,ETH,1730.64,50.0,1752.47,1752.47,-0.78,HOLD,50
2026-06-18T05:00:00+00:00,ETH,1730.97,50.0,1750.93,1750.93,0.02,HOLD,50
2026-06-18T06:00:00+00:00,ETH,1735.56,37.0,1749.91,1749.91,0.27,HOLD,50
2026-06-18T07:00:00+00:00,ETH,1749.79,35.6,1749.9,1749.9,0.82,HOLD,50
2026-06-18T08:00:00+00:00,ETH,1747.67,40.6,1749.77,1749.77,-0.12,HOLD,50
2026-06-18T09:00:00+00:00,ETH,1746.07,56.6,1749.56,1749.56,-0.09,HOLD,50
2026-06-18T10:00:00+00:00,ETH,1746.9,49.7,1749.42,1749.42,0.05,HOLD,50
2026-06-18T11:00:00+00:00,ETH,1743.31,53.2,1749.12,1749.12,-0.21,HOLD,50
2026-06-18T12:00:00+00:00,ETH,1750.41,56.7,1748.04,1749.18,0.41,HOLD,50
2026-06-18T13:00:00+00:00,ETH,1736.78,41.2,1745.41,1748.61,-0.78,HOLD,50
2026-06-18T14:00:00+00:00,ETH,1739.79,41.7,1743.88,1748.23,0.17,HOLD,50
2026-06-18T15:00:00+00:00,ETH,1682.23,23.0,1741.26,1745.48,-3.31,BEARISH,75
2026-06-18T16:00:00+00:00,ETH,1686.93,25.1,1738.24,1743.14,0.28,HOLD,50
2026-06-18T17:00:00+00:00,ETH,1679.42,25.9,1735.26,1740.69,-0.45,HOLD,50
2026-06-18T18:00:00+00:00,ETH,1685.38,32.1,1732.52,1738.64,0.35,BULLISH,70
2026-06-18T19:00:00+00:00,ETH,1705.39,41.3,1730.26,1737.45,1.19,BULLISH,55
2026-06-18T20:00:00+00:00,ETH,1710.47,41.5,1728.13,1736.52,0.3,HOLD,50
2026-06-18T21:00:00+00:00,ETH,1708.39,34.6,1725.81,1735.58,-0.12,HOLD,50
2026-06-18T22:00:00+00:00,ETH,1706.81,34.8,1723.35,1734.66,-0.09,HOLD,50
2026-06-18T23:00:00+00:00,ETH,1711.11,37.2,1721.7,1733.92,0.25,HOLD,50
2026-06-19T00:00:00+00:00,ETH,1713.84,38.1,1720.86,1733.31,0.16,HOLD,50
2026-06-19T01:00:00+00:00,ETH,1713.5,39.0,1719.99,1732.73,-0.02,HOLD,50
2026-06-19T02:00:00+00:00,ETH,1707.15,34.0,1718.57,1732.0,-0.37,HOLD,50
2026-06-19T03:00:00+00:00,ETH,1697.69,35.0,1715.96,1731.04,-0.55,HOLD,50
2026-06-19T04:00:00+00:00,ETH,1689.72,31.5,1713.06,1729.93,-0.47,HOLD,50
2026-06-19T05:00:00+00:00,ETH,1697.51,58.9,1710.64,1729.07,0.46,HOLD,50
2026-06-19T06:00:00+00:00,ETH,1700.26,57.9,1708.3,1728.34,0.16,HOLD,50
2026-06-19T07:00:00+00:00,ETH,1695.82,60.1,1705.93,1727.52,-0.26,HOLD,50
2026-06-19T08:00:00+00:00,ETH,1697.94,58.2,1703.31,1726.8,0.13,HOLD,50
2026-06-19T09:00:00+00:00,ETH,1689.2,37.7,1700.93,1725.91,-0.51,HOLD,50
2026-06-19T10:00:00+00:00,ETH,1692.61,36.1,1698.57,1725.13,0.2,HOLD,50
2026-06-19T11:00:00+00:00,ETH,1691.74,36.8,1699.04,1724.37,-0.05,HOLD,50
2026-06-19T12:00:00+00:00,ETH,1695.36,41.2,1699.47,1723.73,0.21,HOLD,50
2026-06-19T13:00:00+00:00,ETH,1703.47,44.4,1700.67,1723.29,0.48,HOLD,50
2026-06-19T14:00:00+00:00,ETH,1706.97,45.1,1701.75,1722.94,0.21,HOLD,50
2026-06-19T15:00:00+00:00,ETH,1707.86,46.0,1701.87,1722.63,0.05,HOLD,50
2026-06-19T16:00:00+00:00,ETH,1696.8,43.1,1701.19,1722.1,-0.65,HOLD,50
2026-06-19T17:00:00+00:00,ETH,1704.85,54.9,1701.01,1721.75,0.47,HOLD,50
2026-06-19T18:00:00+00:00,ETH,1702.7,59.6,1700.81,1720.37,-0.13,HOLD,50
2026-06-19T19:00:00+00:00,ETH,1701.2,53.0,1700.31,1718.61,-0.09,HOLD,50
2026-06-19T20:00:00+00:00,ETH,1708.96,56.6,1700.07,1717.38,0.46,HOLD,50
2026-06-19T21:00:00+00:00,ETH,1702.03,54.5,1699.49,1716.73,-0.41,HOLD,50
2026-06-19T22:00:00+00:00,ETH,1707.61,56.7,1699.52,1715.93,0.33,HOLD,50
2026-06-19T23:00:00+00:00,ETH,1711.19,66.4,1700.19,1715.38,0.21,HOLD,50
2026-06-20T00:00:00+00:00,ETH,1708.8,62.3,1701.14,1714.75,-0.14,HOLD,50
2026-06-20T01:00:00+00:00,ETH,1709.89,63.7,1701.76,1713.93,0.06,HOLD,50
2026-06-20T02:00:00+00:00,ETH,1704.85,57.0,1701.99,1712.97,-0.29,HOLD,50
2026-06-20T03:00:00+00:00,ETH,1708.17,53.7,1702.61,1712.03,0.19,HOLD,50
2026-06-20T04:00:00+00:00,ETH,1713.52,55.1,1703.39,1711.19,0.31,HOLD,50
2026-06-20T05:00:00+00:00,ETH,1726.1,61.9,1705.23,1710.83,0.73,HOLD,50
2026-06-20T06:00:00+00:00,ETH,1727.67,73.1,1706.99,1710.77,0.09,HOLD,50
2026-06-20T07:00:00+00:00,ETH,1725.82,67.3,1708.69,1710.66,-0.11,HOLD,50
2026-06-20T08:00:00+00:00,ETH,1722.83,66.4,1710.06,1710.41,-0.17,HOLD,50
2026-06-20T09:00:00+00:00,ETH,1728.47,70.8,1711.31,1709.98,0.33,HOLD,50
2026-06-20T10:00:00+00:00,ETH,1727.62,65.9,1712.35,1709.58,-0.05,HOLD,50
2026-06-20T11:00:00+00:00,ETH,1727.18,74.1,1713.31,1709.2,-0.03,HOLD,50
2026-06-20T12:00:00+00:00,ETH,1726.86,70.5,1714.82,1708.8,-0.02,HOLD,50
2026-06-20T13:00:00+00:00,ETH,1717.56,56.0,1715.45,1708.29,-0.54,HOLD,50
2026-06-20T14:00:00+00:00,ETH,1733.48,68.6,1716.99,1707.95,0.93,HOLD,50
2026-06-20T15:00:00+00:00,ETH,1740.63,71.3,1718.96,1708.03,0.41,HOLD,50
2026-06-20T16:00:00+00:00,ETH,1733.92,69.6,1720.21,1707.91,-0.39,BEARISH,70
2026-06-20T17:00:00+00:00,ETH,1726.86,62.0,1721.45,1708.8,-0.41,HOLD,50
2026-06-20T18:00:00+00:00,ETH,1726.63,59.0,1722.4,1709.6,-0.01,HOLD,50
2026-06-20T19:00:00+00:00,ETH,1729.27,52.5,1723.31,1710.59,0.15,HOLD,50
2026-06-20T20:00:00+00:00,ETH,1730.98,52.6,1724.42,1711.51,0.1,HOLD,50
2026-06-20T21:00:00+00:00,ETH,1735.33,57.3,1725.69,1712.1,0.25,HOLD,50
2026-06-20T22:00:00+00:00,ETH,1743.32,64.6,1727.61,1712.76,0.46,HOLD,50
2026-06-20T23:00:00+00:00,ETH,1741.08,59.4,1729.26,1713.41,-0.13,HOLD,50
2026-06-21T00:00:00+00:00,ETH,1737.92,57.4,1730.48,1714.04,-0.18,HOLD,50
2026-06-21T01:00:00+00:00,ETH,1737.01,57.1,1731.02,1714.56,-0.05,HOLD,50
2026-06-21T02:00:00+00:00,ETH,1736.09,56.6,1731.44,1715.0,-0.05,HOLD,50
2026-06-21T03:00:00+00:00,ETH,1737.87,66.2,1732.05,1715.49,0.1,HOLD,50
2026-06-21T04:00:00+00:00,ETH,1732.85,49.4,1732.55,1716.0,-0.29,HOLD,50
2026-06-21T05:00:00+00:00,ETH,1733.47,42.1,1732.8,1716.72,0.04,HOLD,50
2026-06-21T06:00:00+00:00,ETH,1736.14,52.7,1733.22,1717.65,0.15,HOLD,50
2026-06-21T07:00:00+00:00,ETH,1732.36,57.2,1733.48,1718.34,-0.22,HOLD,50
2026-06-21T08:00:00+00:00,ETH,1729.1,53.0,1733.59,1718.92,-0.19,HOLD,50
2026-06-21T09:00:00+00:00,ETH,1732.78,54.2,1734.35,1719.66,0.21,HOLD,50
2026-06-21T10:00:00+00:00,ETH,1731.38,50.5,1734.25,1720.33,-0.08,HOLD,50
2026-06-21T11:00:00+00:00,ETH,1725.36,38.5,1733.49,1721.05,-0.35,HOLD,50
2026-06-21T12:00:00+00:00,ETH,1726.0,26.0,1733.09,1721.72,0.04,HOLD,50
2026-06-21T13:00:00+00:00,ETH,1725.15,27.1,1733.0,1722.39,-0.05,HOLD,50
2026-06-21T14:00:00+00:00,ETH,1728.44,36.4,1733.1,1723.05,0.19,HOLD,50
2026-06-21T15:00:00+00:00,ETH,1730.72,41.3,1733.17,1723.59,0.13,HOLD,50
2026-06-21T16:00:00+00:00,ETH,1728.15,39.5,1733.03,1724.02,-0.15,HOLD,50
2026-06-21T17:00:00+00:00,ETH,1727.36,35.7,1732.63,1724.41,-0.05,HOLD,50
2026-06-21T18:00:00+00:00,ETH,1735.39,53.2,1732.23,1725.18,0.46,HOLD,50
2026-06-21T19:00:00+00:00,ETH,1734.14,50.8,1731.88,1725.76,-0.07,HOLD,50
2026-06-21T20:00:00+00:00,ETH,1721.3,35.4,1731.05,1726.14,-0.74,HOLD,50
2026-06-21T21:00:00+00:00,ETH,1718.6,36.1,1730.13,1726.48,-0.16,HOLD,50
2026-06-21T22:00:00+00:00,ETH,1717.65,37.9,1729.21,1726.66,-0.06,HOLD,50
2026-06-21T23:00:00+00:00,ETH,1706.94,26.2,1727.66,1726.76,-0.62,HOLD,50
2026-06-22T00:00:00+00:00,ETH,1726.95,47.0,1727.37,1727.14,1.17,BULLISH,55
2026-06-22T01:00:00+00:00,ETH,1743.82,61.0,1727.89,1727.8,0.98,HOLD,50
2026-06-22T02:00:00+00:00,ETH,1737.28,56.3,1727.94,1728.37,-0.38,HOLD,50
2026-06-22T03:00:00+00:00,ETH,1730.0,52.5,1727.83,1728.77,-0.42,HOLD,50
2026-06-22T04:00:00+00:00,ETH,1735.31,53.5,1728.14,1729.38,0.31,HOLD,50
2026-06-22T05:00:00+00:00,ETH,1736.85,53.1,1728.34,1729.95,0.09,HOLD,50
2026-06-22T06:00:00+00:00,ETH,1735.06,53.6,1728.52,1730.38,-0.1,HOLD,50
2026-06-22T07:00:00+00:00,ETH,1746.34,58.9,1729.57,1730.79,0.65,HOLD,50
2026-06-22T08:00:00+00:00,ETH,1747.79,56.2,1730.66,1731.19,0.08,HOLD,50
2026-06-22T09:00:00+00:00,ETH,1746.2,56.0,1731.71,1731.6,-0.09,HOLD,50
2026-06-22T10:00:00+00:00,ETH,1748.81,65.2,1732.73,1732.12,0.15,HOLD,50
2026-06-22T11:00:00+00:00,ETH,1767.68,73.0,1734.58,1732.9,1.08,BULLISH,55
2026-06-22T12:00:00+00:00,ETH,1764.0,71.2,1736.37,1733.63,-0.21,HOLD,50
2026-06-22T13:00:00+00:00,ETH,1777.51,81.4,1738.88,1734.63,0.77,HOLD,50
2026-06-22T14:00:00+00:00,ETH,1754.61,62.0,1739.84,1735.19,-1.29,BEARISH,55
2026-06-22T15:00:00+00:00,ETH,1744.74,50.4,1740.37,1735.73,-0.56,HOLD,50
2026-06-22T16:00:00+00:00,ETH,1740.1,51.3,1741.31,1735.86,-0.27,HOLD,50
2026-06-22T17:00:00+00:00,ETH,1740.93,55.5,1742.43,1735.87,0.05,HOLD,50
2026-06-22T18:00:00+00:00,ETH,1733.51,49.1,1743.22,1735.86,-0.43,HOLD,50
2026-06-22T19:00:00+00:00,ETH,1734.59,48.9,1744.6,1736.02,0.06,HOLD,50
2026-06-22T20:00:00+00:00,ETH,1734.61,49.8,1744.99,1736.18,0.0,HOLD,50
2026-06-22T21:00:00+00:00,ETH,1732.74,42.5,1744.43,1736.25,-0.11,HOLD,50
2026-06-22T22:00:00+00:00,ETH,1724.15,37.9,1743.78,1736.11,-0.5,HOLD,50
2026-06-22T23:00:00+00:00,ETH,1728.19,41.0,1743.69,1735.97,0.23,HOLD,50
2026-06-23T00:00:00+00:00,ETH,1731.27,41.3,1743.48,1735.73,0.18,HOLD,50
2026-06-23T01:00:00+00:00,ETH,1730.61,27.4,1743.17,1735.52,-0.04,HOLD,50
2026-06-23T02:00:00+00:00,ETH,1732.65,30.5,1743.05,1735.41,0.12,HOLD,50
2026-06-23T03:00:00+00:00,ETH,1729.9,15.9,1742.23,1735.27,-0.16,HOLD,50
2026-06-23T04:00:00+00:00,ETH,1719.07,19.2,1740.79,1734.93,-0.63,HOLD,50
2026-06-23T05:00:00+00:00,ETH,1713.44,20.7,1739.16,1734.44,-0.33,HOLD,50
2026-06-23T06:00:00+00:00,ETH,1692.29,15.8,1736.33,1733.63,-1.23,BEARISH,55
2026-06-23T07:00:00+00:00,ETH,1683.01,13.1,1732.1,1732.62,-0.55,HOLD,50
2026-06-23T08:00:00+00:00,ETH,1648.48,9.7,1726.32,1730.87,-2.05,BEARISH,75
2026-06-23T09:00:00+00:00,ETH,1650.97,10.9,1719.99,1729.24,0.15,HOLD,50
2026-06-23T10:00:00+00:00,ETH,1652.65,12.3,1714.89,1727.71,0.1,HOLD,50
2026-06-23T11:00:00+00:00,ETH,1660.9,18.8,1710.7,1726.27,0.5,BULLISH,70
2026-06-23T12:00:00+00:00,ETH,1654.53,19.1,1706.42,1724.73,-0.38,HOLD,50
2026-06-23T13:00:00+00:00,ETH,1662.83,22.1,1702.52,1723.48,0.5,BULLISH,85
2026-06-23T14:00:00+00:00,ETH,1662.1,19.8,1698.95,1722.21,-0.04,HOLD,50
2026-06-23T15:00:00+00:00,ETH,1659.78,19.6,1695.21,1720.9,-0.14,HOLD,50
2026-06-23T16:00:00+00:00,ETH,1659.35,18.1,1691.45,1719.52,-0.03,HOLD,50
2026-06-23T17:00:00+00:00,ETH,1656.85,18.1,1687.65,1718.04,-0.15,HOLD,50
2026-06-23T18:00:00+00:00,ETH,1655.53,19.7,1684.22,1716.59,-0.08,HOLD,50
2026-06-23T19:00:00+00:00,ETH,1662.58,26.1,1680.94,1715.29,0.43,BULLISH,70
2026-06-23T20:00:00+00:00,ETH,1664.13,33.8,1677.58,1713.87,0.09,HOLD,50
2026-06-23T21:00:00+00:00,ETH,1666.75,39.9,1674.39,1712.52,0.16,HOLD,50
2026-06-23T22:00:00+00:00,ETH,1664.67,67.0,1670.99,1711.39,-0.12,HOLD,50
2026-06-23T23:00:00+00:00,ETH,1667.13,67.0,1667.85,1710.36,0.15,HOLD,50
2026-06-24T00:00:00+00:00,ETH,1671.37,68.6,1665.47,1709.43,0.25,HOLD,50
2026-06-24T01:00:00+00:00,ETH,1672.71,63.6,1663.43,1708.75,0.08,HOLD,50
2026-06-24T02:00:00+00:00,ETH,1664.03,60.4,1662.02,1707.49,-0.52,HOLD,50
2026-06-24T03:00:00+00:00,ETH,1666.67,54.8,1661.2,1705.95,0.16,HOLD,50
2026-06-24T04:00:00+00:00,ETH,1669.0,58.3,1662.23,1704.58,0.14,HOLD,50
2026-06-24T05:00:00+00:00,ETH,1674.48,66.4,1663.4,1703.47,0.33,HOLD,50
2026-06-24T06:00:00+00:00,ETH,1674.89,67.4,1664.51,1702.26,0.02,HOLD,50
2026-06-24T07:00:00+00:00,ETH,1673.12,68.5,1665.12,1700.99,-0.11,HOLD,50
2026-06-24T08:00:00+00:00,ETH,1673.28,70.7,1666.06,1699.75,0.01,HOLD,50
2026-06-24T09:00:00+00:00,ETH,1667.15,55.5,1666.28,1698.17,-0.37,HOLD,50
2026-06-24T10:00:00+00:00,ETH,1663.69,49.5,1666.36,1696.48,-0.21,HOLD,50
2026-06-24T11:00:00+00:00,ETH,1679.57,61.2,1667.35,1695.15,0.95,HOLD,50
2026-06-24T12:00:00+00:00,ETH,1671.53,55.4,1667.96,1693.61,-0.48,HOLD,50
2026-06-24T13:00:00+00:00,ETH,1645.43,37.5,1667.39,1691.16,-1.56,BEARISH,55
2026-06-24T14:00:00+00:00,ETH,1647.26,35.7,1666.97,1688.83,0.11,HOLD,50
2026-06-24T15:00:00+00:00,ETH,1618.08,25.6,1664.75,1685.64,-1.77,BEARISH,55
2026-06-24T16:00:00+00:00,ETH,1589.87,21.8,1661.03,1682.34,-1.74,BEARISH,55
2026-06-24T17:00:00+00:00,ETH,1560.66,16.5,1655.73,1678.66,-1.84,BEARISH,55
2026-06-24T18:00:00+00:00,ETH,1572.26,21.1,1651.11,1675.3,0.74,BULLISH,85
2026-06-24T19:00:00+00:00,ETH,1584.58,24.2,1646.98,1672.18,0.78,BULLISH,85
2026-06-24T20:00:00+00:00,ETH,1613.63,34.9,1644.09,1669.78,1.83,BULLISH,70
2026-06-24T21:00:00+00:00,ETH,1621.37,37.6,1641.53,1667.52,0.48,HOLD,50
2026-06-24T22:00:00+00:00,ETH,1615.46,36.5,1639.1,1665.13,-0.36,HOLD,50
2026-06-24T23:00:00+00:00,ETH,1622.17,39.6,1636.87,1662.92,0.42,HOLD,50
2026-06-25T00:00:00+00:00,ETH,1619.12,39.6,1634.38,1660.82,-0.19,HOLD,50
2026-06-25T01:00:00+00:00,ETH,1620.72,35.3,1631.69,1658.67,0.1,HOLD,50
2026-06-25T02:00:00+00:00,ETH,1621.0,36.9,1629.0,1656.47,0.02,HOLD,50
2026-06-25T03:00:00+00:00,ETH,1619.6,42.3,1626.32,1654.25,-0.09,HOLD,50
2026-06-25T04:00:00+00:00,ETH,1635.03,46.6,1624.41,1652.29,0.95,HOLD,50
2026-06-25T05:00:00+00:00,ETH,1645.89,58.5,1623.35,1650.61,0.66,HOLD,50
2026-06-25T06:00:00+00:00,ETH,1653.95,72.4,1622.86,1649.31,0.49,HOLD,50
2026-06-25T07:00:00+00:00,ETH,1657.19,91.2,1621.74,1648.19,0.2,HOLD,50
2026-06-25T08:00:00+00:00,ETH,1652.92,86.7,1620.81,1647.4,-0.26,HOLD,50
2026-06-25T09:00:00+00:00,ETH,1648.88,81.6,1620.98,1646.72,-0.24,HOLD,50
2026-06-25T10:00:00+00:00,ETH,1636.58,63.5,1620.45,1646.48,-0.75,HOLD,50
2026-06-25T11:00:00+00:00,ETH,1633.27,57.4,1621.21,1646.12,-0.2,HOLD,50
2026-06-25T12:00:00+00:00,ETH,1635.81,63.2,1623.5,1645.79,0.16,HOLD,50
2026-06-25T13:00:00+00:00,ETH,1538.15,25.0,1622.38,1643.33,-5.97,BEARISH,75
2026-06-25T14:00:00+00:00,ETH,1568.37,37.0,1622.18,1641.61,1.96,BULLISH,55
2026-06-25T15:00:00+00:00,ETH,1570.01,37.0,1621.46,1639.75,0.1,HOLD,50
2026-06-25T16:00:00+00:00,ETH,1562.04,35.5,1618.88,1637.75,-0.51,HOLD,50
2026-06-25T17:00:00+00:00,ETH,1574.92,39.6,1616.55,1636.05,0.82,HOLD,50
2026-06-25T18:00:00+00:00,ETH,1567.56,33.7,1614.16,1634.22,-0.47,HOLD,50
2026-06-25T19:00:00+00:00,ETH,1559.42,28.8,1611.02,1632.27,-0.52,HOLD,50
2026-06-25T20:00:00+00:00,ETH,1560.33,26.2,1608.08,1630.37,0.06,HOLD,50
2026-06-25T21:00:00+00:00,ETH,1580.77,32.1,1606.08,1628.73,1.31,BULLISH,70
2026-06-25T22:00:00+00:00,ETH,1570.3,31.2,1603.55,1626.85,-0.66,HOLD,50
2026-06-25T23:00:00+00:00,ETH,1567.84,31.4,1600.96,1624.87,-0.16,HOLD,50
2026-06-26T00:00:00+00:00,ETH,1564.72,32.8,1597.45,1622.88,-0.2,HOLD,50
2026-06-26T01:00:00+00:00,ETH,1560.13,32.6,1593.16,1620.74,-0.29,HOLD,50
2026-06-26T02:00:00+00:00,ETH,1524.7,27.2,1586.7,1617.8,-2.27,BEARISH,75
2026-06-26T03:00:00+00:00,ETH,1557.93,55.5,1581.73,1615.51,2.18,BULLISH,55
2026-06-26T04:00:00+00:00,ETH,1549.79,44.1,1576.58,1613.22,-0.52,HOLD,50
2026-06-26T05:00:00+00:00,ETH,1555.69,45.6,1571.92,1611.0,0.38,HOLD,50
2026-06-26T06:00:00+00:00,ETH,1570.99,52.7,1568.64,1609.04,0.98,HOLD,50
2026-06-26T07:00:00+00:00,ETH,1581.12,51.9,1566.03,1607.17,0.64,HOLD,50
2026-06-26T08:00:00+00:00,ETH,1566.43,49.7,1562.56,1605.01,-0.93,HOLD,50
2026-06-26T09:00:00+00:00,ETH,1552.99,48.2,1563.3,1602.6,-0.86,HOLD,50
2026-06-26T10:00:00+00:00,ETH,1548.37,46.7,1562.3,1600.1,-0.3,HOLD,50
2026-06-26T11:00:00+00:00,ETH,1545.14,39.2,1561.06,1597.66,-0.21,HOLD,50
2026-06-26T12:00:00+00:00,ETH,1536.28,39.6,1559.77,1595.12,-0.57,HOLD,50
2026-06-26T13:00:00+00:00,ETH,1569.4,50.4,1559.5,1592.91,2.16,BULLISH,55
2026-06-26T14:00:00+00:00,ETH,1559.98,48.8,1559.12,1590.68,-0.6,HOLD,50
2026-06-26T15:00:00+00:00,ETH,1580.14,54.6,1560.15,1589.38,1.29,BULLISH,55
2026-06-26T16:00:00+00:00,ETH,1577.84,64.6,1561.03,1587.99,-0.15,HOLD,50
2026-06-26T17:00:00+00:00,ETH,1581.92,57.8,1561.08,1587.26,0.26,HOLD,50
2026-06-26T18:00:00+00:00,ETH,1573.34,57.7,1561.24,1586.93,-0.54,HOLD,50
2026-06-26T19:00:00+00:00,ETH,1574.51,56.3,1561.57,1587.21,0.07,HOLD,50
2026-06-26T20:00:00+00:00,ETH,1571.03,50.0,1561.89,1587.19,-0.22,HOLD,50
2026-06-26T21:00:00+00:00,ETH,1575.18,47.7,1562.64,1587.0,0.26,HOLD,50
2026-06-26T22:00:00+00:00,ETH,1577.95,54.8,1565.3,1586.28,0.18,HOLD,50
2026-06-26T23:00:00+00:00,ETH,1578.68,62.0,1566.34,1585.43,0.05,HOLD,50
2026-06-27T00:00:00+00:00,ETH,1576.82,63.7,1567.69,1584.66,-0.12,HOLD,50
2026-06-27T01:00:00+00:00,ETH,1576.01,65.2,1568.71,1583.73,-0.05,HOLD,50
2026-06-27T02:00:00+00:00,ETH,1583.13,73.5,1569.31,1583.02,0.45,HOLD,50
2026-06-27T03:00:00+00:00,ETH,1580.62,58.1,1569.29,1582.21,-0.16,HOLD,50
2026-06-27T04:00:00+00:00,ETH,1579.48,66.0,1569.94,1581.38,-0.07,HOLD,50
2026-06-27T05:00:00+00:00,ETH,1578.65,48.2,1571.22,1580.56,-0.05,HOLD,50
2026-06-27T06:00:00+00:00,ETH,1582.71,55.6,1572.94,1579.52,0.26,HOLD,50
2026-06-27T07:00:00+00:00,ETH,1585.71,54.5,1574.97,1578.31,0.19,HOLD,50
2026-06-27T08:00:00+00:00,ETH,1584.18,65.4,1577.36,1576.92,-0.1,HOLD,50
2026-06-27T09:00:00+00:00,ETH,1582.93,61.9,1578.04,1575.43,-0.08,HOLD,50
2026-06-27T10:00:00+00:00,ETH,1584.31,70.0,1579.26,1574.06,0.09,HOLD,50
2026-06-27T11:00:00+00:00,ETH,1584.0,65.1,1579.45,1572.76,-0.02,HOLD,50
2026-06-27T12:00:00+00:00,ETH,1585.95,64.0,1579.86,1571.75,0.12,HOLD,50
2026-06-27T13:00:00+00:00,ETH,1592.3,70.0,1580.37,1570.93,0.4,HOLD,50
2026-06-27T14:00:00+00:00,ETH,1594.68,75.8,1581.44,1570.11,0.15,HOLD,50
2026-06-27T15:00:00+00:00,ETH,1605.68,83.1,1583.0,1571.46,0.69,HOLD,50
2026-06-27T16:00:00+00:00,ETH,1606.97,80.6,1584.8,1572.23,0.08,HOLD,50
2026-06-27T17:00:00+00:00,ETH,1591.42,60.4,1585.61,1572.66,-0.97,HOLD,50
2026-06-27T18:00:00+00:00,ETH,1593.92,63.5,1586.41,1573.3,0.16,HOLD,50
2026-06-27T19:00:00+00:00,ETH,1578.51,49.9,1586.4,1573.37,-0.97,HOLD,50
2026-06-27T20:00:00+00:00,ETH,1581.48,49.1,1586.63,1573.65,0.19,HOLD,50
2026-06-27T21:00:00+00:00,ETH,1575.38,42.6,1586.6,1573.97,-0.39,HOLD,50
2026-06-27T22:00:00+00:00,ETH,1578.98,46.4,1586.39,1574.34,0.23,HOLD,50
2026-06-27T23:00:00+00:00,ETH,1573.99,44.1,1586.06,1574.2,-0.32,HOLD,50
2026-06-28T00:00:00+00:00,ETH,1574.75,43.6,1585.82,1574.29,0.05,HOLD,50
2026-06-28T01:00:00+00:00,ETH,1575.11,44.1,1585.65,1574.44,0.02,HOLD,50
2026-06-28T02:00:00+00:00,ETH,1572.0,40.9,1585.11,1574.58,-0.2,HOLD,50
2026-06-28T03:00:00+00:00,ETH,1575.08,38.2,1584.58,1574.88,0.2,HOLD,50
2026-06-28T04:00:00+00:00,ETH,1574.32,35.8,1584.09,1575.88,-0.05,HOLD,50
2026-06-28T05:00:00+00:00,ETH,1569.17,22.2,1583.4,1576.1,-0.33,HOLD,50
2026-06-28T06:00:00+00:00,ETH,1567.84,20.2,1582.58,1576.46,-0.08,HOLD,50
2026-06-28T07:00:00+00:00,ETH,1575.96,36.7,1582.17,1576.87,0.52,HOLD,50
2026-06-28T08:00:00+00:00,ETH,1581.58,39.9,1581.96,1577.08,0.36,HOLD,50
2026-06-28T09:00:00+00:00,ETH,1579.09,50.6,1581.3,1577.04,-0.16,HOLD,50
2026-06-28T10:00:00+00:00,ETH,1577.16,45.4,1580.42,1577.25,-0.12,HOLD,50
2026-06-28T11:00:00+00:00,ETH,1582.87,58.0,1579.28,1577.85,0.36,HOLD,50
2026-06-28T12:00:00+00:00,ETH,1583.56,55.2,1578.11,1578.55,0.04,HOLD,50
2026-06-28T13:00:00+00:00,ETH,1579.68,56.6,1577.52,1579.24,-0.25,HOLD,50
2026-06-28T14:00:00+00:00,ETH,1581.56,57.7,1576.9,1580.15,0.12,HOLD,50
2026-06-28T15:00:00+00:00,ETH,1580.89,56.5,1577.02,1580.38,-0.04,HOLD,50
2026-06-28T16:00:00+00:00,ETH,1572.85,50.9,1576.59,1580.64,-0.51,HOLD,50
2026-06-28T17:00:00+00:00,ETH,1572.35,47.1,1576.44,1580.48,-0.03,HOLD,50
2026-06-28T18:00:00+00:00,ETH,1571.78,47.3,1576.08,1580.36,-0.04,HOLD,50
2026-06-28T19:00:00+00:00,ETH,1564.62,45.3,1575.61,1580.01,-0.46,HOLD,50
2026-06-28T20:00:00+00:00,ETH,1573.2,54.8,1575.53,1580.01,0.55,HOLD,50
2026-06-28T21:00:00+00:00,ETH,1563.62,39.2,1574.96,1579.79,-0.61,HOLD,50
2026-06-28T22:00:00+00:00,ETH,1557.09,29.0,1574.21,1579.52,-0.42,HOLD,50
2026-06-28T23:00:00+00:00,ETH,1571.96,44.9,1574.06,1579.45,0.95,HOLD,50
2026-06-29T00:00:00+00:00,ETH,1573.53,47.4,1574.02,1579.36,0.1,HOLD,50
2026-06-29T01:00:00+00:00,ETH,1568.7,39.8,1573.99,1579.16,-0.31,HOLD,50
2026-06-29T02:00:00+00:00,ETH,1576.6,45.5,1574.43,1579.16,0.5,HOLD,50
2026-06-29T03:00:00+00:00,ETH,1584.78,53.2,1574.87,1579.33,0.52,HOLD,50
2026-06-29T04:00:00+00:00,ETH,1575.5,46.6,1574.57,1579.18,-0.59,HOLD,50
2026-06-29T05:00:00+00:00,ETH,1583.1,51.2,1574.77,1579.23,0.48,HOLD,50
2026-06-29T06:00:00+00:00,ETH,1582.82,55.7,1575.05,1579.3,-0.02,HOLD,50
2026-06-29T07:00:00+00:00,ETH,1580.16,54.4,1574.92,1579.33,-0.17,HOLD,50
2026-06-29T08:00:00+00:00,ETH,1572.98,50.6,1574.39,1579.13,-0.45,HOLD,50
2026-06-29T09:00:00+00:00,ETH,1576.2,56.3,1574.21,1578.94,0.2,HOLD,50
2026-06-29T10:00:00+00:00,ETH,1578.6,53.1,1574.07,1578.83,0.15,HOLD,50
2026-06-29T11:00:00+00:00,ETH,1574.93,57.1,1573.77,1578.67,-0.23,HOLD,50
2026-06-29T12:00:00+00:00,ETH,1576.11,62.7,1573.93,1578.51,0.07,HOLD,50
2026-06-29T13:00:00+00:00,ETH,1572.74,50.6,1573.95,1578.28,-0.21,HOLD,50
2026-06-29T14:00:00+00:00,ETH,1572.9,49.5,1574.01,1578.02,0.01,HOLD,50
2026-06-29T15:00:00+00:00,ETH,1580.26,59.0,1574.79,1577.78,0.47,HOLD,50
2026-06-29T16:00:00+00:00,ETH,1585.37,57.1,1575.4,1577.59,0.32,HOLD,50
2026-06-29T17:00:00+00:00,ETH,1628.03,72.5,1578.62,1578.04,2.69,BULLISH,75
2026-06-29T18:00:00+00:00,ETH,1621.1,74.3,1581.82,1578.32,-0.43,BEARISH,70
2026-06-29T19:00:00+00:00,ETH,1625.6,73.4,1584.5,1579.01,0.28,HOLD,50
2026-06-29T20:00:00+00:00,ETH,1617.66,67.7,1586.71,1579.48,-0.49,BEARISH,70
2026-06-29T21:00:00+00:00,ETH,1619.99,70.3,1589.27,1580.31,0.14,HOLD,50
2026-06-29T22:00:00+00:00,ETH,1612.9,70.4,1591.09,1580.94,-0.44,BEARISH,70
2026-06-29T23:00:00+00:00,ETH,1613.07,69.4,1592.5,1581.69,0.01,HOLD,50
2026-06-30T00:00:00+00:00,ETH,1594.41,57.1,1593.45,1582.0,-1.16,BEARISH,55
2026-06-30T01:00:00+00:00,ETH,1593.92,58.8,1593.99,1582.4,-0.03,HOLD,50
2026-06-30T02:00:00+00:00,ETH,1590.57,56.6,1594.38,1582.72,-0.21,HOLD,50
2026-06-30T03:00:00+00:00,ETH,1587.18,56.6,1594.73,1582.96,-0.21,HOLD,50
2026-06-30T04:00:00+00:00,ETH,1588.11,56.9,1595.48,1583.28,0.06,HOLD,50
2026-06-30T05:00:00+00:00,ETH,1591.6,55.3,1596.25,1583.61,0.22,HOLD,50
2026-06-30T06:00:00+00:00,ETH,1593.72,54.0,1597.01,1584.0,0.13,HOLD,50
2026-06-30T07:00:00+00:00,ETH,1592.51,21.6,1597.89,1584.47,-0.08,HOLD,50
2026-06-30T08:00:00+00:00,ETH,1583.98,21.1,1598.28,1584.79,-0.54,HOLD,50
2026-06-30T09:00:00+00:00,ETH,1585.35,17.0,1598.91,1584.98,0.09,HOLD,50
2026-06-30T10:00:00+00:00,ETH,1584.51,19.3,1599.49,1585.04,-0.05,HOLD,50
2026-06-30T11:00:00+00:00,ETH,1578.58,14.0,1599.41,1585.03,-0.37,HOLD,50
2026-06-30T12:00:00+00:00,ETH,1552.79,10.6,1597.78,1584.54,-1.63,BEARISH,55
2026-06-30T13:00:00+00:00,ETH,1567.29,24.7,1594.74,1584.23,0.93,BULLISH,85
2026-06-30T14:00:00+00:00,ETH,1563.52,29.6,1591.86,1583.83,-0.24,HOLD,50
2026-06-30T15:00:00+00:00,ETH,1565.18,31.3,1588.84,1583.54,0.11,HOLD,50
2026-06-30T16:00:00+00:00,ETH,1572.38,38.7,1586.58,1583.35,0.46,HOLD,50
2026-06-30T17:00:00+00:00,ETH,1570.86,39.7,1584.12,1583.15,-0.1,HOLD,50
2026-06-30T18:00:00+00:00,ETH,1579.11,44.8,1582.43,1583.28,0.53,HOLD,50
2026-06-30T19:00:00+00:00,ETH,1580.53,43.4,1580.8,1583.44,0.09,HOLD,50
2026-06-30T20:00:00+00:00,ETH,1575.99,39.8,1579.88,1583.52,-0.29,HOLD,50
2026-06-30T21:00:00+00:00,ETH,1571.68,38.4,1578.77,1583.67,-0.27,HOLD,50
2026-06-30T22:00:00+00:00,ETH,1567.64,40.4,1577.63,1583.55,-0.26,HOLD,50
2026-06-30T23:00:00+00:00,ETH,1572.01,42.4,1576.87,1583.72,0.28,HOLD,50
2026-07-01T00:00:00+00:00,ETH,1575.07,44.8,1576.22,1584.08,0.19,HOLD,50
2026-07-01T01:00:00+00:00,ETH,1577.91,49.6,1575.53,1584.2,0.18,HOLD,50
2026-07-01T02:00:00+00:00,ETH,1586.3,74.0,1575.16,1584.46,0.53,HOLD,50
2026-07-01T03:00:00+00:00,ETH,1594.81,71.5,1575.27,1584.98,0.54,HOLD,50
2026-07-01T04:00:00+00:00,ETH,1599.35,77.7,1576.04,1585.43,0.28,HOLD,50
2026-07-01T05:00:00+00:00,ETH,1593.0,70.1,1576.43,1585.6,-0.4,BEARISH,70
2026-07-01T06:00:00+00:00,ETH,1575.99,52.3,1576.0,1585.61,-1.07,BEARISH,55
2026-07-01T07:00:00+00:00,ETH,1578.36,54.7,1575.99,1585.51,0.15,HOLD,50
2026-07-01T08:00:00+00:00,ETH,1582.37,52.2,1577.47,1585.5,0.25,HOLD,50
2026-07-01T09:00:00+00:00,ETH,1581.01,50.3,1578.15,1585.52,-0.09,HOLD,50
2026-07-01T10:00:00+00:00,ETH,1573.43,48.4,1578.65,1585.53,-0.48,HOLD,50
2026-07-01T11:00:00+00:00,ETH,1569.89,48.9,1578.88,1585.4,-0.22,HOLD,50
2026-07-01T12:00:00+00:00,ETH,1570.24,51.8,1578.78,1585.24,0.02,HOLD,50
2026-07-01T13:00:00+00:00,ETH,1597.22,63.0,1580.1,1585.68,1.72,BULLISH,55
2026-07-01T14:00:00+00:00,ETH,1601.18,63.4,1581.2,1586.18,0.25,HOLD,50
2026-07-01T15:00:00+00:00,ETH,1620.09,68.5,1583.18,1587.13,1.18,BULLISH,55
2026-07-01T16:00:00+00:00,ETH,1614.54,62.7,1585.1,1587.96,-0.34,HOLD,50
2026-07-01T17:00:00+00:00,ETH,1622.72,62.6,1587.66,1588.81,0.51,HOLD,50
2026-07-01T18:00:00+00:00,ETH,1616.59,57.7,1590.1,1589.44,-0.38,HOLD,50
2026-07-01T19:00:00+00:00,ETH,1618.09,61.7,1592.41,1589.24,0.09,HOLD,50
2026-07-01T20:00:00+00:00,ETH,1617.68,72.9,1594.54,1589.17,-0.03,HOLD,50
2026-07-01T21:00:00+00:00,ETH,1632.12,76.1,1597.25,1589.3,0.89,HOLD,50
2026-07-01T22:00:00+00:00,ETH,1621.63,67.9,1599.02,1589.38,-0.64,BEARISH,70
2026-07-01T23:00:00+00:00,ETH,1609.58,61.9,1599.75,1589.17,-0.74,HOLD,50
2026-07-02T00:00:00+00:00,ETH,1603.42,62.6,1599.96,1588.98,-0.38,HOLD,50
2026-07-02T01:00:00+00:00,ETH,1620.48,69.1,1601.33,1589.13,1.06,BULLISH,55
2026-07-02T02:00:00+00:00,ETH,1620.68,69.1,1603.57,1589.66,0.01,HOLD,50
2026-07-02T03:00:00+00:00,ETH,1639.47,67.1,1606.62,1590.57,1.16,BULLISH,55
2026-07-02T04:00:00+00:00,ETH,1632.71,62.4,1609.14,1591.41,-0.41,HOLD,50
2026-07-02T05:00:00+00:00,ETH,1626.5,52.8,1611.41,1592.2,-0.38,HOLD,50
2026-07-02T06:00:00+00:00,ETH,1619.14,52.0,1613.7,1592.82,-0.45,HOLD,50
2026-07-02T07:00:00+00:00,ETH,1615.97,47.0,1616.0,1593.3,-0.2,HOLD,50
2026-07-02T08:00:00+00:00,ETH,1624.92,53.7,1618.74,1593.93,0.55,HOLD,50
2026-07-02T09:00:00+00:00,ETH,1643.33,59.7,1621.04,1594.94,1.13,BULLISH,55
2026-07-02T10:00:00+00:00,ETH,1646.12,60.7,1623.29,1596.19,0.17,HOLD,50
2026-07-02T11:00:00+00:00,ETH,1650.32,57.4,1624.8,1597.49,0.26,HOLD,50
2026-07-02T12:00:00+00:00,ETH,1662.82,66.5,1627.21,1599.05,0.76,HOLD,50
2026-07-02T13:00:00+00:00,ETH,1710.72,81.5,1631.61,1601.7,2.88,BULLISH,75
2026-07-02T14:00:00+00:00,ETH,1701.55,80.0,1635.86,1604.67,-0.54,BEARISH,85
2026-07-02T15:00:00+00:00,ETH,1697.05,75.4,1639.81,1607.27,-0.26,HOLD,50
2026-07-02T16:00:00+00:00,ETH,1699.67,75.8,1643.91,1609.99,0.15,HOLD,50
2026-07-02T17:00:00+00:00,ETH,1695.89,70.4,1647.1,1612.6,-0.22,HOLD,50
2026-07-02T18:00:00+00:00,ETH,1702.06,75.2,1651.12,1615.2,0.36,HOLD,50
2026-07-02T19:00:00+00:00,ETH,1700.15,77.6,1655.65,1617.78,-0.11,HOLD,50
2026-07-02T20:00:00+00:00,ETH,1705.75,82.9,1660.77,1620.31,0.33,HOLD,50
2026-07-02T21:00:00+00:00,ETH,1700.23,81.4,1664.75,1622.71,-0.32,BEARISH,70
2026-07-02T22:00:00+00:00,ETH,1696.88,78.0,1668.56,1625.13,-0.2,HOLD,50
2026-07-02T23:00:00+00:00,ETH,1700.57,75.2,1671.62,1627.7,0.22,HOLD,50
2026-07-03T00:00:00+00:00,ETH,1696.75,72.1,1674.82,1630.29,-0.22,HOLD,50
2026-07-03T01:00:00+00:00,ETH,1712.33,74.6,1679.11,1633.09,0.92,HOLD,50
2026-07-03T02:00:00+00:00,ETH,1704.76,67.3,1683.39,1635.69,-0.44,BEARISH,70
2026-07-03T03:00:00+00:00,ETH,1706.43,47.1,1687.91,1638.26,0.1,HOLD,50
2026-07-03T04:00:00+00:00,ETH,1703.08,51.1,1691.82,1640.59,-0.2,HOLD,50
2026-07-03T05:00:00+00:00,ETH,1714.92,61.7,1695.4,1643.0,0.7,HOLD,50
2026-07-03T06:00:00+00:00,ETH,1716.03,60.9,1698.9,1645.33,0.06,HOLD,50
2026-07-03T07:00:00+00:00,ETH,1717.77,65.0,1702.27,1647.82,0.1,HOLD,50
2026-07-03T08:00:00+00:00,ETH,1719.89,62.9,1705.12,1650.7,0.12,HOLD,50
2026-07-03T09:00:00+00:00,ETH,1726.28,67.8,1705.9,1653.66,0.37,HOLD,50
2026-07-03T10:00:00+00:00,ETH,1742.16,71.8,1707.93,1656.86,0.92,HOLD,50
2026-07-03T11:00:00+00:00,ETH,1742.54,77.0,1710.21,1660.09,0.02,HOLD,50
2026-07-03T12:00:00+00:00,ETH,1736.44,74.3,1712.05,1663.35,-0.35,BEARISH,70
2026-07-03T13:00:00+00:00,ETH,1748.15,76.7,1714.66,1666.91,0.67,HOLD,50
2026-07-03T14:00:00+00:00,ETH,1737.14,70.9,1716.41,1670.25,-0.63,BEARISH,85
2026-07-03T15:00:00+00:00,ETH,1731.24,60.9,1717.97,1672.93,-0.34,HOLD,50
2026-07-03T16:00:00+00:00,ETH,1733.63,67.7,1719.36,1675.58,0.14,HOLD,50
2026-07-03T17:00:00+00:00,ETH,1738.18,68.8,1721.26,1677.94,0.26,HOLD,50
2026-07-03T18:00:00+00:00,ETH,1738.77,71.8,1723.35,1680.43,0.03,HOLD,50
2026-07-03T19:00:00+00:00,ETH,1745.38,69.9,1725.59,1682.88,0.38,HOLD,50
2026-07-03T20:00:00+00:00,ETH,1766.15,76.1,1729.06,1685.87,1.19,BULLISH,55
2026-07-03T21:00:00+00:00,ETH,1763.46,73.5,1731.62,1688.78,-0.15,HOLD,50
2026-07-03T22:00:00+00:00,ETH,1757.52,68.6,1734.26,1691.57,-0.34,BEARISH,70
2026-07-03T23:00:00+00:00,ETH,1758.21,66.8,1736.85,1694.1,0.04,HOLD,50
2026-07-04T00:00:00+00:00,ETH,1758.7,60.4,1739.63,1696.84,0.03,HOLD,50
2026-07-04T01:00:00+00:00,ETH,1747.93,53.0,1741.28,1699.6,-0.61,HOLD,50
2026-07-04T02:00:00+00:00,ETH,1749.31,57.5,1742.94,1702.52,0.08,HOLD,50
2026-07-04T03:00:00+00:00,ETH,1753.92,53.7,1744.75,1705.19,0.26,HOLD,50
2026-07-04T04:00:00+00:00,ETH,1761.67,66.3,1746.84,1708.01,0.44,HOLD,50
2026-07-04T05:00:00+00:00,ETH,1755.99,66.5,1748.32,1710.34,-0.32,BEARISH,70
2026-07-04T06:00:00+00:00,ETH,1754.77,64.3,1748.95,1712.78,-0.07,HOLD,50
2026-07-04T07:00:00+00:00,ETH,1758.19,63.8,1749.74,1715.42,0.19,HOLD,50
2026-07-04T08:00:00+00:00,ETH,1762.31,65.5,1751.03,1718.28,0.23,HOLD,50
2026-07-04T09:00:00+00:00,ETH,1758.13,58.6,1751.53,1721.12,-0.24,HOLD,50
2026-07-04T10:00:00+00:00,ETH,1759.14,43.5,1752.63,1723.81,0.06,HOLD,50
2026-07-04T11:00:00+00:00,ETH,1758.24,45.0,1753.98,1726.11,-0.05,HOLD,50
2026-07-04T12:00:00+00:00,ETH,1764.22,56.4,1755.51,1728.47,0.34,HOLD,50
2026-07-04T13:00:00+00:00,ETH,1764.06,55.7,1756.8,1730.74,-0.01,HOLD,50
2026-07-04T14:00:00+00:00,ETH,1772.23,61.4,1758.48,1732.93,0.46,HOLD,50
2026-07-04T15:00:00+00:00,ETH,1791.09,82.0,1760.76,1734.54,1.06,BULLISH,55
2026-07-04T16:00:00+00:00,ETH,1786.81,76.7,1761.8,1736.24,-0.24,HOLD,50
2026-07-04T17:00:00+00:00,ETH,1799.36,79.0,1763.59,1738.29,0.7,HOLD,50
2026-07-04T18:00:00+00:00,ETH,1793.63,71.0,1765.4,1740.17,-0.32,BEARISH,70
2026-07-04T19:00:00+00:00,ETH,1792.83,75.8,1767.13,1742.11,-0.04,HOLD,50
2026-07-04T20:00:00+00:00,ETH,1787.15,71.3,1768.55,1743.81,-0.32,BEARISH,70
2026-07-04T21:00:00+00:00,ETH,1789.25,70.8,1770.62,1745.59,0.12,HOLD,50
2026-07-04T22:00:00+00:00,ETH,1784.73,65.0,1772.39,1747.17,-0.25,HOLD,50
2026-07-04T23:00:00+00:00,ETH,1780.64,65.0,1773.72,1748.78,-0.23,HOLD,50
2026-07-05T00:00:00+00:00,ETH,1772.71,58.3,1774.27,1750.3,-0.45,HOLD,50
2026-07-05T01:00:00+00:00,ETH,1766.62,54.8,1774.81,1751.62,-0.34,HOLD,50
2026-07-05T02:00:00+00:00,ETH,1760.88,48.1,1775.11,1752.9,-0.32,HOLD,50
2026-07-05T03:00:00+00:00,ETH,1761.59,48.6,1775.28,1753.88,0.04,HOLD,50
2026-07-05T04:00:00+00:00,ETH,1767.54,47.2,1775.54,1755.14,0.34,HOLD,50
2026-07-05T05:00:00+00:00,ETH,1765.98,31.5,1775.94,1756.33,-0.09,HOLD,50
2026-07-05T06:00:00+00:00,ETH,1764.69,32.9,1776.21,1757.56,-0.07,HOLD,50
2026-07-05T07:00:00+00:00,ETH,1770.1,24.6,1776.81,1758.67,0.31,BULLISH,70
2026-07-05T08:00:00+00:00,ETH,1767.71,26.1,1776.98,1759.7,-0.14,HOLD,50
2026-07-05T09:00:00+00:00,ETH,1757.98,22.4,1776.68,1760.5,-0.55,HOLD,50
2026-07-05T10:00:00+00:00,ETH,1761.39,28.9,1776.13,1761.33,0.19,HOLD,50
2026-07-05T11:00:00+00:00,ETH,1760.08,25.7,1774.58,1762.01,-0.07,HOLD,50
2026-07-05T12:00:00+00:00,ETH,1765.12,33.8,1773.5,1762.47,0.29,HOLD,50
2026-07-05T13:00:00+00:00,ETH,1766.26,37.5,1771.84,1762.94,0.06,HOLD,50
2026-07-05T14:00:00+00:00,ETH,1772.56,49.9,1770.79,1763.67,0.36,HOLD,50
2026-07-05T15:00:00+00:00,ETH,1774.67,57.7,1769.88,1764.2,0.12,HOLD,50
2026-07-05T16:00:00+00:00,ETH,1773.0,62.6,1769.17,1764.91,-0.09,HOLD,50
2026-07-05T17:00:00+00:00,ETH,1779.48,66.6,1768.69,1765.88,0.37,HOLD,50
2026-07-05T18:00:00+00:00,ETH,1781.28,63.8,1768.51,1766.83,0.1,HOLD,50
2026-07-05T19:00:00+00:00,ETH,1781.43,66.0,1768.55,1767.7,0.01,HOLD,50
2026-07-05T20:00:00+00:00,ETH,1777.1,62.1,1768.77,1768.46,-0.24,HOLD,50
2026-07-05T21:00:00+00:00,ETH,1786.88,65.1,1769.79,1769.29,0.55,HOLD,50
2026-07-05T22:00:00+00:00,ETH,1790.0,69.8,1771.24,1769.77,0.17,HOLD,50
2026-07-05T23:00:00+00:00,ETH,1785.65,77.1,1772.45,1770.21,-0.24,HOLD,50
2026-07-06T00:00:00+00:00,ETH,1793.28,78.9,1773.73,1770.93,0.43,HOLD,50
2026-07-06T01:00:00+00:00,ETH,1786.31,71.5,1774.75,1771.49,-0.39,BEARISH,70
2026-07-06T02:00:00+00:00,ETH,1783.71,65.9,1775.7,1771.99,-0.15,HOLD,50
2026-07-06T03:00:00+00:00,ETH,1779.71,61.0,1776.18,1772.63,-0.22,HOLD,50
2026-07-06T04:00:00+00:00,ETH,1777.98,54.8,1776.69,1773.2,-0.1,HOLD,50
2026-07-06T05:00:00+00:00,ETH,1774.06,49.5,1777.5,1773.6,-0.22,HOLD,50
2026-07-06T06:00:00+00:00,ETH,1769.63,47.3,1777.91,1773.76,-0.25,HOLD,50
2026-07-06T07:00:00+00:00,ETH,1772.32,43.8,1778.52,1774.09,0.15,HOLD,50
2026-07-06T08:00:00+00:00,ETH,1765.55,37.4,1778.54,1774.31,-0.38,HOLD,50
2026-07-06T09:00:00+00:00,ETH,1758.67,33.6,1778.16,1774.31,-0.39,HOLD,50
2026-07-06T10:00:00+00:00,ETH,1771.09,46.1,1778.09,1774.49,0.71,HOLD,50
2026-07-06T11:00:00+00:00,ETH,1759.64,32.8,1777.34,1774.52,-0.65,HOLD,50
2026-07-06T12:00:00+00:00,ETH,1740.85,24.0,1775.73,1774.15,-1.07,BEARISH,55
2026-07-06T13:00:00+00:00,ETH,1744.89,28.4,1774.0,1773.89,0.23,HOLD,50
2026-07-06T14:00:00+00:00,ETH,1751.78,27.8,1772.53,1773.64,0.39,BULLISH,70
2026-07-06T15:00:00+00:00,ETH,1788.57,50.9,1772.88,1774.13,2.1,BULLISH,55
2026-07-06T16:00:00+00:00,ETH,1792.51,53.5,1773.65,1774.53,0.22,HOLD,50
2026-07-06T17:00:00+00:00,ETH,1788.26,53.4,1773.72,1774.48,-0.24,HOLD,50
2026-07-06T18:00:00+00:00,ETH,1792.68,55.8,1773.86,1774.6,0.25,HOLD,50
2026-07-06T19:00:00+00:00,ETH,1792.76,57.6,1774.21,1774.46,0.0,HOLD,50
2026-07-06T20:00:00+00:00,ETH,1793.04,59.8,1774.2,1774.45,0.02,HOLD,50
2026-07-06T21:00:00+00:00,ETH,1814.88,65.3,1775.63,1774.89,1.22,BULLISH,55
2026-07-06T22:00:00+00:00,ETH,1806.3,64.5,1776.76,1775.28,-0.47,HOLD,50
2026-07-06T23:00:00+00:00,ETH,1799.56,64.6,1777.75,1775.48,-0.37,HOLD,50
2026-07-07T00:00:00+00:00,ETH,1803.74,62.3,1779.04,1775.86,0.23,HOLD,50
2026-07-07T01:00:00+00:00,ETH,1792.64,62.5,1779.97,1776.1,-0.62,HOLD,50
2026-07-07T02:00:00+00:00,ETH,1778.57,64.8,1780.42,1776.22,-0.78,HOLD,50
2026-07-07T03:00:00+00:00,ETH,1771.56,60.2,1780.38,1776.32,-0.39,HOLD,50
2026-07-07T04:00:00+00:00,ETH,1766.53,55.7,1780.43,1776.43,-0.28,HOLD,50
2026-07-07T05:00:00+00:00,ETH,1770.58,40.6,1781.02,1776.61,0.23,HOLD,50
2026-07-07T06:00:00+00:00,ETH,1779.11,43.3,1781.42,1776.84,0.48,HOLD,50
2026-07-07T07:00:00+00:00,ETH,1771.24,41.8,1782.0,1776.95,-0.44,HOLD,50
2026-07-07T08:00:00+00:00,ETH,1770.78,39.0,1783.5,1777.07,-0.03,HOLD,50
2026-07-07T09:00:00+00:00,ETH,1778.16,43.2,1785.16,1777.23,0.42,HOLD,50
2026-07-07T10:00:00+00:00,ETH,1775.8,42.1,1786.36,1777.39,-0.13,HOLD,50
2026-07-07T11:00:00+00:00,ETH,1780.77,31.5,1785.97,1777.85,0.28,HOLD,50
2026-07-07T12:00:00+00:00,ETH,1781.97,35.7,1785.45,1778.26,0.07,HOLD,50
2026-07-07T13:00:00+00:00,ETH,1769.01,33.2,1784.48,1778.44,-0.73,HOLD,50
2026-07-07T14:00:00+00:00,ETH,1789.46,43.4,1784.32,1778.93,1.16,BULLISH,55
2026-07-07T15:00:00+00:00,ETH,1797.45,52.3,1784.56,1779.55,0.45,HOLD,50
2026-07-07T16:00:00+00:00,ETH,1802.23,62.4,1785.02,1780.14,0.27,HOLD,50
2026-07-07T17:00:00+00:00,ETH,1810.39,70.2,1784.79,1780.86,0.45,HOLD,50
2026-07-07T18:00:00+00:00,ETH,1786.6,58.7,1783.81,1781.13,-1.31,BEARISH,55
2026-07-07T19:00:00+00:00,ETH,1790.45,58.7,1783.35,1781.35,0.22,HOLD,50
2026-07-07T20:00:00+00:00,ETH,1784.12,52.2,1782.37,1781.4,-0.35,HOLD,50
2026-07-07T21:00:00+00:00,ETH,1773.84,51.1,1781.43,1781.25,-0.58,HOLD,50
2026-07-07T22:00:00+00:00,ETH,1775.55,52.1,1781.28,1781.22,0.1,HOLD,50
2026-07-07T23:00:00+00:00,ETH,1771.45,47.0,1781.27,1780.91,-0.23,HOLD,50
2026-07-08T00:00:00+00:00,ETH,1780.29,51.9,1781.96,1780.72,0.5,HOLD,50
2026-07-08T01:00:00+00:00,ETH,1755.94,41.1,1781.23,1780.13,-1.37,BEARISH,55
2026-07-08T02:00:00+00:00,ETH,1757.62,41.3,1780.16,1779.41,0.1,HOLD,50
2026-07-08T03:00:00+00:00,ETH,1751.78,43.5,1779.18,1778.72,-0.33,HOLD,50
2026-07-08T04:00:00+00:00,ETH,1756.5,35.8,1778.47,1778.18,0.27,HOLD,50
2026-07-08T05:00:00+00:00,ETH,1754.14,30.5,1777.27,1777.67,-0.13,HOLD,50
2026-07-08T06:00:00+00:00,ETH,1751.81,26.7,1776.07,1777.14,-0.13,HOLD,50
2026-07-08T07:00:00+00:00,ETH,1756.7,24.5,1774.86,1776.8,0.28,HOLD,50
2026-07-08T08:00:00+00:00,ETH,1735.32,25.0,1772.53,1776.11,-1.22,BEARISH,55
2026-07-08T09:00:00+00:00,ETH,1736.05,22.7,1770.88,1775.38,0.04,HOLD,50
2026-07-08T10:00:00+00:00,ETH,1739.34,26.8,1768.38,1774.86,0.19,HOLD,50
2026-07-08T11:00:00+00:00,ETH,1747.95,36.3,1765.9,1774.64,0.5,HOLD,50
2026-07-08T12:00:00+00:00,ETH,1738.58,32.0,1762.72,1773.99,-0.54,HOLD,50
2026-07-08T13:00:00+00:00,ETH,1737.72,33.0,1759.09,1773.56,-0.05,HOLD,50
2026-07-08T14:00:00+00:00,ETH,1729.62,24.3,1756.24,1773.33,-0.47,HOLD,50
2026-07-08T15:00:00+00:00,ETH,1722.96,29.6,1752.86,1772.89,-0.39,HOLD,50
2026-07-08T16:00:00+00:00,ETH,1736.38,38.5,1750.48,1772.59,0.78,HOLD,50
2026-07-08T17:00:00+00:00,ETH,1733.15,39.6,1748.44,1771.48,-0.19,HOLD,50
2026-07-08T18:00:00+00:00,ETH,1737.46,39.4,1746.54,1770.38,0.25,HOLD,50
2026-07-08T19:00:00+00:00,ETH,1740.98,42.7,1745.01,1769.43,0.2,HOLD,50
2026-07-08T20:00:00+00:00,ETH,1736.42,41.7,1742.82,1768.31,-0.26,HOLD,50
2026-07-08T21:00:00+00:00,ETH,1738.06,39.6,1741.93,1767.21,0.09,HOLD,50
2026-07-08T22:00:00+00:00,ETH,1741.4,54.2,1741.12,1766.18,0.19,HOLD,50
2026-07-08T23:00:00+00:00,ETH,1743.54,55.1,1740.7,1764.75,0.12,HOLD,50
2026-07-09T00:00:00+00:00,ETH,1738.22,49.3,1739.79,1763.39,-0.31,HOLD,50
2026-07-09T01:00:00+00:00,ETH,1731.79,38.9,1738.67,1762.03,-0.37,HOLD,50
2026-07-09T02:00:00+00:00,ETH,1727.3,41.7,1737.45,1760.51,-0.26,HOLD,50
2026-07-09T03:00:00+00:00,ETH,1730.7,45.0,1736.15,1759.27,0.2,HOLD,50
2026-07-09T04:00:00+00:00,ETH,1742.51,58.7,1736.51,1758.55,0.68,HOLD,50
2026-07-09T05:00:00+00:00,ETH,1749.39,67.7,1737.17,1758.1,0.39,HOLD,50
2026-07-09T06:00:00+00:00,ETH,1755.26,64.1,1737.97,1757.88,0.34,HOLD,50
2026-07-09T07:00:00+00:00,ETH,1753.31,65.4,1738.24,1757.53,-0.11,HOLD,50
2026-07-09T08:00:00+00:00,ETH,1754.45,63.6,1739.03,1757.04,0.07,HOLD,50
2026-07-09T09:00:00+00:00,ETH,1755.78,62.3,1739.93,1756.73,0.08,HOLD,50
2026-07-09T10:00:00+00:00,ETH,1746.31,57.6,1740.77,1756.24,-0.54,HOLD,50
2026-07-09T11:00:00+00:00,ETH,1744.02,54.5,1741.82,1755.56,-0.13,HOLD,50
2026-07-09T12:00:00+00:00,ETH,1741.8,50.3,1742.09,1754.88,-0.13,HOLD,50
2026-07-09T13:00:00+00:00,ETH,1746.99,52.5,1742.78,1754.2,0.3,HOLD,50
2026-07-09T14:00:00+00:00,ETH,1743.14,53.7,1743.07,1753.42,-0.22,HOLD,50
2026-07-09T15:00:00+00:00,ETH,1739.51,56.1,1743.0,1752.83,-0.21,HOLD,50
2026-07-09T16:00:00+00:00,ETH,1739.25,60.1,1743.14,1751.83,-0.01,HOLD,50
2026-07-09T17:00:00+00:00,ETH,1748.52,63.7,1743.66,1750.85,0.53,HOLD,50
2026-07-09T18:00:00+00:00,ETH,1751.55,58.0,1744.17,1749.84,0.17,HOLD,50
2026-07-09T19:00:00+00:00,ETH,1748.51,49.2,1744.42,1748.6,-0.17,HOLD,50
2026-07-09T20:00:00+00:00,ETH,1748.76,43.1,1744.94,1747.84,0.01,HOLD,50
2026-07-09T21:00:00+00:00,ETH,1748.17,44.4,1745.76,1747.0,-0.03,HOLD,50
2026-07-09T22:00:00+00:00,ETH,1747.52,42.3,1746.77,1746.27,-0.04,HOLD,50
2026-07-09T23:00:00+00:00,ETH,1745.16,38.5,1747.5,1745.69,-0.14,HOLD,50
2026-07-10T00:00:00+00:00,ETH,1743.09,45.8,1747.52,1745.04,-0.12,HOLD,50
2026-07-10T01:00:00+00:00,ETH,1767.62,69.4,1748.44,1744.97,1.41,BULLISH,55
2026-07-10T02:00:00+00:00,ETH,1772.86,74.3,1749.32,1744.82,0.3,HOLD,50
2026-07-10T03:00:00+00:00,ETH,1776.12,73.5,1750.46,1745.22,0.18,HOLD,50
2026-07-10T04:00:00+00:00,ETH,1774.75,76.5,1751.47,1745.56,-0.08,HOLD,50
2026-07-10T05:00:00+00:00,ETH,1779.04,82.8,1752.63,1746.11,0.24,HOLD,50
2026-07-10T06:00:00+00:00,ETH,1771.17,73.5,1753.88,1746.4,-0.44,BEARISH,70
2026-07-10T07:00:00+00:00,ETH,1773.2,70.4,1755.34,1746.78,0.11,HOLD,50
2026-07-10T08:00:00+00:00,ETH,1783.99,73.7,1757.45,1747.43,0.61,HOLD,50
2026-07-10T09:00:00+00:00,ETH,1792.56,79.8,1759.72,1748.14,0.48,HOLD,50
2026-07-10T10:00:00+00:00,ETH,1797.01,80.9,1762.42,1749.38,0.25,HOLD,50
2026-07-10T11:00:00+00:00,ETH,1801.22,82.5,1765.5,1750.68,0.23,HOLD,50
2026-07-10T12:00:00+00:00,ETH,1793.95,76.3,1768.24,1751.77,-0.4,BEARISH,70
2026-07-10T13:00:00+00:00,ETH,1803.82,80.6,1771.0,1752.89,0.55,HOLD,50
2026-07-10T14:00:00+00:00,ETH,1785.06,68.7,1772.68,1753.82,-1.04,BEARISH,70
2026-07-10T15:00:00+00:00,ETH,1791.11,62.5,1774.81,1754.89,0.34,HOLD,50
2026-07-10T16:00:00+00:00,ETH,1797.49,62.9,1777.25,1756.25,0.36,HOLD,50
2026-07-10T17:00:00+00:00,ETH,1788.03,55.9,1779.24,1757.55,-0.53,HOLD,50
2026-07-10T18:00:00+00:00,ETH,1784.94,54.9,1781.11,1758.52,-0.17,HOLD,50
2026-07-10T19:00:00+00:00,ETH,1792.68,56.4,1783.49,1759.71,0.43,HOLD,50
2026-07-10T20:00:00+00:00,ETH,1790.14,59.4,1785.84,1760.76,-0.14,HOLD,50
2026-07-10T21:00:00+00:00,ETH,1794.37,60.2,1787.18,1761.83,0.24,HOLD,50
2026-07-10T22:00:00+00:00,ETH,1795.2,56.0,1788.29,1763.01,0.05,HOLD,50
2026-07-10T23:00:00+00:00,ETH,1796.85,52.5,1789.33,1764.18,0.09,HOLD,50
2026-07-11T00:00:00+00:00,ETH,1793.36,47.9,1790.26,1765.22,-0.19,HOLD,50
2026-07-11T01:00:00+00:00,ETH,1789.09,42.9,1790.76,1766.13,-0.24,HOLD,50
2026-07-11T02:00:00+00:00,ETH,1795.59,51.0,1791.98,1767.28,0.36,HOLD,50
2026-07-11T03:00:00+00:00,ETH,1796.5,45.2,1793.15,1768.57,0.05,HOLD,50
2026-07-11T04:00:00+00:00,ETH,1796.53,60.0,1793.78,1769.96,0.0,HOLD,50
2026-07-11T05:00:00+00:00,ETH,1799.45,57.7,1794.12,1771.33,0.16,HOLD,50
2026-07-11T06:00:00+00:00,ETH,1799.32,51.9,1794.23,1772.47,-0.01,HOLD,50
2026-07-11T07:00:00+00:00,ETH,1800.0,65.3,1794.17,1773.48,0.04,HOLD,50
2026-07-11T08:00:00+00:00,ETH,1801.47,72.1,1794.55,1774.41,0.08,HOLD,50
2026-07-11T09:00:00+00:00,ETH,1795.5,54.0,1794.13,1775.25,-0.33,HOLD,50
2026-07-11T10:00:00+00:00,ETH,1798.3,61.4,1794.8,1776.13,0.16,HOLD,50
2026-07-11T11:00:00+00:00,ETH,1800.48,59.0,1795.26,1777.02,0.12,HOLD,50
2026-07-11T12:00:00+00:00,ETH,1800.1,57.3,1795.39,1778.1,-0.02,HOLD,50
2026-07-11T13:00:00+00:00,ETH,1802.61,58.4,1796.12,1779.27,0.14,HOLD,50
2026-07-11T14:00:00+00:00,ETH,1810.73,72.3,1797.41,1780.65,0.45,HOLD,50
2026-07-11T15:00:00+00:00,ETH,1814.83,83.3,1798.52,1782.0,0.23,HOLD,50
2026-07-11T16:00:00+00:00,ETH,1823.34,84.1,1800.18,1783.61,0.47,HOLD,50
2026-07-11T17:00:00+00:00,ETH,1824.73,84.3,1801.7,1785.31,0.08,HOLD,50
2026-07-11T18:00:00+00:00,ETH,1826.39,84.9,1803.26,1787.06,0.09,HOLD,50
2026-07-11T19:00:00+00:00,ETH,1824.38,79.7,1804.63,1788.57,-0.11,HOLD,50
2026-07-11T20:00:00+00:00,ETH,1825.97,80.7,1806.27,1790.06,0.09,HOLD,50
2026-07-11T21:00:00+00:00,ETH,1823.97,76.8,1808.01,1791.57,-0.11,HOLD,50
2026-07-11T22:00:00+00:00,ETH,1813.73,61.5,1808.92,1792.87,-0.56,HOLD,50
2026-07-11T23:00:00+00:00,ETH,1787.76,44.7,1808.48,1793.66,-1.43,BEARISH,55
2026-07-12T00:00:00+00:00,ETH,1788.98,43.5,1808.1,1794.49,0.07,HOLD,50
2026-07-12T01:00:00+00:00,ETH,1806.7,53.6,1808.46,1795.72,0.99,HOLD,50
2026-07-12T02:00:00+00:00,ETH,1805.12,52.8,1808.75,1796.96,-0.09,HOLD,50
2026-07-12T03:00:00+00:00,ETH,1811.53,54.8,1809.33,1797.84,0.36,HOLD,50
2026-07-12T04:00:00+00:00,ETH,1805.92,47.3,1809.55,1798.5,-0.31,HOLD,50
2026-07-12T05:00:00+00:00,ETH,1803.25,43.5,1809.94,1799.04,-0.15,HOLD,50
2026-07-12T06:00:00+00:00,ETH,1795.13,34.0,1809.78,1799.45,-0.45,HOLD,50
2026-07-12T07:00:00+00:00,ETH,1798.78,35.7,1809.7,1799.85,0.2,HOLD,50
2026-07-12T08:00:00+00:00,ETH,1805.22,38.9,1809.95,1800.53,0.36,HOLD,50
2026-07-12T09:00:00+00:00,ETH,1802.39,38.6,1809.94,1801.11,-0.16,HOLD,50
2026-07-12T10:00:00+00:00,ETH,1799.4,36.4,1809.38,1801.42,-0.17,HOLD,50
2026-07-12T11:00:00+00:00,ETH,1803.77,39.9,1808.82,1801.64,0.24,HOLD,50
2026-07-12T12:00:00+00:00,ETH,1807.01,46.4,1808.01,1801.84,0.18,HOLD,50
2026-07-12T13:00:00+00:00,ETH,1805.95,63.4,1807.07,1801.94,-0.06,HOLD,50
2026-07-12T14:00:00+00:00,ETH,1819.51,69.0,1806.72,1802.45,0.75,HOLD,50
2026-07-12T15:00:00+00:00,ETH,1820.93,61.1,1806.55,1802.79,0.08,HOLD,50
2026-07-12T16:00:00+00:00,ETH,1822.0,63.3,1806.35,1803.53,0.06,HOLD,50
2026-07-12T17:00:00+00:00,ETH,1818.5,55.8,1806.08,1804.08,-0.19,HOLD,50
2026-07-12T18:00:00+00:00,ETH,1821.42,63.4,1806.46,1804.56,0.16,HOLD,50
2026-07-12T19:00:00+00:00,ETH,1821.4,66.4,1808.15,1805.22,-0.0,HOLD,50
2026-07-12T20:00:00+00:00,ETH,1821.26,77.7,1809.76,1805.95,-0.01,HOLD,50
2026-07-12T21:00:00+00:00,ETH,1812.28,62.8,1810.04,1806.34,-0.49,HOLD,50
2026-07-12T22:00:00+00:00,ETH,1805.06,49.8,1810.04,1806.64,-0.4,HOLD,50
2026-07-12T23:00:00+00:00,ETH,1806.8,54.2,1809.8,1806.89,0.1,HOLD,50
2026-07-13T00:00:00+00:00,ETH,1826.59,69.7,1810.83,1807.52,1.1,BULLISH,55
2026-07-13T01:00:00+00:00,ETH,1806.83,51.8,1811.01,1807.72,-1.08,BEARISH,55
2026-07-13T02:00:00+00:00,ETH,1806.99,50.0,1811.6,1807.99,0.01,HOLD,50
2026-07-13T03:00:00+00:00,ETH,1780.55,38.1,1810.69,1807.82,-1.46,BEARISH,55
2026-07-13T04:00:00+00:00,ETH,1779.03,28.6,1809.38,1807.49,-0.09,HOLD,50
2026-07-13T05:00:00+00:00,ETH,1781.64,29.5,1808.35,1807.19,0.15,HOLD,50
2026-07-13T06:00:00+00:00,ETH,1777.85,27.6,1807.27,1806.82,-0.21,HOLD,50
2026-07-13T07:00:00+00:00,ETH,1787.57,35.2,1806.46,1806.58,0.55,HOLD,50
2026-07-13T08:00:00+00:00,ETH,1790.17,35.0,1805.62,1806.4,0.15,HOLD,50
2026-07-13T09:00:00+00:00,ETH,1785.81,33.6,1804.61,1806.11,-0.24,HOLD,50
2026-07-13T10:00:00+00:00,ETH,1779.43,31.8,1802.61,1805.67,-0.36,HOLD,50
2026-07-13T11:00:00+00:00,ETH,1780.74,35.3,1800.6,1805.38,0.07,HOLD,50
2026-07-13T12:00:00+00:00,ETH,1772.33,34.9,1798.11,1804.86,-0.47,HOLD,50
2026-07-13T13:00:00+00:00,ETH,1771.3,33.5,1795.75,1804.27,-0.06,HOLD,50
2026-07-13T14:00:00+00:00,ETH,1781.74,27.2,1793.77,1803.91,0.59,BULLISH,85
2026-07-13T15:00:00+00:00,ETH,1777.01,32.1,1791.55,1803.39,-0.27,HOLD,50
2026-07-13T16:00:00+00:00,ETH,1772.05,30.2,1789.09,1802.62,-0.28,HOLD,50
2026-07-13T17:00:00+00:00,ETH,1753.62,33.2,1786.16,1801.4,-1.04,BEARISH,55
2026-07-13T18:00:00+00:00,ETH,1764.9,42.2,1784.15,1800.23,0.64,HOLD,50
2026-07-13T19:00:00+00:00,ETH,1774.92,46.6,1782.55,1799.23,0.57,HOLD,50
2026-07-13T20:00:00+00:00,ETH,1767.33,44.8,1779.59,1798.05,-0.43,HOLD,50
2026-07-13T21:00:00+00:00,ETH,1761.68,36.7,1777.33,1796.8,-0.32,HOLD,50
2026-07-13T22:00:00+00:00,ETH,1758.5,33.8,1774.91,1795.45,-0.18,HOLD,50
2026-07-13T23:00:00+00:00,ETH,1776.72,45.9,1774.72,1794.5,1.04,BULLISH,55
2026-07-14T00:00:00+00:00,ETH,1786.02,52.9,1775.07,1793.95,0.52,HOLD,50
2026-07-14T01:00:00+00:00,ETH,1784.84,51.8,1775.23,1793.89,-0.07,HOLD,50
2026-07-14T02:00:00+00:00,ETH,1782.66,54.8,1775.47,1793.76,-0.12,HOLD,50
2026-07-14T03:00:00+00:00,ETH,1783.65,55.7,1775.27,1793.3,0.06,HOLD,50
2026-07-14T04:00:00+00:00,ETH,1785.93,52.1,1775.06,1792.92,0.13,HOLD,50
2026-07-14T05:00:00+00:00,ETH,1787.04,55.2,1775.12,1792.43,0.06,HOLD,50
2026-07-14T06:00:00+00:00,ETH,1783.19,55.8,1775.31,1791.97,-0.22,HOLD,50
2026-07-14T07:00:00+00:00,ETH,1781.21,67.5,1775.33,1791.53,-0.11,HOLD,50
2026-07-14T08:00:00+00:00,ETH,1785.93,64.6,1776.01,1791.35,0.26,HOLD,50
2026-07-14T09:00:00+00:00,ETH,1786.19,59.0,1776.76,1791.1,0.01,HOLD,50
2026-07-14T10:00:00+00:00,ETH,1800.12,73.8,1777.68,1791.0,0.78,HOLD,50
2026-07-14T11:00:00+00:00,ETH,1798.09,77.9,1778.73,1790.91,-0.11,HOLD,50
2026-07-14T12:00:00+00:00,ETH,1861.04,91.0,1783.18,1792.14,3.5,BULLISH,55
2026-07-14T13:00:00+00:00,ETH,1871.31,90.4,1789.06,1793.49,0.55,HOLD,50
2026-07-14T14:00:00+00:00,ETH,1881.16,90.5,1794.88,1794.98,0.53,HOLD,50
2026-07-14T15:00:00+00:00,ETH,1875.22,86.9,1799.89,1796.36,-0.32,BEARISH,70
2026-07-14T16:00:00+00:00,ETH,1873.79,87.5,1805.21,1797.45,-0.08,HOLD,50
2026-07-14T17:00:00+00:00,ETH,1871.54,85.8,1810.71,1798.46,-0.12,HOLD,50
2026-07-14T18:00:00+00:00,ETH,1874.79,85.9,1816.52,1799.51,0.17,HOLD,50
2026-07-14T19:00:00+00:00,ETH,1876.74,86.0,1821.52,1800.68,0.1,HOLD,50
2026-07-14T20:00:00+00:00,ETH,1875.42,87.8,1825.99,1801.76,-0.07,HOLD,50
2026-07-14T21:00:00+00:00,ETH,1876.46,89.3,1830.57,1802.86,0.06,HOLD,50
2026-07-14T22:00:00+00:00,ETH,1882.04,89.4,1835.54,1804.08,0.3,HOLD,50
2026-07-14T23:00:00+00:00,ETH,1891.87,90.1,1840.95,1805.67,0.52,HOLD,50
2026-07-15T00:00:00+00:00,ETH,1881.58,81.8,1845.74,1807.2,-0.54,BEARISH,85
2026-07-15T01:00:00+00:00,ETH,1870.2,76.3,1849.89,1808.47,-0.6,BEARISH,85
2026-07-15T02:00:00+00:00,ETH,1864.6,52.2,1853.96,1809.23,-0.3,HOLD,50
2026-07-15T03:00:00+00:00,ETH,1876.08,52.9,1858.71,1810.61,0.62,HOLD,50
2026-07-15T04:00:00+00:00,ETH,1876.49,46.7,1863.24,1812.0,0.02,HOLD,50
2026-07-15T05:00:00+00:00,ETH,1882.68,55.2,1868.06,1814.04,0.33,HOLD,50
2026-07-15T06:00:00+00:00,ETH,1875.87,51.3,1871.85,1815.98,-0.36,HOLD,50
2026-07-15T07:00:00+00:00,ETH,1870.04,49.1,1875.45,1817.75,-0.31,HOLD,50
2026-07-15T08:00:00+00:00,ETH,1879.22,52.5,1876.36,1819.78,0.49,HOLD,50
2026-07-15T09:00:00+00:00,ETH,1879.86,51.8,1876.78,1821.62,0.03,HOLD,50
2026-07-15T10:00:00+00:00,ETH,1878.11,51.6,1876.63,1823.38,-0.09,HOLD,50
2026-07-15T11:00:00+00:00,ETH,1884.62,54.5,1877.1,1825.36,0.35,HOLD,50
2026-07-15T12:00:00+00:00,ETH,1927.16,67.6,1879.77,1828.31,2.26,BULLISH,75
2026-07-15T13:00:00+00:00,ETH,1925.76,64.1,1882.48,1831.21,-0.07,HOLD,50
2026-07-15T14:00:00+00:00,ETH,1933.23,72.0,1885.4,1834.43,0.39,HOLD,50
2026-07-15T15:00:00+00:00,ETH,1931.95,78.8,1888.16,1837.64,-0.07,HOLD,50
2026-07-15T16:00:00+00:00,ETH,1919.62,74.2,1890.37,1840.4,-0.64,BEARISH,85
2026-07-15T17:00:00+00:00,ETH,1927.94,73.4,1892.95,1843.42,0.43,HOLD,50
2026-07-15T18:00:00+00:00,ETH,1924.47,71.1,1895.07,1846.47,-0.18,HOLD,50
2026-07-15T19:00:00+00:00,ETH,1924.15,69.2,1896.68,1849.88,-0.02,HOLD,50
2026-07-15T20:00:00+00:00,ETH,1923.75,73.6,1898.79,1853.06,-0.02,HOLD,50
2026-07-15T21:00:00+00:00,ETH,1922.0,76.7,1901.38,1856.0,-0.09,HOLD,50
2026-07-15T22:00:00+00:00,ETH,1923.43,74.7,1904.32,1859.12,0.07,HOLD,50
2026-07-15T23:00:00+00:00,ETH,1917.86,70.1,1906.41,1862.24,-0.29,HOLD,50
2026-07-16T00:00:00+00:00,ETH,1914.86,69.2,1908.33,1865.37,-0.16,HOLD,50
2026-07-16T01:00:00+00:00,ETH,1922.7,69.6,1910.33,1868.29,0.41,HOLD,50
2026-07-16T02:00:00+00:00,ETH,1925.37,48.4,1912.8,1871.08,0.14,HOLD,50
2026-07-16T03:00:00+00:00,ETH,1918.7,44.4,1915.24,1873.75,-0.35,HOLD,50
2026-07-16T04:00:00+00:00,ETH,1918.31,36.5,1917.19,1876.47,-0.02,HOLD,50
2026-07-16T05:00:00+00:00,ETH,1925.66,44.9,1919.48,1879.31,0.38,HOLD,50
2026-07-16T06:00:00+00:00,ETH,1922.53,52.8,1921.7,1882.04,-0.16,HOLD,50
2026-07-16T07:00:00+00:00,ETH,1910.63,34.5,1923.0,1884.51,-0.62,HOLD,50
2026-07-16T08:00:00+00:00,ETH,1886.09,25.1,1920.95,1886.57,-1.28,BEARISH,55
2026-07-16T09:00:00+00:00,ETH,1884.67,24.7,1918.9,1888.64,-0.08,HOLD,50
2026-07-16T10:00:00+00:00,ETH,1888.58,28.4,1916.66,1890.69,0.21,HOLD,50
2026-07-16T11:00:00+00:00,ETH,1885.26,27.9,1914.33,1892.67,-0.18,HOLD,50
2026-07-16T12:00:00+00:00,ETH,1872.55,23.1,1911.98,1894.12,-0.67,HOLD,50
2026-07-16T13:00:00+00:00,ETH,1882.81,32.3,1909.72,1895.82,0.55,BULLISH,70
2026-07-16T14:00:00+00:00,ETH,1883.52,33.8,1907.67,1896.27,0.04,HOLD,50
2026-07-16T15:00:00+00:00,ETH,1881.88,27.5,1905.56,1896.48,-0.09,HOLD,50
2026-07-16T16:00:00+00:00,ETH,1878.9,24.4,1903.32,1896.43,-0.16,HOLD,50
2026-07-16T17:00:00+00:00,ETH,1868.91,23.6,1900.66,1896.31,-0.53,HOLD,50
2026-07-16T18:00:00+00:00,ETH,1875.85,28.9,1898.28,1896.35,0.37,BULLISH,70
2026-07-16T19:00:00+00:00,ETH,1875.59,23.3,1896.17,1896.43,-0.01,HOLD,50
2026-07-16T20:00:00+00:00,ETH,1871.89,23.1,1894.02,1896.37,-0.2,HOLD,50
2026-07-16T21:00:00+00:00,ETH,1878.66,32.1,1891.82,1896.41,0.36,BULLISH,70
2026-07-16T22:00:00+00:00,ETH,1868.89,38.4,1888.99,1896.28,-0.52,HOLD,50
2026-07-16T23:00:00+00:00,ETH,1864.71,37.1,1886.29,1896.04,-0.22,HOLD,50
2026-07-17T00:00:00+00:00,ETH,1865.77,34.6,1883.67,1895.72,0.06,HOLD,50
2026-07-17T01:00:00+00:00,ETH,1851.21,30.1,1879.94,1894.9,-0.78,HOLD,50
2026-07-17T02:00:00+00:00,ETH,1848.1,33.9,1876.22,1894.23,-0.17,HOLD,50
2026-07-17T03:00:00+00:00,ETH,1852.53,28.4,1873.32,1893.88,0.24,HOLD,50
2026-07-17T04:00:00+00:00,ETH,1850.07,26.7,1871.52,1893.59,-0.13,HOLD,50
2026-07-17T05:00:00+00:00,ETH,1823.94,19.9,1868.48,1892.55,-1.41,BEARISH,55
2026-07-17T06:00:00+00:00,ETH,1832.31,27.1,1865.67,1891.66,0.46,BULLISH,70
2026-07-17T07:00:00+00:00,ETH,1828.52,28.9,1862.83,1890.58,-0.21,HOLD,50
2026-07-17T08:00:00+00:00,ETH,1830.15,24.7,1860.71,1889.67,0.09,HOLD,50
2026-07-17T09:00:00+00:00,ETH,1835.1,28.7,1858.32,1888.97,0.27,HOLD,50
2026-07-17T10:00:00+00:00,ETH,1836.97,31.2,1856.0,1888.12,0.1,HOLD,50
2026-07-17T11:00:00+00:00,ETH,1839.04,27.6,1853.86,1887.31,0.11,HOLD,50
2026-07-17T12:00:00+00:00,ETH,1828.54,27.4,1851.34,1886.31,-0.57,HOLD,50
2026-07-17T13:00:00+00:00,ETH,1825.5,27.7,1849.17,1885.13,-0.17,HOLD,50
2026-07-17T14:00:00+00:00,ETH,1822.16,25.8,1846.48,1883.03,-0.18,HOLD,50
2026-07-17T15:00:00+00:00,ETH,1830.88,38.0,1844.25,1881.13,0.48,HOLD,50
2026-07-17T16:00:00+00:00,ETH,1835.91,42.9,1842.45,1879.19,0.27,HOLD,50
2026-07-17T17:00:00+00:00,ETH,1843.71,45.1,1840.7,1877.42,0.42,HOLD,50
2026-07-17T18:00:00+00:00,ETH,1846.99,48.3,1839.61,1875.97,0.18,HOLD,50
2026-07-17T19:00:00+00:00,ETH,1843.76,64.7,1838.56,1874.29,-0.17,HOLD,50
2026-07-17T20:00:00+00:00,ETH,1842.93,58.8,1837.42,1872.66,-0.05,HOLD,50
2026-07-17T21:00:00+00:00,ETH,1841.54,61.3,1836.93,1871.0,-0.08,HOLD,50
2026-07-17T22:00:00+00:00,ETH,1839.95,58.5,1836.53,1869.33,-0.09,HOLD,50
2026-07-17T23:00:00+00:00,ETH,1841.93,56.2,1835.99,1867.73,0.11,HOLD,50
2026-07-18T00:00:00+00:00,ETH,1840.84,53.6,1835.53,1866.07,-0.06,HOLD,50
2026-07-18T01:00:00+00:00,ETH,1842.48,53.2,1836.46,1864.57,0.09,HOLD,50
2026-07-18T02:00:00+00:00,ETH,1841.91,65.4,1836.94,1863.11,-0.03,HOLD,50
2026-07-18T03:00:00+00:00,ETH,1845.96,73.0,1837.81,1861.57,0.22,HOLD,50
2026-07-18T04:00:00+00:00,ETH,1844.7,76.5,1838.54,1859.96,-0.07,HOLD,50
2026-07-18T05:00:00+00:00,ETH,1845.86,71.5,1839.08,1858.5,0.06,HOLD,50
2026-07-18T06:00:00+00:00,ETH,1844.97,64.7,1839.48,1857.04,-0.05,HOLD,50
2026-07-18T07:00:00+00:00,ETH,1844.2,51.0,1839.74,1855.41,-0.04,HOLD,50
2026-07-18T08:00:00+00:00,ETH,1847.43,50.9,1840.68,1853.9,0.18,HOLD,50
2026-07-18T09:00:00+00:00,ETH,1844.87,52.4,1841.65,1852.59,-0.14,HOLD,50
2026-07-18T10:00:00+00:00,ETH,1845.57,55.8,1842.82,1851.78,0.04,HOLD,50
2026-07-18T11:00:00+00:00,ETH,1845.56,59.3,1843.55,1851.0,-0.0,HOLD,50
2026-07-18T12:00:00+00:00,ETH,1844.98,62.3,1844.01,1850.13,-0.03,HOLD,50
2026-07-18T13:00:00+00:00,ETH,1841.61,49.3,1843.9,1849.25,-0.18,HOLD,50
2026-07-18T14:00:00+00:00,ETH,1845.95,60.2,1843.85,1848.72,0.24,HOLD,50
2026-07-18T15:00:00+00:00,ETH,1844.15,53.3,1843.87,1847.95,-0.1,HOLD,50
2026-07-18T16:00:00+00:00,ETH,1846.11,57.9,1844.03,1847.2,0.11,HOLD,50
2026-07-18T17:00:00+00:00,ETH,1852.82,61.7,1844.59,1846.62,0.36,HOLD,50
2026-07-18T18:00:00+00:00,ETH,1857.54,69.6,1845.47,1846.19,0.25,HOLD,50
2026-07-18T19:00:00+00:00,ETH,1858.45,69.3,1846.3,1845.98,0.05,HOLD,50
2026-07-18T20:00:00+00:00,ETH,1857.34,68.9,1847.12,1845.61,-0.06,HOLD,50
2026-07-18T21:00:00+00:00,ETH,1860.97,73.5,1848.05,1845.32,0.2,HOLD,50
2026-07-18T22:00:00+00:00,ETH,1863.7,73.2,1849.14,1845.15,0.15,HOLD,50
2026-07-18T23:00:00+00:00,ETH,1862.61,76.4,1849.97,1844.83,-0.06,HOLD,50
2026-07-19T00:00:00+00:00,ETH,1861.45,73.3,1850.81,1844.68,-0.06,HOLD,50
2026-07-19T01:00:00+00:00,ETH,1859.18,68.7,1851.47,1844.57,-0.12,HOLD,50
2026-07-19T02:00:00+00:00,ETH,1871.44,77.5,1852.8,1844.69,0.66,HOLD,50
2026-07-19T03:00:00+00:00,ETH,1867.08,76.0,1853.94,1845.01,-0.23,HOLD,50
2026-07-19T04:00:00+00:00,ETH,1867.33,73.8,1854.94,1845.39,0.01,HOLD,50
2026-07-19T05:00:00+00:00,ETH,1868.56,77.5,1856.12,1845.71,0.07,HOLD,50
2026-07-19T06:00:00+00:00,ETH,1869.39,76.9,1857.31,1846.1,0.04,HOLD,50
2026-07-19T07:00:00+00:00,ETH,1870.25,73.3,1858.55,1847.02,0.05,HOLD,50
2026-07-19T08:00:00+00:00,ETH,1873.88,72.5,1859.99,1847.85,0.19,HOLD,50
2026-07-19T09:00:00+00:00,ETH,1866.16,58.9,1861.22,1848.61,-0.41,HOLD,50
2026-07-19T10:00:00+00:00,ETH,1872.25,65.5,1862.53,1849.45,0.33,HOLD,50
2026-07-19T11:00:00+00:00,ETH,1871.41,61.5,1863.9,1850.18,-0.04,HOLD,50
2026-07-19T12:00:00+00:00,ETH,1870.38,57.7,1865.11,1850.84,-0.06,HOLD,50
2026-07-19T13:00:00+00:00,ETH,1871.83,60.5,1866.06,1851.5,0.08,HOLD,50
2026-07-19T14:00:00+00:00,ETH,1874.69,64.5,1866.92,1852.42,0.15,HOLD,50
2026-07-19T15:00:00+00:00,ETH,1870.91,62.4,1867.54,1853.33,-0.2,HOLD,50
2026-07-19T16:00:00+00:00,ETH,1866.8,44.1,1868.01,1854.22,-0.22,HOLD,50
2026-07-19T17:00:00+00:00,ETH,1867.23,50.2,1868.33,1854.95,0.02,HOLD,50
2026-07-19T18:00:00+00:00,ETH,1861.12,42.4,1868.2,1855.45,-0.33,HOLD,50
2026-07-19T19:00:00+00:00,ETH,1862.37,42.4,1868.19,1855.83,0.07,HOLD,50
2026-07-19T20:00:00+00:00,ETH,1867.14,47.5,1868.47,1856.23,0.26,HOLD,50
2026-07-19T21:00:00+00:00,ETH,1862.12,41.7,1868.62,1856.6,-0.27,HOLD,50
2026-07-19T22:00:00+00:00,ETH,1870.44,46.8,1868.57,1857.15,0.45,HOLD,50
2026-07-19T23:00:00+00:00,ETH,1872.23,56.3,1868.82,1857.76,0.1,HOLD,50
2026-07-20T00:00:00+00:00,ETH,1872.14,49.9,1869.06,1858.41,-0.0,HOLD,50
2026-07-20T01:00:00+00:00,ETH,1869.56,47.9,1869.11,1858.96,-0.14,HOLD,50
2026-07-20T02:00:00+00:00,ETH,1879.06,58.3,1869.6,1859.72,0.51,HOLD,50
2026-07-20T03:00:00+00:00,ETH,1879.94,57.9,1870.08,1860.47,0.05,HOLD,50
2026-07-20T04:00:00+00:00,ETH,1868.94,45.2,1869.84,1861.01,-0.59,HOLD,50
2026-07-20T05:00:00+00:00,ETH,1855.45,38.9,1869.3,1861.2,-0.72,HOLD,50
2026-07-20T06:00:00+00:00,ETH,1849.73,38.0,1868.17,1861.3,-0.31,HOLD,50
2026-07-20T07:00:00+00:00,ETH,1863.95,48.1,1867.8,1861.66,0.77,HOLD,50
2026-07-20T08:00:00+00:00,ETH,1861.01,49.9,1867.33,1861.99,-0.16,HOLD,50
2026-07-20T09:00:00+00:00,ETH,1864.16,51.1,1866.95,1862.38,0.17,HOLD,50
2026-07-20T10:00:00+00:00,ETH,1868.85,51.0,1866.66,1862.81,0.25,HOLD,50
2026-07-20T11:00:00+00:00,ETH,1893.2,65.1,1867.77,1863.78,1.3,BULLISH,55
2026-07-20T12:00:00+00:00,ETH,1873.33,51.3,1868.1,1864.34,-1.05,BEARISH,55
2026-07-20T13:00:00+00:00,ETH,1862.68,46.1,1867.87,1864.68,-0.57,HOLD,50
2026-07-20T14:00:00+00:00,ETH,1868.01,48.4,1868.22,1865.14,0.29,HOLD,50
2026-07-20T15:00:00+00:00,ETH,1902.34,60.2,1870.21,1866.35,1.84,BULLISH,55
2026-07-20T16:00:00+00:00,ETH,1899.41,56.6,1871.83,1867.42,-0.15,HOLD,50
2026-07-20T17:00:00+00:00,ETH,1907.78,58.6,1874.11,1868.69,0.44,HOLD,50
2026-07-20T18:00:00+00:00,ETH,1899.52,59.7,1875.56,1869.76,-0.43,HOLD,50
2026-07-20T19:00:00+00:00,ETH,1898.46,64.7,1876.88,1870.68,-0.06,HOLD,50
2026-07-20T20:00:00+00:00,ETH,1904.84,68.8,1878.51,1871.62,0.34,HOLD,50
2026-07-20T21:00:00+00:00,ETH,1902.45,64.3,1880.16,1872.5,-0.13,HOLD,50
2026-07-20T22:00:00+00:00,ETH,1895.72,62.5,1880.99,1873.27,-0.35,HOLD,50
2026-07-20T23:00:00+00:00,ETH,1904.77,64.1,1882.23,1874.15,0.48,HOLD,50
2026-07-21T00:00:00+00:00,ETH,1914.8,65.3,1884.52,1875.17,0.53,HOLD,50
2026-07-21T01:00:00+00:00,ETH,1907.49,55.4,1887.12,1876.06,-0.38,HOLD,50
2026-07-21T02:00:00+00:00,ETH,1917.3,67.9,1890.5,1877.18,0.51,HOLD,50
2026-07-21T03:00:00+00:00,ETH,1926.75,76.4,1893.64,1878.53,0.49,HOLD,50
2026-07-21T04:00:00+00:00,ETH,1924.59,73.9,1896.82,1879.6,-0.11,HOLD,50
2026-07-21T05:00:00+00:00,ETH,1930.56,65.7,1900.14,1880.87,0.31,HOLD,50
2026-07-21T06:00:00+00:00,ETH,1935.03,69.5,1903.45,1882.22,0.23,HOLD,50
2026-07-21T07:00:00+00:00,ETH,1934.08,65.7,1905.5,1883.53,-0.05,HOLD,50
2026-07-21T08:00:00+00:00,ETH,1939.8,74.7,1908.82,1884.94,0.3,HOLD,50
2026-07-21T09:00:00+00:00,ETH,1942.22,76.4,1912.8,1886.38,0.12,HOLD,50
2026-07-21T10:00:00+00:00,ETH,1934.18,67.4,1916.1,1887.58,-0.41,BEARISH,70
2026-07-21T11:00:00+00:00,ETH,1935.69,69.9,1917.77,1888.97,0.08,HOLD,50
2026-07-21T12:00:00+00:00,ETH,1942.79,78.0,1919.94,1890.38,0.37,HOLD,50
2026-07-21T13:00:00+00:00,ETH,1940.3,72.9,1921.57,1891.76,-0.13,HOLD,50
2026-07-21T14:00:00+00:00,ETH,1931.87,61.3,1923.18,1892.99,-0.43,HOLD,50
2026-07-21T15:00:00+00:00,ETH,1931.81,67.7,1924.85,1894.19,-0.0,HOLD,50
2026-07-21T16:00:00+00:00,ETH,1926.37,57.1,1925.93,1895.23,-0.28,HOLD,50
2026-07-21T17:00:00+00:00,ETH,1918.71,43.6,1926.74,1896.18,-0.4,HOLD,50
2026-07-21T18:00:00+00:00,ETH,1919.93,46.2,1927.95,1897.24,0.06,HOLD,50
2026-07-21T19:00:00+00:00,ETH,1923.39,43.9,1928.88,1898.37,0.18,HOLD,50
2026-07-21T20:00:00+00:00,ETH,1923.24,39.2,1929.3,1899.61,-0.01,HOLD,50
2026-07-21T21:00:00+00:00,ETH,1924.32,41.1,1930.15,1900.85,0.06,HOLD,50
2026-07-21T22:00:00+00:00,ETH,1920.86,32.0,1930.32,1901.92,-0.18,HOLD,50
2026-07-21T23:00:00+00:00,ETH,1930.09,39.8,1930.49,1903.28,0.48,HOLD,50
2026-07-22T00:00:00+00:00,ETH,1939.46,54.4,1931.23,1904.66,0.49,HOLD,50
2026-07-22T01:00:00+00:00,ETH,1933.61,48.4,1931.39,1905.89,-0.3,HOLD,50
2026-07-22T02:00:00+00:00,ETH,1930.43,39.9,1931.16,1907.06,-0.16,HOLD,50
2026-07-22T03:00:00+00:00,ETH,1928.77,40.4,1930.89,1908.24,-0.09,HOLD,50
2026-07-22T04:00:00+00:00,ETH,1936.82,54.1,1930.74,1909.4,0.42,HOLD,50
2026-07-22T05:00:00+00:00,ETH,1919.35,41.9,1929.6,1910.18,-0.9,HOLD,50
2026-07-22T06:00:00+00:00,ETH,1917.4,43.9,1928.76,1911.15,-0.1,HOLD,50
2026-07-22T07:00:00+00:00,ETH,1914.44,46.9,1927.7,1912.33,-0.15,HOLD,50
2026-07-22T08:00:00+00:00,ETH,1921.32,50.9,1926.62,1913.77,0.36,HOLD,50
2026-07-22T09:00:00+00:00,ETH,1924.49,50.7,1925.83,1914.98,0.16,HOLD,50
2026-07-22T10:00:00+00:00,ETH,1930.82,54.7,1925.78,1916.37,0.33,HOLD,50
2026-07-22T11:00:00+00:00,ETH,1927.27,51.8,1925.55,1917.63,-0.18,HOLD,50
2026-07-22T12:00:00+00:00,ETH,1917.17,47.9,1925.09,1918.6,-0.52,HOLD,50
2026-07-22T13:00:00+00:00,ETH,1939.93,54.8,1926.16,1919.54,1.19,BULLISH,55
2026-07-22T14:00:00+00:00,ETH,1933.2,46.9,1926.82,1920.73,-0.35,HOLD,50
2026-07-22T15:00:00+00:00,ETH,1943.03,54.5,1927.8,1922.34,0.51,HOLD,50
2026-07-22T16:00:00+00:00,ETH,1949.84,59.0,1929.13,1923.98,0.35,HOLD,50
2026-07-22T17:00:00+00:00,ETH,1938.53,54.1,1929.84,1924.7,-0.58,HOLD,50
2026-07-22T18:00:00+00:00,ETH,1930.69,47.4,1930.33,1925.33,-0.4,HOLD,50
2026-07-22T19:00:00+00:00,ETH,1925.13,52.7,1930.09,1925.67,-0.29,HOLD,50
2026-07-22T20:00:00+00:00,ETH,1926.76,54.4,1929.45,1926.22,0.08,HOLD,50
2026-07-22T21:00:00+00:00,ETH,1938.76,60.6,1929.71,1927.02,0.62,HOLD,50
2026-07-22T22:00:00+00:00,ETH,1938.42,57.9,1930.11,1927.69,-0.02,HOLD,50
2026-07-22T23:00:00+00:00,ETH,1934.25,54.5,1930.38,1928.33,-0.22,HOLD,50
2026-07-23T00:00:00+00:00,ETH,1932.37,50.7,1930.16,1929.06,-0.1,HOLD,50
2026-07-23T01:00:00+00:00,ETH,1928.39,50.5,1930.61,1929.54,-0.21,HOLD,50
2026-07-23T02:00:00+00:00,ETH,1927.6,55.5,1931.12,1929.79,-0.04,HOLD,50
2026-07-23T03:00:00+00:00,ETH,1920.55,37.9,1931.43,1930.05,-0.37,HOLD,50
2026-07-23T04:00:00+00:00,ETH,1919.74,40.9,1931.35,1930.1,-0.04,HOLD,50
2026-07-23T05:00:00+00:00,ETH,1922.77,34.9,1931.26,1930.02,0.16,HOLD,50
2026-07-23T06:00:00+00:00,ETH,1925.39,30.6,1930.99,1930.04,0.14,HOLD,50
2026-07-23T07:00:00+00:00,ETH,1915.65,31.4,1930.41,1929.74,-0.51,HOLD,50
2026-07-23T08:00:00+00:00,ETH,1926.54,46.8,1930.88,1929.57,0.57,HOLD,50
2026-07-23T09:00:00+00:00,ETH,1924.36,49.4,1930.1,1929.38,-0.11,HOLD,50
2026-07-23T10:00:00+00:00,ETH,1928.14,51.1,1929.85,1929.14,0.2,HOLD,50
2026-07-23T11:00:00+00:00,ETH,1926.04,38.1,1929.0,1928.82,-0.11,HOLD,50
2026-07-23T12:00:00+00:00,ETH,1904.64,27.3,1926.74,1928.23,-1.11,BEARISH,55
2026-07-23T13:00:00+00:00,ETH,1898.72,26.7,1924.75,1927.49,-0.31,HOLD,50
2026-07-23T14:00:00+00:00,ETH,1896.43,26.5,1923.03,1926.56,-0.12,HOLD,50
2026-07-23T15:00:00+00:00,ETH,1895.23,27.5,1921.54,1925.66,-0.06,HOLD,50
2026-07-23T16:00:00+00:00,ETH,1887.95,25.3,1919.6,1924.78,-0.38,HOLD,50
2026-07-23T17:00:00+00:00,ETH,1878.31,24.5,1916.57,1923.71,-0.51,HOLD,50
2026-07-23T18:00:00+00:00,ETH,1881.19,27.3,1913.71,1922.81,0.15,HOLD,50
2026-07-23T19:00:00+00:00,ETH,1875.65,23.1,1910.78,1921.95,-0.29,HOLD,50
2026-07-23T20:00:00+00:00,ETH,1885.98,29.3,1908.46,1921.27,0.55,BULLISH,85
2026-07-23T21:00:00+00:00,ETH,1882.72,31.4,1906.18,1920.46,-0.17,HOLD,50
2026-07-23T22:00:00+00:00,ETH,1883.42,22.5,1903.97,1919.66,0.04,HOLD,50
2026-07-23T23:00:00+00:00,ETH,1878.38,21.7,1901.86,1918.74,-0.27,HOLD,50
2026-07-24T00:00:00+00:00,ETH,1871.47,16.5,1899.45,1917.75,-0.37,HOLD,50
2026-07-24T01:00:00+00:00,ETH,1872.76,18.2,1896.95,1916.61,0.07,HOLD,50
2026-07-24T02:00:00+00:00,ETH,1869.58,23.2,1894.16,1915.21,-0.17,HOLD,50
2026-07-24T03:00:00+00:00,ETH,1880.67,37.2,1892.41,1914.15,0.59,HOLD,50
2026-07-24T04:00:00+00:00,ETH,1876.12,36.1,1889.89,1913.06,-0.24,HOLD,50
2026-07-24T05:00:00+00:00,ETH,1880.97,40.7,1887.72,1912.11,0.26,HOLD,50
2026-07-24T06:00:00+00:00,ETH,1888.13,50.1,1885.72,1911.13,0.38,HOLD,50
2026-07-24T07:00:00+00:00,ETH,1895.98,61.8,1884.22,1910.67,0.42,HOLD,50
2026-07-24T08:00:00+00:00,ETH,1888.07,54.3,1883.39,1910.08,-0.42,HOLD,50
2026-07-24T09:00:00+00:00,ETH,1888.07,58.4,1882.85,1909.55,0.0,HOLD,50
2026-07-24T10:00:00+00:00,ETH,1883.82,48.4,1882.22,1908.8,-0.23,HOLD,50
2026-07-24T11:00:00+00:00,ETH,1883.93,50.9,1881.66,1907.99,0.01,HOLD,50
2026-07-24T12:00:00+00:00,ETH,1872.65,42.9,1880.89,1906.83,-0.6,HOLD,50
2026-07-24T13:00:00+00:00,ETH,1857.6,37.8,1879.86,1905.43,-0.8,HOLD,50
2026-07-24T14:00:00+00:00,ETH,1862.9,44.9,1878.94,1904.35,0.29,HOLD,50
2026-07-24T15:00:00+00:00,ETH,1861.81,43.5,1878.25,1902.79,-0.06,HOLD,50
2026-07-24T16:00:00+00:00,ETH,1857.47,42.9,1876.83,1901.27,-0.23,HOLD,50
2026-07-24T17:00:00+00:00,ETH,1866.53,41.5,1876.02,1899.74,0.49,HOLD,50
2026-07-24T18:00:00+00:00,ETH,1862.72,41.8,1874.98,1898.0,-0.2,HOLD,50
2026-07-24T19:00:00+00:00,ETH,1863.83,39.1,1874.25,1896.51,0.06,HOLD,50
2026-07-24T20:00:00+00:00,ETH,1860.9,31.6,1873.73,1895.11,-0.16,HOLD,50
2026-07-24T21:00:00+00:00,ETH,1857.51,22.4,1872.96,1893.76,-0.18,HOLD,50
2026-07-24T22:00:00+00:00,ETH,1859.49,27.6,1872.46,1892.41,0.11,HOLD,50
2026-07-24T23:00:00+00:00,ETH,1861.44,29.7,1871.5,1890.87,0.1,HOLD,50
2026-07-25T00:00:00+00:00,ETH,1860.34,31.2,1870.71,1889.3,-0.06,HOLD,50
2026-07-25T01:00:00+00:00,ETH,1860.0,30.9,1869.66,1887.82,-0.02,HOLD,50
2026-07-25T02:00:00+00:00,ETH,1859.45,37.3,1868.23,1886.36,-0.03,HOLD,50
2026-07-25T03:00:00+00:00,ETH,1858.74,51.5,1866.36,1884.97,-0.04,HOLD,50
2026-07-25T04:00:00+00:00,ETH,1861.28,47.7,1865.02,1883.64,0.14,HOLD,50
2026-07-25T05:00:00+00:00,ETH,1858.42,45.4,1863.54,1882.4,-0.15,HOLD,50
2026-07-25T06:00:00+00:00,ETH,1858.55,51.7,1862.28,1881.17,0.01,HOLD,50
2026-07-25T07:00:00+00:00,ETH,1856.02,29.7,1860.88,1879.84,-0.14,HOLD,50
2026-07-25T08:00:00+00:00,ETH,1853.8,31.7,1859.94,1878.41,-0.12,HOLD,50
2026-07-25T09:00:00+00:00,ETH,1858.34,40.1,1859.98,1877.26,0.24,HOLD,50
2026-07-25T10:00:00+00:00,ETH,1858.62,45.5,1859.76,1875.9,0.02,HOLD,50
2026-07-25T11:00:00+00:00,ETH,1857.75,50.5,1859.56,1874.57,-0.05,HOLD,50
2026-07-25T12:00:00+00:00,ETH,1860.32,51.8,1859.7,1873.21,0.14,HOLD,50
2026-07-25T13:00:00+00:00,ETH,1867.24,60.3,1859.74,1872.04,0.37,HOLD,50
2026-07-25T14:00:00+00:00,ETH,1868.68,64.6,1860.04,1871.32,0.08,HOLD,50
2026-07-25T15:00:00+00:00,ETH,1867.88,63.6,1860.24,1870.7,-0.04,HOLD,50
2026-07-25T16:00:00+00:00,ETH,1867.99,65.0,1860.59,1870.13,0.01,HOLD,50
2026-07-25T17:00:00+00:00,ETH,1873.06,71.8,1861.37,1869.69,0.27,HOLD,50
2026-07-25T18:00:00+00:00,ETH,1875.48,71.7,1862.17,1869.44,0.13,HOLD,50
2026-07-25T19:00:00+00:00,ETH,1874.76,76.7,1862.84,1869.37,-0.04,HOLD,50
2026-07-25T20:00:00+00:00,ETH,1872.23,70.7,1863.43,1869.19,-0.13,HOLD,50
2026-07-25T21:00:00+00:00,ETH,1872.65,76.9,1864.06,1869.13,0.02,HOLD,50
2026-07-25T22:00:00+00:00,ETH,1875.82,84.6,1864.88,1868.93,0.17,HOLD,50
2026-07-25T23:00:00+00:00,ETH,1874.89,79.3,1865.69,1868.77,-0.05,HOLD,50
2026-07-26T00:00:00+00:00,ETH,1881.05,82.9,1866.68,1868.72,0.33,HOLD,50
2026-07-26T01:00:00+00:00,ETH,1878.68,79.4,1867.69,1868.73,-0.13,HOLD,50
2026-07-26T02:00:00+00:00,ETH,1880.97,79.2,1868.81,1868.92,0.12,HOLD,50
2026-07-26T03:00:00+00:00,ETH,1882.21,75.2,1870.12,1869.11,0.07,HOLD,50
2026-07-26T04:00:00+00:00,ETH,1886.26,77.2,1871.74,1869.44,0.22,HOLD,50
2026-07-26T05:00:00+00:00,ETH,1883.4,72.6,1873.0,1869.5,-0.15,HOLD,50
2026-07-26T06:00:00+00:00,ETH,1884.95,73.7,1874.31,1869.67,0.08,HOLD,50
2026-07-26T07:00:00+00:00,ETH,1881.56,62.5,1875.5,1869.68,-0.18,HOLD,50
2026-07-26T08:00:00+00:00,ETH,1881.42,59.3,1876.56,1869.55,-0.01,HOLD,50
2026-07-26T09:00:00+00:00,ETH,1883.8,63.5,1877.39,1869.31,0.13,HOLD,50
2026-07-26T10:00:00+00:00,ETH,1886.22,71.0,1878.26,1869.27,0.13,HOLD,50
2026-07-26T11:00:00+00:00,ETH,1885.87,69.8,1879.16,1869.23,-0.02,HOLD,50
2026-07-26T12:00:00+00:00,ETH,1886.57,67.4,1880.09,1869.28,0.04,HOLD,50
2026-07-26T13:00:00+00:00,ETH,1886.62,69.6,1880.77,1869.33,0.0,HOLD,50
2026-07-26T14:00:00+00:00,ETH,1898.59,74.5,1881.93,1869.85,0.63,HOLD,50
2026-07-26T15:00:00+00:00,ETH,1914.63,86.4,1883.92,1870.99,0.84,HOLD,50
2026-07-26T16:00:00+00:00,ETH,1916.2,86.2,1886.12,1872.06,0.08,HOLD,50
2026-07-26T17:00:00+00:00,ETH,1911.23,77.7,1888.05,1873.05,-0.26,HOLD,50
2026-07-26T18:00:00+00:00,ETH,1914.49,77.3,1889.98,1874.19,0.17,HOLD,50
2026-07-26T19:00:00+00:00,ETH,1914.2,81.4,1891.95,1875.14,-0.02,HOLD,50
2026-07-26T20:00:00+00:00,ETH,1913.8,80.1,1893.58,1876.16,-0.02,HOLD,50
2026-07-26T21:00:00+00:00,ETH,1925.91,89.1,1895.95,1877.41,0.63,HOLD,50
2026-07-26T22:00:00+00:00,ETH,1949.81,92.5,1899.39,1879.18,1.24,BULLISH,55
2026-07-26T23:00:00+00:00,ETH,1954.72,92.8,1903.01,1881.13,0.25,HOLD,50
2026-07-27T00:00:00+00:00,ETH,1942.54,80.4,1905.83,1882.79,-0.62,BEARISH,85
2026-07-27T01:00:00+00:00,ETH,1948.2,81.8,1909.07,1884.52,0.29,HOLD,50
2026-07-27T02:00:00+00:00,ETH,1943.1,77.6,1911.97,1886.18,-0.26,HOLD,50
2026-07-27T03:00:00+00:00,ETH,1949.64,78.9,1915.38,1887.97,0.34,HOLD,50
2026-07-27T04:00:00+00:00,ETH,1953.43,77.2,1918.98,1889.85,0.19,HOLD,50
2026-07-27T05:00:00+00:00,ETH,1965.65,76.3,1923.07,1891.99,0.63,HOLD,50
2026-07-27T06:00:00+00:00,ETH,1968.45,76.6,1927.18,1894.13,0.14,HOLD,50
2026-07-27T07:00:00+00:00,ETH,1964.36,77.3,1931.11,1896.25,-0.21,HOLD,50
2026-07-27T08:00:00+00:00,ETH,1964.25,76.4,1934.99,1898.37,-0.01,HOLD,50
2026-07-27T09:00:00+00:00,ETH,1965.19,76.9,1938.92,1900.55,0.05,HOLD,50
2026-07-27T10:00:00+00:00,ETH,1967.43,77.8,1942.36,1902.82,0.11,HOLD,50
2026-07-27T11:00:00+00:00,ETH,1959.67,68.3,1944.61,1904.85,-0.39,BEARISH,70
2026-07-27T12:00:00+00:00,ETH,1957.59,55.5,1946.68,1906.83,-0.11,HOLD,50
2026-07-27T13:00:00+00:00,ETH,1961.16,54.7,1949.18,1908.9,0.18,HOLD,50
2026-07-27T14:00:00+00:00,ETH,1932.3,44.0,1950.07,1910.34,-1.47,BEARISH,55
2026-07-27T15:00:00+00:00,ETH,1927.75,37.9,1950.75,1911.55,-0.24,HOLD,50
2026-07-27T16:00:00+00:00,ETH,1940.57,48.6,1952.09,1912.98,0.67,HOLD,50
2026-07-27T17:00:00+00:00,ETH,1943.71,46.7,1952.98,1914.5,0.16,HOLD,50
2026-07-27T18:00:00+00:00,ETH,1939.2,42.1,1952.45,1915.92,-0.23,HOLD,50
2026-07-27T19:00:00+00:00,ETH,1948.31,40.0,1952.12,1917.43,0.47,HOLD,50
2026-07-27T20:00:00+00:00,ETH,1946.87,37.3,1952.34,1918.86,-0.07,HOLD,50
2026-07-27T21:00:00+00:00,ETH,1941.9,37.0,1952.03,1920.2,-0.26,HOLD,50
2026-07-27T22:00:00+00:00,ETH,1893.6,23.7,1949.55,1920.63,-2.49,BEARISH,55
2026-07-27T23:00:00+00:00,ETH,1892.53,23.0,1946.7,1921.03,-0.06,HOLD,50
2026-07-28T00:00:00+00:00,ETH,1878.86,19.6,1942.97,1921.09,-0.72,HOLD,50
2026-07-28T01:00:00+00:00,ETH,1875.9,20.3,1938.48,1921.11,-0.16,HOLD,50
2026-07-28T02:00:00+00:00,ETH,1876.0,20.7,1933.86,1921.01,0.01,HOLD,50
2026-07-28T03:00:00+00:00,ETH,1881.38,21.7,1929.71,1921.06,0.29,HOLD,50
2026-07-28T04:00:00+00:00,ETH,1879.18,26.7,1925.45,1921.02,-0.12,HOLD,50
2026-07-28T05:00:00+00:00,ETH,1883.16,30.4,1921.35,1921.04,0.21,HOLD,50
2026-07-28T06:00:00+00:00,ETH,1888.62,25.6,1917.41,1921.09,0.29,HOLD,50
2026-07-28T07:00:00+00:00,ETH,1883.83,22.3,1913.62,1921.1,-0.25,HOLD,50
2026-07-28T08:00:00+00:00,ETH,1884.5,23.7,1909.97,1921.09,0.04,HOLD,50
2026-07-28T09:00:00+00:00,ETH,1876.44,15.1,1905.73,1920.99,-0.43,HOLD,50
2026-07-28T10:00:00+00:00,ETH,1878.79,17.3,1903.06,1920.93,0.13,HOLD,50
2026-07-28T11:00:00+00:00,ETH,1876.68,17.7,1900.5,1920.79,-0.11,HOLD,50
2026-07-28T12:00:00+00:00,ETH,1892.48,49.2,1898.1,1920.92,0.84,HOLD,50
2026-07-28T13:00:00+00:00,ETH,1874.08,39.3,1894.62,1920.68,-0.97,HOLD,50
2026-07-28T14:00:00+00:00,ETH,1888.95,55.8,1892.1,1920.73,0.79,HOLD,50
2026-07-28T15:00:00+00:00,ETH,1920.02,69.1,1890.69,1921.4,1.64,BULLISH,55
2026-07-28T16:00:00+00:00,ETH,1925.92,70.6,1889.64,1921.94,0.31,HOLD,50
2026-07-28T17:00:00+00:00,ETH,1901.89,57.3,1887.64,1921.69,-1.25,BEARISH,55
2026-07-28T18:00:00+00:00,ETH,1911.22,60.9,1888.52,1921.59,0.49,HOLD,50
2026-07-28T19:00:00+00:00,ETH,1922.23,62.7,1890.01,1921.81,0.58,HOLD,50
2026-07-28T20:00:00+00:00,ETH,1918.57,59.8,1891.99,1921.89,-0.19,HOLD,50
2026-07-28T21:00:00+00:00,ETH,1923.95,63.1,1894.39,1922.09,0.28,HOLD,50
2026-07-28T22:00:00+00:00,ETH,1911.9,58.4,1896.19,1922.05,-0.63,HOLD,50
2026-07-28T23:00:00+00:00,ETH,1922.23,63.8,1898.23,1921.97,0.54,HOLD,50
2026-07-29T00:00:00+00:00,ETH,1917.27,61.4,1900.14,1921.32,-0.26,HOLD,50
2026-07-29T01:00:00+00:00,ETH,1905.7,58.1,1901.26,1920.34,-0.6,HOLD,50
2026-07-29T02:00:00+00:00,ETH,1911.1,55.5,1902.39,1919.71,0.28,HOLD,50
2026-07-29T03:00:00+00:00,ETH,1892.7,55.5,1902.83,1918.6,-0.96,HOLD,50
2026-07-29T04:00:00+00:00,ETH,1905.52,55.0,1903.88,1917.85,0.68,HOLD,50
2026-07-29T05:00:00+00:00,ETH,1912.54,47.4,1905.69,1917.11,0.37,HOLD,50
2026-07-29T06:00:00+00:00,ETH,1920.18,48.0,1907.76,1916.45,0.4,HOLD,50
2026-07-29T07:00:00+00:00,ETH,1920.6,57.8,1909.95,1915.54,0.02,HOLD,50
2026-06-17T17:00:00+00:00,SOL,74.22,50.0,73.99,73.99,0.62,HOLD,50
2026-06-17T18:00:00+00:00,SOL,73.5,50.0,73.83,73.83,-0.97,HOLD,50
2026-06-17T19:00:00+00:00,SOL,71.66,50.0,73.28,73.28,-2.5,BEARISH,55
2026-06-17T20:00:00+00:00,SOL,72.2,50.0,73.07,73.07,0.75,HOLD,50
2026-06-17T21:00:00+00:00,SOL,71.62,50.0,72.83,72.83,-0.8,HOLD,50
2026-06-17T22:00:00+00:00,SOL,71.7,50.0,72.67,72.67,0.11,HOLD,50
2026-06-17T23:00:00+00:00,SOL,72.05,50.0,72.59,72.59,0.49,HOLD,50
2026-06-18T00:00:00+00:00,SOL,72.22,50.0,72.55,72.55,0.24,HOLD,50
2026-06-18T01:00:00+00:00,SOL,72.21,50.0,72.51,72.51,-0.01,HOLD,50
2026-06-18T02:00:00+00:00,SOL,72.54,50.0,72.52,72.52,0.46,HOLD,50
2026-06-18T03:00:00+00:00,SOL,71.65,50.0,72.44,72.44,-1.23,BEARISH,55
2026-06-18T04:00:00+00:00,SOL,71.06,50.0,72.34,72.34,-0.82,HOLD,50
2026-06-18T05:00:00+00:00,SOL,71.14,50.0,72.25,72.25,0.11,HOLD,50
2026-06-18T06:00:00+00:00,SOL,71.34,32.3,72.19,72.19,0.28,HOLD,50
2026-06-18T07:00:00+00:00,SOL,71.78,32.1,72.17,72.17,0.62,BULLISH,70
2026-06-18T08:00:00+00:00,SOL,71.85,36.6,72.15,72.15,0.1,HOLD,50
2026-06-18T09:00:00+00:00,SOL,71.85,52.2,72.13,72.13,0.0,HOLD,50
2026-06-18T10:00:00+00:00,SOL,71.39,40.5,72.09,72.09,-0.64,HOLD,50
2026-06-18T11:00:00+00:00,SOL,70.94,41.7,72.03,72.03,-0.63,HOLD,50
2026-06-18T12:00:00+00:00,SOL,71.57,48.6,71.92,72.01,0.89,HOLD,50
2026-06-18T13:00:00+00:00,SOL,71.05,39.7,71.77,71.97,-0.73,HOLD,50
2026-06-18T14:00:00+00:00,SOL,71.08,37.9,71.65,71.93,0.04,HOLD,50
2026-06-18T15:00:00+00:00,SOL,68.44,24.3,71.48,71.78,-3.71,BEARISH,75
2026-06-18T16:00:00+00:00,SOL,69.06,27.2,71.33,71.68,0.91,BULLISH,85
2026-06-18T17:00:00+00:00,SOL,68.64,29.0,71.18,71.56,-0.61,HOLD,50
2026-06-18T18:00:00+00:00,SOL,68.66,31.8,71.03,71.45,0.03,HOLD,50
2026-06-18T19:00:00+00:00,SOL,69.37,37.7,70.89,71.38,1.03,BULLISH,55
2026-06-18T20:00:00+00:00,SOL,69.82,39.8,70.77,71.32,0.65,HOLD,50
2026-06-18T21:00:00+00:00,SOL,69.57,34.8,70.64,71.26,-0.36,HOLD,50
2026-06-18T22:00:00+00:00,SOL,69.52,33.9,70.49,71.21,-0.07,HOLD,50
2026-06-18T23:00:00+00:00,SOL,69.71,35.6,70.39,71.16,0.27,HOLD,50
2026-06-19T00:00:00+00:00,SOL,69.81,38.8,70.33,71.12,0.14,HOLD,50
2026-06-19T01:00:00+00:00,SOL,69.94,42.6,70.27,71.09,0.19,HOLD,50
2026-06-19T02:00:00+00:00,SOL,69.66,35.1,70.19,71.05,-0.4,HOLD,50
2026-06-19T03:00:00+00:00,SOL,69.05,34.6,70.05,70.99,-0.88,HOLD,50
2026-06-19T04:00:00+00:00,SOL,68.33,30.9,69.87,70.92,-1.04,BEARISH,55
2026-06-19T05:00:00+00:00,SOL,68.7,52.6,69.72,70.86,0.54,HOLD,50
2026-06-19T06:00:00+00:00,SOL,68.75,46.4,69.58,70.81,0.07,HOLD,50
2026-06-19T07:00:00+00:00,SOL,68.38,47.0,69.46,70.74,-0.54,HOLD,50
2026-06-19T08:00:00+00:00,SOL,68.68,50.2,69.31,70.69,0.44,HOLD,50
2026-06-19T09:00:00+00:00,SOL,68.33,37.7,69.18,70.64,-0.51,HOLD,50
2026-06-19T10:00:00+00:00,SOL,68.3,30.0,69.04,70.58,-0.04,HOLD,50
2026-06-19T11:00:00+00:00,SOL,68.25,31.7,69.03,70.53,-0.07,HOLD,50
2026-06-19T12:00:00+00:00,SOL,68.62,38.5,69.0,70.49,0.54,HOLD,50
2026-06-19T13:00:00+00:00,SOL,69.28,45.1,69.04,70.46,0.96,HOLD,50
2026-06-19T14:00:00+00:00,SOL,69.15,42.5,69.06,70.43,-0.19,HOLD,50
2026-06-19T15:00:00+00:00,SOL,69.33,43.2,69.06,70.41,0.26,HOLD,50
2026-06-19T16:00:00+00:00,SOL,68.71,40.1,69.0,70.38,-0.89,HOLD,50
2026-06-19T17:00:00+00:00,SOL,69.31,52.7,68.99,70.36,0.87,HOLD,50
2026-06-19T18:00:00+00:00,SOL,69.06,58.4,68.97,70.26,-0.36,HOLD,50
2026-06-19T19:00:00+00:00,SOL,68.97,53.3,68.93,70.16,-0.13,HOLD,50
2026-06-19T20:00:00+00:00,SOL,69.25,55.8,68.9,70.07,0.41,HOLD,50
2026-06-19T21:00:00+00:00,SOL,69.02,57.7,68.86,70.02,-0.33,HOLD,50
2026-06-19T22:00:00+00:00,SOL,69.42,58.7,68.84,69.96,0.58,HOLD,50
2026-06-19T23:00:00+00:00,SOL,69.74,66.7,68.88,69.92,0.46,HOLD,50
2026-06-20T00:00:00+00:00,SOL,69.63,65.5,68.94,69.88,-0.16,HOLD,50
2026-06-20T01:00:00+00:00,SOL,69.8,67.6,69.0,69.84,0.24,HOLD,50
2026-06-20T02:00:00+00:00,SOL,69.65,62.3,69.04,69.79,-0.21,HOLD,50
2026-06-20T03:00:00+00:00,SOL,70.0,59.3,69.13,69.74,0.5,HOLD,50
2026-06-20T04:00:00+00:00,SOL,70.86,68.5,69.23,69.71,1.23,BULLISH,55
2026-06-20T05:00:00+00:00,SOL,71.8,73.0,69.41,69.71,1.33,BULLISH,55
2026-06-20T06:00:00+00:00,SOL,72.12,83.6,69.6,69.73,0.45,HOLD,50
2026-06-20T07:00:00+00:00,SOL,71.6,72.9,69.77,69.74,-0.72,BEARISH,85
2026-06-20T08:00:00+00:00,SOL,71.34,72.8,69.9,69.74,-0.36,BEARISH,70
2026-06-20T09:00:00+00:00,SOL,71.57,75.3,70.02,69.74,0.32,HOLD,50
2026-06-20T10:00:00+00:00,SOL,71.69,74.5,70.14,69.74,0.17,HOLD,50
2026-06-20T11:00:00+00:00,SOL,71.78,78.5,70.27,69.73,0.13,HOLD,50
2026-06-20T12:00:00+00:00,SOL,71.56,73.0,70.41,69.74,-0.31,BEARISH,70
2026-06-20T13:00:00+00:00,SOL,71.19,65.4,70.5,69.74,-0.52,BEARISH,70
2026-06-20T14:00:00+00:00,SOL,71.93,71.5,70.65,69.75,1.04,BULLISH,55
2026-06-20T15:00:00+00:00,SOL,72.02,71.1,70.8,69.77,0.13,HOLD,50
2026-06-20T16:00:00+00:00,SOL,71.67,68.5,70.92,69.78,-0.49,BEARISH,70
2026-06-20T17:00:00+00:00,SOL,71.55,64.8,71.05,69.84,-0.17,HOLD,50
2026-06-20T18:00:00+00:00,SOL,71.75,59.7,71.16,69.9,0.28,HOLD,50
2026-06-20T19:00:00+00:00,SOL,71.86,50.8,71.27,69.96,0.15,HOLD,50
2026-06-20T20:00:00+00:00,SOL,72.01,48.5,71.39,70.03,0.21,HOLD,50
2026-06-20T21:00:00+00:00,SOL,72.41,61.7,71.52,70.09,0.56,HOLD,50
2026-06-20T22:00:00+00:00,SOL,73.56,75.6,71.71,70.16,1.59,BULLISH,55
2026-06-20T23:00:00+00:00,SOL,73.22,68.5,71.87,70.24,-0.46,BEARISH,70
2026-06-21T00:00:00+00:00,SOL,73.2,67.4,71.99,70.31,-0.03,HOLD,50
2026-06-21T01:00:00+00:00,SOL,73.19,66.5,72.06,70.38,-0.01,HOLD,50
2026-06-21T02:00:00+00:00,SOL,73.34,71.2,72.12,70.45,0.2,HOLD,50
2026-06-21T03:00:00+00:00,SOL,73.63,79.6,72.22,70.52,0.4,HOLD,50
2026-06-21T04:00:00+00:00,SOL,73.44,71.1,72.33,70.6,-0.26,HOLD,50
2026-06-21T05:00:00+00:00,SOL,73.09,64.0,72.4,70.68,-0.48,HOLD,50
2026-06-21T06:00:00+00:00,SOL,73.24,71.6,72.48,70.78,0.21,HOLD,50
2026-06-21T07:00:00+00:00,SOL,73.21,73.4,72.55,70.87,-0.04,HOLD,50
2026-06-21T08:00:00+00:00,SOL,73.15,70.6,72.63,70.96,-0.08,HOLD,50
2026-06-21T09:00:00+00:00,SOL,74.05,76.1,72.78,71.07,1.23,BULLISH,55
2026-06-21T10:00:00+00:00,SOL,73.9,72.6,72.87,71.18,-0.2,HOLD,50
2026-06-21T11:00:00+00:00,SOL,73.21,58.9,72.93,71.27,-0.93,HOLD,50
2026-06-21T12:00:00+00:00,SOL,73.65,51.2,73.03,71.38,0.6,HOLD,50
2026-06-21T13:00:00+00:00,SOL,73.91,59.3,73.15,71.49,0.35,HOLD,50
2026-06-21T14:00:00+00:00,SOL,74.11,61.8,73.27,71.6,0.27,HOLD,50
2026-06-21T15:00:00+00:00,SOL,74.14,62.2,73.38,71.7,0.04,HOLD,50
2026-06-21T16:00:00+00:00,SOL,74.34,62.7,73.5,71.8,0.27,HOLD,50
2026-06-21T17:00:00+00:00,SOL,74.24,58.1,73.59,71.9,-0.13,HOLD,50
2026-06-21T18:00:00+00:00,SOL,74.22,60.9,73.62,72.01,-0.03,HOLD,50
2026-06-21T19:00:00+00:00,SOL,74.42,69.4,73.68,72.11,0.27,HOLD,50
2026-06-21T20:00:00+00:00,SOL,73.42,52.1,73.7,72.2,-1.34,BEARISH,55
2026-06-21T21:00:00+00:00,SOL,73.15,49.3,73.69,72.29,-0.37,HOLD,50
2026-06-21T22:00:00+00:00,SOL,73.06,49.0,73.68,72.36,-0.12,HOLD,50
2026-06-21T23:00:00+00:00,SOL,72.46,31.3,73.62,72.43,-0.82,HOLD,50
2026-06-22T00:00:00+00:00,SOL,73.36,44.6,73.62,72.51,1.24,BULLISH,55
2026-06-22T01:00:00+00:00,SOL,74.37,60.9,73.68,72.6,1.38,BULLISH,55
2026-06-22T02:00:00+00:00,SOL,73.83,51.7,73.71,72.69,-0.73,HOLD,50
2026-06-22T03:00:00+00:00,SOL,73.52,46.4,73.73,72.76,-0.42,HOLD,50
2026-06-22T04:00:00+00:00,SOL,73.86,47.8,73.76,72.84,0.46,HOLD,50
2026-06-22T05:00:00+00:00,SOL,73.95,48.3,73.76,72.92,0.12,HOLD,50
2026-06-22T06:00:00+00:00,SOL,73.71,44.5,73.75,72.98,-0.32,HOLD,50
2026-06-22T07:00:00+00:00,SOL,74.1,48.8,73.79,73.03,0.53,HOLD,50
2026-06-22T08:00:00+00:00,SOL,73.9,47.4,73.8,73.06,-0.27,HOLD,50
2026-06-22T09:00:00+00:00,SOL,73.8,44.9,73.8,73.11,-0.14,HOLD,50
2026-06-22T10:00:00+00:00,SOL,73.78,53.5,73.78,73.15,-0.03,HOLD,50
2026-06-22T11:00:00+00:00,SOL,74.17,59.8,73.78,73.21,0.53,HOLD,50
2026-06-22T12:00:00+00:00,SOL,74.41,62.6,73.79,73.26,0.32,HOLD,50
2026-06-22T13:00:00+00:00,SOL,74.98,73.6,73.82,73.32,0.77,HOLD,50
2026-06-22T14:00:00+00:00,SOL,73.44,50.7,73.78,73.36,-2.05,BEARISH,55
2026-06-22T15:00:00+00:00,SOL,73.14,38.3,73.72,73.4,-0.41,HOLD,50
2026-06-22T16:00:00+00:00,SOL,72.95,41.1,73.7,73.42,-0.26,HOLD,50
2026-06-22T17:00:00+00:00,SOL,73.28,47.6,73.7,73.45,0.45,HOLD,50
2026-06-22T18:00:00+00:00,SOL,72.64,38.4,73.68,73.47,-0.87,HOLD,50
2026-06-22T19:00:00+00:00,SOL,72.71,38.1,73.7,73.49,0.1,HOLD,50
2026-06-22T20:00:00+00:00,SOL,72.83,41.4,73.67,73.51,0.17,HOLD,50
2026-06-22T21:00:00+00:00,SOL,72.73,35.8,73.59,73.53,-0.14,HOLD,50
2026-06-22T22:00:00+00:00,SOL,72.11,32.9,73.5,73.53,-0.85,HOLD,50
2026-06-22T23:00:00+00:00,SOL,71.95,32.5,73.42,73.52,-0.22,HOLD,50
2026-06-23T00:00:00+00:00,SOL,71.88,32.2,73.32,73.49,-0.1,HOLD,50
2026-06-23T01:00:00+00:00,SOL,71.72,26.0,73.21,73.46,-0.22,HOLD,50
2026-06-23T02:00:00+00:00,SOL,72.0,26.6,73.13,73.43,0.39,BULLISH,70
2026-06-23T03:00:00+00:00,SOL,72.0,17.5,73.02,73.41,0.0,HOLD,50
2026-06-23T04:00:00+00:00,SOL,71.45,22.3,72.9,73.37,-0.76,HOLD,50
2026-06-23T05:00:00+00:00,SOL,71.02,21.5,72.76,73.32,-0.6,HOLD,50
2026-06-23T06:00:00+00:00,SOL,70.33,19.0,72.59,73.26,-0.97,HOLD,50
2026-06-23T07:00:00+00:00,SOL,70.01,11.2,72.38,73.2,-0.45,HOLD,50
2026-06-23T08:00:00+00:00,SOL,68.7,9.6,72.09,73.11,-1.87,BEARISH,55
2026-06-23T09:00:00+00:00,SOL,68.93,12.5,71.79,73.02,0.33,BULLISH,70
2026-06-23T10:00:00+00:00,SOL,68.82,10.1,71.56,72.93,-0.16,HOLD,50
2026-06-23T11:00:00+00:00,SOL,69.33,18.8,71.37,72.84,0.74,BULLISH,85
2026-06-23T12:00:00+00:00,SOL,68.98,19.7,71.17,72.74,-0.5,HOLD,50
2026-06-23T13:00:00+00:00,SOL,69.2,23.7,70.97,72.66,0.32,BULLISH,70
2026-06-23T14:00:00+00:00,SOL,69.2,24.0,70.8,72.57,0.0,HOLD,50
2026-06-23T15:00:00+00:00,SOL,68.92,23.5,70.61,72.47,-0.4,HOLD,50
2026-06-23T16:00:00+00:00,SOL,68.9,19.1,70.41,72.37,-0.03,HOLD,50
2026-06-23T17:00:00+00:00,SOL,68.78,18.7,70.21,72.26,-0.17,HOLD,50
2026-06-23T18:00:00+00:00,SOL,68.91,23.1,70.05,72.15,0.19,HOLD,50
2026-06-23T19:00:00+00:00,SOL,68.84,25.0,69.9,72.04,-0.1,HOLD,50
2026-06-23T20:00:00+00:00,SOL,69.01,32.8,69.75,71.94,0.25,HOLD,50
2026-06-23T21:00:00+00:00,SOL,69.27,40.2,69.63,71.84,0.38,HOLD,50
2026-06-23T22:00:00+00:00,SOL,69.56,65.6,69.51,71.76,0.42,HOLD,50
2026-06-23T23:00:00+00:00,SOL,69.71,64.6,69.39,71.69,0.22,HOLD,50
2026-06-24T00:00:00+00:00,SOL,69.99,70.5,69.32,71.63,0.4,HOLD,50
2026-06-24T01:00:00+00:00,SOL,70.09,65.6,69.27,71.58,0.14,HOLD,50
2026-06-24T02:00:00+00:00,SOL,69.46,58.8,69.23,71.5,-0.9,HOLD,50
2026-06-24T03:00:00+00:00,SOL,69.56,56.9,69.21,71.41,0.14,HOLD,50
2026-06-24T04:00:00+00:00,SOL,69.58,57.3,69.25,71.32,0.03,HOLD,50
2026-06-24T05:00:00+00:00,SOL,69.95,69.0,69.3,71.25,0.53,HOLD,50
2026-06-24T06:00:00+00:00,SOL,69.75,64.7,69.35,71.17,-0.29,HOLD,50
2026-06-24T07:00:00+00:00,SOL,69.38,59.6,69.35,71.08,-0.53,HOLD,50
2026-06-24T08:00:00+00:00,SOL,69.48,59.2,69.38,70.99,0.14,HOLD,50
2026-06-24T09:00:00+00:00,SOL,69.31,57.3,69.38,70.9,-0.24,HOLD,50
2026-06-24T10:00:00+00:00,SOL,69.05,50.6,69.38,70.8,-0.38,HOLD,50
2026-06-24T11:00:00+00:00,SOL,69.82,57.2,69.42,70.72,1.12,BULLISH,55
2026-06-24T12:00:00+00:00,SOL,69.46,48.7,69.45,70.63,-0.52,HOLD,50
2026-06-24T13:00:00+00:00,SOL,68.88,40.4,69.45,70.53,-0.84,HOLD,50
2026-06-24T14:00:00+00:00,SOL,68.85,36.0,69.45,70.42,-0.04,HOLD,50
2026-06-24T15:00:00+00:00,SOL,67.33,24.8,69.37,70.26,-2.21,BEARISH,75
2026-06-24T16:00:00+00:00,SOL,66.52,24.0,69.25,70.13,-1.2,BEARISH,55
2026-06-24T17:00:00+00:00,SOL,64.98,17.7,69.04,69.96,-2.32,BEARISH,75
2026-06-24T18:00:00+00:00,SOL,66.03,28.2,68.86,69.82,1.62,BULLISH,85
2026-06-24T19:00:00+00:00,SOL,66.13,25.7,68.68,69.68,0.15,HOLD,50
2026-06-24T20:00:00+00:00,SOL,67.68,38.8,68.56,69.58,2.34,BULLISH,55
2026-06-24T21:00:00+00:00,SOL,68.09,43.0,68.46,69.49,0.61,HOLD,50
2026-06-24T22:00:00+00:00,SOL,67.83,41.2,68.38,69.39,-0.38,HOLD,50
2026-06-24T23:00:00+00:00,SOL,68.11,43.7,68.31,69.3,0.41,HOLD,50
2026-06-25T00:00:00+00:00,SOL,67.72,43.1,68.22,69.21,-0.57,HOLD,50
2026-06-25T01:00:00+00:00,SOL,67.89,39.3,68.11,69.13,0.25,HOLD,50
2026-06-25T02:00:00+00:00,SOL,67.74,40.3,68.01,69.05,-0.22,HOLD,50
2026-06-25T03:00:00+00:00,SOL,67.7,42.9,67.93,68.96,-0.06,HOLD,50
2026-06-25T04:00:00+00:00,SOL,68.46,47.8,67.88,68.89,1.12,BULLISH,55
2026-06-25T05:00:00+00:00,SOL,69.04,60.6,67.87,68.83,0.85,HOLD,50
2026-06-25T06:00:00+00:00,SOL,69.47,69.1,67.89,68.79,0.62,HOLD,50
2026-06-25T07:00:00+00:00,SOL,69.45,86.1,67.87,68.76,-0.03,HOLD,50
2026-06-25T08:00:00+00:00,SOL,69.05,77.3,67.85,68.74,-0.58,BEARISH,85
2026-06-25T09:00:00+00:00,SOL,68.83,73.9,67.84,68.71,-0.32,BEARISH,70
2026-06-25T10:00:00+00:00,SOL,68.29,56.6,67.82,68.71,-0.78,HOLD,50
2026-06-25T11:00:00+00:00,SOL,68.18,51.0,67.86,68.69,-0.16,HOLD,50
2026-06-25T12:00:00+00:00,SOL,68.29,55.5,67.95,68.68,0.16,HOLD,50
2026-06-25T13:00:00+00:00,SOL,64.23,25.7,67.91,68.58,-5.95,BEARISH,75
2026-06-25T14:00:00+00:00,SOL,66.36,43.0,67.93,68.53,3.32,BULLISH,55
2026-06-25T15:00:00+00:00,SOL,66.32,41.8,67.94,68.47,-0.06,HOLD,50
2026-06-25T16:00:00+00:00,SOL,65.98,41.0,67.85,68.4,-0.51,HOLD,50
2026-06-25T17:00:00+00:00,SOL,67.13,47.4,67.8,68.37,1.74,BULLISH,55
2026-06-25T18:00:00+00:00,SOL,66.18,39.7,67.72,68.31,-1.42,BEARISH,55
2026-06-25T19:00:00+00:00,SOL,66.2,36.5,67.63,68.26,0.03,HOLD,50
2026-06-25T20:00:00+00:00,SOL,66.27,34.3,67.55,68.21,0.11,HOLD,50
2026-06-25T21:00:00+00:00,SOL,67.28,40.3,67.52,68.18,1.52,BULLISH,55
2026-06-25T22:00:00+00:00,SOL,67.15,41.3,67.49,68.14,-0.19,HOLD,50
2026-06-25T23:00:00+00:00,SOL,67.72,45.1,67.49,68.11,0.85,HOLD,50
2026-06-26T00:00:00+00:00,SOL,67.74,47.4,67.46,68.07,0.03,HOLD,50
2026-06-26T01:00:00+00:00,SOL,67.32,46.1,67.37,68.03,-0.62,HOLD,50
2026-06-26T02:00:00+00:00,SOL,66.2,41.3,67.21,67.95,-1.66,BEARISH,55
2026-06-26T03:00:00+00:00,SOL,68.21,69.9,67.15,67.91,3.04,BULLISH,55
2026-06-26T04:00:00+00:00,SOL,68.06,60.6,67.1,67.88,-0.22,HOLD,50
2026-06-26T05:00:00+00:00,SOL,68.38,62.4,67.07,67.86,0.47,HOLD,50
2026-06-26T06:00:00+00:00,SOL,69.99,71.0,67.16,67.87,2.35,BULLISH,55
2026-06-26T07:00:00+00:00,SOL,70.77,69.8,67.29,67.89,1.11,BULLISH,55
2026-06-26T08:00:00+00:00,SOL,69.94,70.8,67.37,67.89,-1.17,BEARISH,85
2026-06-26T09:00:00+00:00,SOL,69.01,64.1,67.61,67.88,-1.33,BEARISH,55
2026-06-26T10:00:00+00:00,SOL,68.78,62.4,67.73,67.87,-0.33,HOLD,50
2026-06-26T11:00:00+00:00,SOL,68.61,57.2,67.85,67.85,-0.25,HOLD,50
2026-06-26T12:00:00+00:00,SOL,68.87,59.1,67.99,67.85,0.38,HOLD,50
2026-06-26T13:00:00+00:00,SOL,70.71,64.0,68.17,67.87,2.67,BULLISH,75
2026-06-26T14:00:00+00:00,SOL,70.46,62.5,68.38,67.89,-0.35,HOLD,50
2026-06-26T15:00:00+00:00,SOL,72.07,69.6,68.68,67.95,2.28,BULLISH,75
2026-06-26T16:00:00+00:00,SOL,72.48,77.5,68.99,68.02,0.57,HOLD,50
2026-06-26T17:00:00+00:00,SOL,72.56,73.0,69.25,68.13,0.11,HOLD,50
2026-06-26T18:00:00+00:00,SOL,72.6,74.3,69.52,68.25,0.06,HOLD,50
2026-06-26T19:00:00+00:00,SOL,73.01,74.5,69.79,68.41,0.56,HOLD,50
2026-06-26T20:00:00+00:00,SOL,72.17,62.6,70.01,68.53,-1.15,BEARISH,55
2026-06-26T21:00:00+00:00,SOL,71.99,57.5,70.24,68.65,-0.25,HOLD,50
2026-06-26T22:00:00+00:00,SOL,71.83,62.8,70.53,68.73,-0.22,HOLD,50
2026-06-26T23:00:00+00:00,SOL,71.9,72.1,70.71,68.81,0.1,HOLD,50
2026-06-27T00:00:00+00:00,SOL,71.82,73.7,70.9,68.89,-0.11,HOLD,50
2026-06-27T01:00:00+00:00,SOL,71.44,71.4,71.05,68.96,-0.53,BEARISH,85
2026-06-27T02:00:00+00:00,SOL,72.12,73.1,71.16,69.05,0.95,HOLD,50
2026-06-27T03:00:00+00:00,SOL,72.27,64.6,71.23,69.13,0.21,HOLD,50
2026-06-27T04:00:00+00:00,SOL,71.94,63.7,71.33,69.22,-0.46,HOLD,50
2026-06-27T05:00:00+00:00,SOL,71.81,46.7,71.47,69.3,-0.18,HOLD,50
2026-06-27T06:00:00+00:00,SOL,72.13,45.5,71.64,69.37,0.45,HOLD,50
2026-06-27T07:00:00+00:00,SOL,72.31,46.8,71.82,69.44,0.25,HOLD,50
2026-06-27T08:00:00+00:00,SOL,72.03,43.2,71.98,69.49,-0.39,HOLD,50
2026-06-27T09:00:00+00:00,SOL,71.86,35.4,72.04,69.54,-0.24,HOLD,50
2026-06-27T10:00:00+00:00,SOL,72.04,48.0,72.12,69.6,0.25,HOLD,50
2026-06-27T11:00:00+00:00,SOL,71.81,47.3,72.11,69.66,-0.32,HOLD,50
2026-06-27T12:00:00+00:00,SOL,72.17,54.8,72.09,69.73,0.5,HOLD,50
2026-06-27T13:00:00+00:00,SOL,72.36,56.3,72.08,69.82,0.26,HOLD,50
2026-06-27T14:00:00+00:00,SOL,72.7,61.2,72.09,69.91,0.47,HOLD,50
2026-06-27T15:00:00+00:00,SOL,72.84,69.0,72.08,70.08,0.19,HOLD,50
2026-06-27T16:00:00+00:00,SOL,72.64,58.1,72.1,70.2,-0.27,HOLD,50
2026-06-27T17:00:00+00:00,SOL,72.06,47.1,72.1,70.32,-0.8,HOLD,50
2026-06-27T18:00:00+00:00,SOL,71.92,49.7,72.11,70.44,-0.19,HOLD,50
2026-06-27T19:00:00+00:00,SOL,71.11,41.5,72.07,70.52,-1.13,BEARISH,55
2026-06-27T20:00:00+00:00,SOL,71.3,39.6,72.04,70.62,0.27,HOLD,50
2026-06-27T21:00:00+00:00,SOL,70.98,33.9,72.02,70.71,-0.45,HOLD,50
2026-06-27T22:00:00+00:00,SOL,71.09,38.1,71.97,70.81,0.15,HOLD,50
2026-06-27T23:00:00+00:00,SOL,70.5,34.5,71.88,70.88,-0.83,HOLD,50
2026-06-28T00:00:00+00:00,SOL,70.72,35.1,71.82,70.95,0.31,HOLD,50
2026-06-28T01:00:00+00:00,SOL,70.83,38.6,71.77,71.01,0.16,HOLD,50
2026-06-28T02:00:00+00:00,SOL,70.73,32.2,71.7,71.07,-0.14,HOLD,50
2026-06-28T03:00:00+00:00,SOL,70.87,31.3,71.63,71.14,0.2,HOLD,50
2026-06-28T04:00:00+00:00,SOL,70.77,24.3,71.57,71.23,-0.14,HOLD,50
2026-06-28T05:00:00+00:00,SOL,70.52,19.9,71.5,71.28,-0.35,HOLD,50
2026-06-28T06:00:00+00:00,SOL,70.45,20.6,71.42,71.33,-0.1,HOLD,50
2026-06-28T07:00:00+00:00,SOL,71.08,37.0,71.38,71.38,0.89,HOLD,50
2026-06-28T08:00:00+00:00,SOL,71.91,49.9,71.37,71.42,1.17,BULLISH,55
2026-06-28T09:00:00+00:00,SOL,71.54,55.3,71.33,71.43,-0.51,HOLD,50
2026-06-28T10:00:00+00:00,SOL,71.48,52.3,71.27,71.46,-0.08,HOLD,50
2026-06-28T11:00:00+00:00,SOL,71.92,61.7,71.22,71.52,0.62,HOLD,50
2026-06-28T12:00:00+00:00,SOL,71.88,60.0,71.18,71.58,-0.06,HOLD,50
2026-06-28T13:00:00+00:00,SOL,71.74,67.7,71.17,71.65,-0.19,HOLD,50
2026-06-28T14:00:00+00:00,SOL,71.65,63.8,71.15,71.7,-0.13,HOLD,50
2026-06-28T15:00:00+00:00,SOL,72.09,67.0,71.2,71.73,0.61,HOLD,50
2026-06-28T16:00:00+00:00,SOL,71.56,60.0,71.22,71.75,-0.74,HOLD,50
2026-06-28T17:00:00+00:00,SOL,71.55,58.5,71.24,71.74,-0.01,HOLD,50
2026-06-28T18:00:00+00:00,SOL,71.18,54.8,71.25,71.72,-0.52,HOLD,50
2026-06-28T19:00:00+00:00,SOL,70.74,52.5,71.26,71.68,-0.62,HOLD,50
2026-06-28T20:00:00+00:00,SOL,70.92,55.1,71.27,71.65,0.25,HOLD,50
2026-06-28T21:00:00+00:00,SOL,70.46,43.0,71.25,71.59,-0.65,HOLD,50
2026-06-28T22:00:00+00:00,SOL,70.24,28.0,71.23,71.56,-0.31,HOLD,50
2026-06-28T23:00:00+00:00,SOL,71.38,48.2,71.25,71.54,1.62,BULLISH,55
2026-06-29T00:00:00+00:00,SOL,71.66,51.9,71.3,71.54,0.39,HOLD,50
2026-06-29T01:00:00+00:00,SOL,71.49,45.2,71.35,71.53,-0.24,HOLD,50
2026-06-29T02:00:00+00:00,SOL,72.18,52.9,71.43,71.54,0.97,HOLD,50
2026-06-29T03:00:00+00:00,SOL,72.68,58.5,71.51,71.56,0.69,HOLD,50
2026-06-29T04:00:00+00:00,SOL,71.68,50.2,71.5,71.56,-1.38,BEARISH,55
2026-06-29T05:00:00+00:00,SOL,72.32,51.7,71.54,71.56,0.89,HOLD,50
2026-06-29T06:00:00+00:00,SOL,72.39,56.7,71.59,71.57,0.1,HOLD,50
2026-06-29T07:00:00+00:00,SOL,72.72,59.0,71.63,71.58,0.46,HOLD,50
2026-06-29T08:00:00+00:00,SOL,72.73,62.6,71.67,71.6,0.01,HOLD,50
2026-06-29T09:00:00+00:00,SOL,72.94,68.6,71.73,71.61,0.29,HOLD,50
2026-06-29T10:00:00+00:00,SOL,73.25,69.3,71.81,71.63,0.43,HOLD,50
2026-06-29T11:00:00+00:00,SOL,72.52,66.3,71.83,71.65,-1.0,BEARISH,70
2026-06-29T12:00:00+00:00,SOL,73.52,73.2,71.93,71.68,1.38,BULLISH,55
2026-06-29T13:00:00+00:00,SOL,73.74,69.2,72.04,71.71,0.3,HOLD,50
2026-06-29T14:00:00+00:00,SOL,73.73,67.6,72.16,71.75,-0.01,HOLD,50
2026-06-29T15:00:00+00:00,SOL,73.92,70.6,72.32,71.78,0.26,HOLD,50
2026-06-29T16:00:00+00:00,SOL,74.03,67.4,72.48,71.8,0.15,HOLD,50
2026-06-29T17:00:00+00:00,SOL,75.31,71.5,72.72,71.85,1.73,BULLISH,55
2026-06-29T18:00:00+00:00,SOL,75.59,86.3,72.99,71.91,0.37,HOLD,50
2026-06-29T19:00:00+00:00,SOL,75.98,85.6,73.22,71.99,0.52,HOLD,50
2026-06-29T20:00:00+00:00,SOL,75.37,76.2,73.4,72.06,-0.8,BEARISH,85
2026-06-29T21:00:00+00:00,SOL,75.53,75.5,73.61,72.15,0.21,HOLD,50
2026-06-29T22:00:00+00:00,SOL,75.27,72.0,73.76,72.23,-0.34,BEARISH,70
2026-06-29T23:00:00+00:00,SOL,75.16,69.6,73.88,72.31,-0.15,HOLD,50
2026-06-30T00:00:00+00:00,SOL,74.42,59.6,74.02,72.38,-0.98,HOLD,50
2026-06-30T01:00:00+00:00,SOL,74.41,67.6,74.13,72.45,-0.01,HOLD,50
2026-06-30T02:00:00+00:00,SOL,74.59,61.8,74.24,72.53,0.24,HOLD,50
2026-06-30T03:00:00+00:00,SOL,74.19,54.8,74.31,72.6,-0.54,HOLD,50
2026-06-30T04:00:00+00:00,SOL,74.02,53.0,74.37,72.67,-0.23,HOLD,50
2026-06-30T05:00:00+00:00,SOL,74.23,53.2,74.44,72.73,0.28,HOLD,50
2026-06-30T06:00:00+00:00,SOL,74.17,51.4,74.48,72.8,-0.08,HOLD,50
2026-06-30T07:00:00+00:00,SOL,74.16,34.0,74.57,72.87,-0.01,HOLD,50
2026-06-30T08:00:00+00:00,SOL,73.64,24.5,74.57,72.94,-0.7,HOLD,50
2026-06-30T09:00:00+00:00,SOL,73.8,19.7,74.58,72.99,0.22,HOLD,50
2026-06-30T10:00:00+00:00,SOL,73.69,22.9,74.57,73.03,-0.15,HOLD,50
2026-06-30T11:00:00+00:00,SOL,73.4,17.0,74.55,73.06,-0.39,HOLD,50
2026-06-30T12:00:00+00:00,SOL,72.08,12.8,74.45,73.08,-1.8,BEARISH,55
2026-06-30T13:00:00+00:00,SOL,72.88,27.1,74.33,73.1,1.11,BULLISH,85
2026-06-30T14:00:00+00:00,SOL,72.95,32.9,74.2,73.12,0.1,HOLD,50
2026-06-30T15:00:00+00:00,SOL,73.13,35.7,74.05,73.14,0.25,HOLD,50
2026-06-30T16:00:00+00:00,SOL,73.52,38.6,73.96,73.18,0.53,HOLD,50
2026-06-30T17:00:00+00:00,SOL,73.18,39.1,73.84,73.2,-0.46,HOLD,50
2026-06-30T18:00:00+00:00,SOL,73.6,45.7,73.76,73.24,0.57,HOLD,50
2026-06-30T19:00:00+00:00,SOL,73.75,45.0,73.69,73.29,0.2,HOLD,50
2026-06-30T20:00:00+00:00,SOL,73.69,45.0,73.65,73.34,-0.08,HOLD,50
2026-06-30T21:00:00+00:00,SOL,73.49,43.3,73.61,73.39,-0.27,HOLD,50
2026-06-30T22:00:00+00:00,SOL,73.43,47.7,73.55,73.44,-0.08,HOLD,50
2026-06-30T23:00:00+00:00,SOL,73.67,48.6,73.52,73.51,0.33,HOLD,50
2026-07-01T00:00:00+00:00,SOL,73.65,49.6,73.51,73.58,-0.03,HOLD,50
2026-07-01T01:00:00+00:00,SOL,73.95,56.0,73.49,73.63,0.41,HOLD,50
2026-07-01T02:00:00+00:00,SOL,74.78,83.3,73.52,73.69,1.12,BULLISH,55
2026-07-01T03:00:00+00:00,SOL,75.48,82.8,73.59,73.77,0.94,HOLD,50
2026-07-01T04:00:00+00:00,SOL,75.57,82.9,73.68,73.84,0.12,HOLD,50
2026-07-01T05:00:00+00:00,SOL,75.25,75.7,73.76,73.89,-0.42,BEARISH,70
2026-07-01T06:00:00+00:00,SOL,74.31,58.5,73.79,73.94,-1.25,BEARISH,55
2026-07-01T07:00:00+00:00,SOL,74.87,67.3,73.86,73.99,0.75,HOLD,50
2026-07-01T08:00:00+00:00,SOL,75.44,68.3,74.03,74.05,0.76,HOLD,50
2026-07-01T09:00:00+00:00,SOL,75.45,67.3,74.16,74.11,0.01,HOLD,50
2026-07-01T10:00:00+00:00,SOL,74.99,62.3,74.26,74.15,-0.61,HOLD,50
2026-07-01T11:00:00+00:00,SOL,74.84,62.9,74.35,74.19,-0.2,HOLD,50
2026-07-01T12:00:00+00:00,SOL,74.62,61.0,74.4,74.22,-0.29,HOLD,50
2026-07-01T13:00:00+00:00,SOL,76.04,68.0,74.54,74.29,1.9,BULLISH,55
2026-07-01T14:00:00+00:00,SOL,76.97,72.1,74.71,74.36,1.22,BULLISH,55
2026-07-01T15:00:00+00:00,SOL,77.43,72.7,74.9,74.43,0.6,HOLD,50
2026-07-01T16:00:00+00:00,SOL,77.17,66.9,75.07,74.5,-0.34,BEARISH,70
2026-07-01T17:00:00+00:00,SOL,77.77,66.4,75.28,74.58,0.78,HOLD,50
2026-07-01T18:00:00+00:00,SOL,77.42,62.8,75.48,74.65,-0.45,HOLD,50
2026-07-01T19:00:00+00:00,SOL,77.0,61.9,75.65,74.68,-0.54,HOLD,50
2026-07-01T20:00:00+00:00,SOL,77.42,72.8,75.84,74.72,0.55,HOLD,50
2026-07-01T21:00:00+00:00,SOL,78.42,74.4,76.06,74.77,1.29,BULLISH,55
2026-07-01T22:00:00+00:00,SOL,77.87,66.8,76.22,74.82,-0.7,BEARISH,70
2026-07-01T23:00:00+00:00,SOL,77.46,63.1,76.32,74.85,-0.53,HOLD,50
2026-07-02T00:00:00+00:00,SOL,77.26,65.4,76.4,74.89,-0.26,HOLD,50
2026-07-02T01:00:00+00:00,SOL,78.2,70.5,76.55,74.95,1.22,BULLISH,55
2026-07-02T02:00:00+00:00,SOL,78.44,73.3,76.75,75.03,0.31,HOLD,50
2026-07-02T03:00:00+00:00,SOL,78.72,69.0,76.95,75.12,0.36,HOLD,50
2026-07-02T04:00:00+00:00,SOL,78.29,60.1,77.09,75.19,-0.55,HOLD,50
2026-07-02T05:00:00+00:00,SOL,78.11,55.4,77.22,75.27,-0.23,HOLD,50
2026-07-02T06:00:00+00:00,SOL,77.9,55.9,77.37,75.35,-0.27,HOLD,50
2026-07-02T07:00:00+00:00,SOL,77.99,51.9,77.53,75.43,0.12,HOLD,50
2026-07-02T08:00:00+00:00,SOL,78.48,59.0,77.72,75.51,0.63,HOLD,50
2026-07-02T09:00:00+00:00,SOL,79.5,69.3,77.89,75.62,1.3,BULLISH,55
2026-07-02T10:00:00+00:00,SOL,82.09,77.1,78.15,75.79,3.26,BULLISH,75
2026-07-02T11:00:00+00:00,SOL,82.38,75.0,78.39,75.96,0.35,HOLD,50
2026-07-02T12:00:00+00:00,SOL,81.41,71.2,78.61,76.11,-1.18,BEARISH,85
2026-07-02T13:00:00+00:00,SOL,81.51,75.2,78.79,76.28,0.12,HOLD,50
2026-07-02T14:00:00+00:00,SOL,80.54,68.6,78.95,76.45,-1.19,BEARISH,70
2026-07-02T15:00:00+00:00,SOL,80.86,66.3,79.14,76.61,0.4,HOLD,50
2026-07-02T16:00:00+00:00,SOL,80.56,62.9,79.3,76.76,-0.37,HOLD,50
2026-07-02T17:00:00+00:00,SOL,80.63,61.9,79.41,76.91,0.09,HOLD,50
2026-07-02T18:00:00+00:00,SOL,81.04,67.2,79.57,77.06,0.51,HOLD,50
2026-07-02T19:00:00+00:00,SOL,80.83,66.9,79.74,77.21,-0.26,HOLD,50
2026-07-02T20:00:00+00:00,SOL,81.03,69.5,79.93,77.36,0.25,HOLD,50
2026-07-02T21:00:00+00:00,SOL,80.8,67.2,80.06,77.5,-0.28,HOLD,50
2026-07-02T22:00:00+00:00,SOL,80.66,63.9,80.17,77.64,-0.17,HOLD,50
2026-07-02T23:00:00+00:00,SOL,80.73,59.0,80.27,77.78,0.09,HOLD,50
2026-07-03T00:00:00+00:00,SOL,80.75,34.4,80.39,77.93,0.02,HOLD,50
2026-07-03T01:00:00+00:00,SOL,81.48,40.5,80.56,78.09,0.9,HOLD,50
2026-07-03T02:00:00+00:00,SOL,80.82,43.3,80.7,78.23,-0.81,HOLD,50
2026-07-03T03:00:00+00:00,SOL,80.73,41.2,80.84,78.37,-0.11,HOLD,50
2026-07-03T04:00:00+00:00,SOL,80.51,49.6,80.94,78.48,-0.27,HOLD,50
2026-07-03T05:00:00+00:00,SOL,81.15,53.6,81.03,78.59,0.79,HOLD,50
2026-07-03T06:00:00+00:00,SOL,80.96,55.2,80.97,78.7,-0.23,HOLD,50
2026-07-03T07:00:00+00:00,SOL,81.22,57.2,80.91,78.82,0.32,HOLD,50
2026-07-03T08:00:00+00:00,SOL,80.92,48.5,80.89,78.95,-0.37,HOLD,50
2026-07-03T09:00:00+00:00,SOL,81.02,52.5,80.86,79.08,0.12,HOLD,50
2026-07-03T10:00:00+00:00,SOL,81.54,56.1,80.91,79.2,0.64,HOLD,50
2026-07-03T11:00:00+00:00,SOL,81.58,59.8,80.95,79.32,0.05,HOLD,50
2026-07-03T12:00:00+00:00,SOL,81.53,61.2,81.0,79.45,-0.06,HOLD,50
2026-07-03T13:00:00+00:00,SOL,81.61,61.3,81.05,79.59,0.1,HOLD,50
2026-07-03T14:00:00+00:00,SOL,81.69,61.9,81.08,79.73,0.1,HOLD,50
2026-07-03T15:00:00+00:00,SOL,81.21,46.4,81.1,79.83,-0.59,HOLD,50
2026-07-03T16:00:00+00:00,SOL,81.54,60.7,81.12,79.92,0.41,HOLD,50
2026-07-03T17:00:00+00:00,SOL,81.78,64.9,81.17,80.01,0.29,HOLD,50
2026-07-03T18:00:00+00:00,SOL,82.12,72.1,81.24,80.11,0.42,HOLD,50
2026-07-03T19:00:00+00:00,SOL,82.48,69.7,81.33,80.2,0.44,HOLD,50
2026-07-03T20:00:00+00:00,SOL,82.72,75.7,81.43,80.31,0.29,HOLD,50
2026-07-03T21:00:00+00:00,SOL,82.66,72.4,81.49,80.42,-0.07,HOLD,50
2026-07-03T22:00:00+00:00,SOL,82.34,71.9,81.57,80.52,-0.39,BEARISH,70
2026-07-03T23:00:00+00:00,SOL,82.34,71.0,81.65,80.6,0.0,HOLD,50
2026-07-04T00:00:00+00:00,SOL,82.39,65.9,81.74,80.69,0.06,HOLD,50
2026-07-04T01:00:00+00:00,SOL,81.95,56.0,81.78,80.78,-0.53,HOLD,50
2026-07-04T02:00:00+00:00,SOL,82.18,60.0,81.84,80.88,0.28,HOLD,50
2026-07-04T03:00:00+00:00,SOL,82.74,65.1,81.92,80.97,0.68,HOLD,50
2026-07-04T04:00:00+00:00,SOL,83.48,70.4,82.05,81.07,0.89,HOLD,50
2026-07-04T05:00:00+00:00,SOL,83.38,77.1,82.16,81.16,-0.12,HOLD,50
2026-07-04T06:00:00+00:00,SOL,82.55,61.2,82.21,81.25,-1.0,HOLD,50
2026-07-04T07:00:00+00:00,SOL,82.72,60.6,82.27,81.34,0.21,HOLD,50
2026-07-04T08:00:00+00:00,SOL,82.32,52.2,82.31,81.43,-0.48,HOLD,50
2026-07-04T09:00:00+00:00,SOL,81.74,42.2,82.32,81.5,-0.7,HOLD,50
2026-07-04T10:00:00+00:00,SOL,81.65,38.3,82.31,81.57,-0.11,HOLD,50
2026-07-04T11:00:00+00:00,SOL,81.82,41.0,82.34,81.61,0.21,HOLD,50
2026-07-04T12:00:00+00:00,SOL,81.59,41.8,82.35,81.6,-0.28,HOLD,50
2026-07-04T13:00:00+00:00,SOL,81.66,42.7,82.34,81.59,0.09,HOLD,50
2026-07-04T14:00:00+00:00,SOL,81.8,43.8,82.33,81.6,0.17,HOLD,50
2026-07-04T15:00:00+00:00,SOL,82.23,53.0,82.31,81.61,0.53,HOLD,50
2026-07-04T16:00:00+00:00,SOL,82.22,50.4,82.29,81.65,-0.01,HOLD,50
2026-07-04T17:00:00+00:00,SOL,82.52,47.4,82.28,81.68,0.36,HOLD,50
2026-07-04T18:00:00+00:00,SOL,82.27,34.0,82.28,81.71,-0.3,HOLD,50
2026-07-04T19:00:00+00:00,SOL,81.88,31.5,82.25,81.74,-0.47,HOLD,50
2026-07-04T20:00:00+00:00,SOL,81.98,41.4,82.23,81.76,0.12,HOLD,50
2026-07-04T21:00:00+00:00,SOL,82.0,38.7,82.24,81.78,0.02,HOLD,50
2026-07-04T22:00:00+00:00,SOL,81.94,43.3,82.22,81.8,-0.07,HOLD,50
2026-07-04T23:00:00+00:00,SOL,81.8,51.3,82.18,81.82,-0.17,HOLD,50
2026-07-05T00:00:00+00:00,SOL,81.3,43.8,82.07,81.83,-0.61,HOLD,50
2026-07-05T01:00:00+00:00,SOL,80.84,34.2,81.94,81.83,-0.57,HOLD,50
2026-07-05T02:00:00+00:00,SOL,80.36,31.6,81.83,81.83,-0.59,HOLD,50
2026-07-05T03:00:00+00:00,SOL,80.56,34.2,81.72,81.81,0.25,HOLD,50
2026-07-05T04:00:00+00:00,SOL,80.6,32.2,81.64,81.8,0.05,HOLD,50
2026-07-05T05:00:00+00:00,SOL,80.48,21.5,81.57,81.8,-0.15,HOLD,50
2026-07-05T06:00:00+00:00,SOL,80.6,24.5,81.52,81.8,0.15,HOLD,50
2026-07-05T07:00:00+00:00,SOL,80.72,20.0,81.47,81.79,0.15,HOLD,50
2026-07-05T08:00:00+00:00,SOL,80.5,20.2,81.41,81.78,-0.27,HOLD,50
2026-07-05T09:00:00+00:00,SOL,79.9,18.9,81.32,81.76,-0.75,HOLD,50
2026-07-05T10:00:00+00:00,SOL,80.44,28.7,81.26,81.75,0.68,BULLISH,85
2026-07-05T11:00:00+00:00,SOL,80.57,30.8,81.17,81.74,0.16,HOLD,50
2026-07-05T12:00:00+00:00,SOL,80.76,34.7,81.1,81.72,0.24,HOLD,50
2026-07-05T13:00:00+00:00,SOL,81.25,43.5,81.04,81.71,0.61,HOLD,50
2026-07-05T14:00:00+00:00,SOL,81.46,52.0,81.0,81.71,0.26,HOLD,50
2026-07-05T15:00:00+00:00,SOL,81.36,57.3,80.97,81.71,-0.12,HOLD,50
2026-07-05T16:00:00+00:00,SOL,81.1,61.1,80.93,81.7,-0.32,HOLD,50
2026-07-05T17:00:00+00:00,SOL,81.14,59.1,80.88,81.69,0.05,HOLD,50
2026-07-05T18:00:00+00:00,SOL,81.01,56.3,80.84,81.68,-0.16,HOLD,50
2026-07-05T19:00:00+00:00,SOL,81.04,58.8,80.8,81.67,0.04,HOLD,50
2026-07-05T20:00:00+00:00,SOL,81.07,57.6,80.79,81.65,0.04,HOLD,50
2026-07-05T21:00:00+00:00,SOL,81.8,64.6,80.84,81.63,0.9,HOLD,50
2026-07-05T22:00:00+00:00,SOL,81.82,68.9,80.91,81.62,0.02,HOLD,50
2026-07-05T23:00:00+00:00,SOL,81.59,77.0,80.96,81.6,-0.28,HOLD,50
2026-07-06T00:00:00+00:00,SOL,82.2,77.5,81.04,81.59,0.75,HOLD,50
2026-07-06T01:00:00+00:00,SOL,81.55,63.2,81.09,81.58,-0.79,HOLD,50
2026-07-06T02:00:00+00:00,SOL,81.01,53.1,81.11,81.55,-0.66,HOLD,50
2026-07-06T03:00:00+00:00,SOL,80.8,44.1,81.12,81.53,-0.26,HOLD,50
2026-07-06T04:00:00+00:00,SOL,80.82,41.1,81.13,81.5,0.02,HOLD,50
2026-07-06T05:00:00+00:00,SOL,80.42,37.9,81.16,81.45,-0.49,HOLD,50
2026-07-06T06:00:00+00:00,SOL,80.35,39.9,81.16,81.39,-0.09,HOLD,50
2026-07-06T07:00:00+00:00,SOL,80.82,46.1,81.17,81.34,0.58,HOLD,50
2026-07-06T08:00:00+00:00,SOL,80.49,44.0,81.15,81.3,-0.41,HOLD,50
2026-07-06T09:00:00+00:00,SOL,80.08,39.8,81.1,81.24,-0.51,HOLD,50
2026-07-06T10:00:00+00:00,SOL,80.67,46.2,81.06,81.21,0.74,HOLD,50
2026-07-06T11:00:00+00:00,SOL,80.39,35.4,81.01,81.18,-0.35,HOLD,50
2026-07-06T12:00:00+00:00,SOL,79.46,29.4,80.93,81.14,-1.16,BEARISH,55
2026-07-06T13:00:00+00:00,SOL,80.16,38.5,80.88,81.11,0.88,HOLD,50
2026-07-06T14:00:00+00:00,SOL,80.29,33.3,80.84,81.08,0.16,HOLD,50
2026-07-06T15:00:00+00:00,SOL,81.5,49.6,80.86,81.08,1.51,BULLISH,55
2026-07-06T16:00:00+00:00,SOL,82.1,58.6,80.92,81.08,0.74,HOLD,50
2026-07-06T17:00:00+00:00,SOL,81.65,56.4,80.91,81.07,-0.55,HOLD,50
2026-07-06T18:00:00+00:00,SOL,81.99,58.5,80.92,81.07,0.42,HOLD,50
2026-07-06T19:00:00+00:00,SOL,82.07,62.5,80.94,81.06,0.1,HOLD,50
2026-07-06T20:00:00+00:00,SOL,82.1,63.4,80.94,81.06,0.04,HOLD,50
2026-07-06T21:00:00+00:00,SOL,82.82,64.7,81.0,81.07,0.88,HOLD,50
2026-07-06T22:00:00+00:00,SOL,82.32,63.1,81.06,81.08,-0.6,HOLD,50
2026-07-06T23:00:00+00:00,SOL,81.94,63.4,81.12,81.08,-0.46,HOLD,50
2026-07-07T00:00:00+00:00,SOL,82.36,62.5,81.2,81.09,0.51,HOLD,50
2026-07-07T01:00:00+00:00,SOL,81.9,60.9,81.27,81.09,-0.56,HOLD,50
2026-07-07T02:00:00+00:00,SOL,81.35,64.4,81.32,81.09,-0.67,HOLD,50
2026-07-07T03:00:00+00:00,SOL,81.05,57.2,81.33,81.1,-0.37,HOLD,50
2026-07-07T04:00:00+00:00,SOL,80.92,55.1,81.36,81.11,-0.16,HOLD,50
2026-07-07T05:00:00+00:00,SOL,81.11,46.2,81.41,81.12,0.23,HOLD,50
2026-07-07T06:00:00+00:00,SOL,81.54,44.4,81.45,81.14,0.53,HOLD,50
2026-07-07T07:00:00+00:00,SOL,81.5,48.4,81.51,81.16,-0.05,HOLD,50
2026-07-07T08:00:00+00:00,SOL,81.28,42.0,81.6,81.17,-0.27,HOLD,50
2026-07-07T09:00:00+00:00,SOL,81.31,41.4,81.65,81.18,0.04,HOLD,50
2026-07-07T10:00:00+00:00,SOL,80.99,38.2,81.69,81.19,-0.39,HOLD,50
2026-07-07T11:00:00+00:00,SOL,81.32,32.6,81.68,81.22,0.41,BULLISH,70
2026-07-07T12:00:00+00:00,SOL,81.45,38.9,81.65,81.24,0.16,HOLD,50
2026-07-07T13:00:00+00:00,SOL,80.84,36.8,81.61,81.25,-0.75,HOLD,50
2026-07-07T14:00:00+00:00,SOL,81.81,44.2,81.6,81.27,1.2,BULLISH,55
2026-07-07T15:00:00+00:00,SOL,82.11,52.3,81.6,81.28,0.37,HOLD,50
2026-07-07T16:00:00+00:00,SOL,82.22,60.6,81.61,81.3,0.13,HOLD,50
2026-07-07T17:00:00+00:00,SOL,82.72,69.4,81.6,81.33,0.61,HOLD,50
2026-07-07T18:00:00+00:00,SOL,81.3,53.4,81.55,81.33,-1.72,BEARISH,55
2026-07-07T19:00:00+00:00,SOL,81.37,52.4,81.52,81.34,0.09,HOLD,50
2026-07-07T20:00:00+00:00,SOL,81.17,46.5,81.46,81.34,-0.25,HOLD,50
2026-07-07T21:00:00+00:00,SOL,80.84,44.0,81.41,81.33,-0.41,HOLD,50
2026-07-07T22:00:00+00:00,SOL,80.88,46.3,81.39,81.33,0.05,HOLD,50
2026-07-07T23:00:00+00:00,SOL,80.58,43.5,81.36,81.31,-0.37,HOLD,50
2026-07-08T00:00:00+00:00,SOL,80.37,44.4,81.34,81.28,-0.26,HOLD,50
2026-07-08T01:00:00+00:00,SOL,79.1,32.8,81.23,81.23,-1.58,BEARISH,55
2026-07-08T02:00:00+00:00,SOL,79.06,31.2,81.11,81.17,-0.05,HOLD,50
2026-07-08T03:00:00+00:00,SOL,78.73,32.7,80.97,81.11,-0.42,HOLD,50
2026-07-08T04:00:00+00:00,SOL,78.64,19.6,80.84,81.06,-0.11,HOLD,50
2026-07-08T05:00:00+00:00,SOL,78.42,14.0,80.7,81.01,-0.28,HOLD,50
2026-07-08T06:00:00+00:00,SOL,78.23,11.7,80.56,80.96,-0.24,HOLD,50
2026-07-08T07:00:00+00:00,SOL,78.28,3.4,80.41,80.92,0.06,HOLD,50
2026-07-08T08:00:00+00:00,SOL,77.25,3.7,80.2,80.86,-1.32,BEARISH,55
2026-07-08T09:00:00+00:00,SOL,77.19,2.1,80.01,80.78,-0.08,HOLD,50
2026-07-08T10:00:00+00:00,SOL,77.33,5.3,79.79,80.72,0.18,HOLD,50
2026-07-08T11:00:00+00:00,SOL,77.56,11.0,79.56,80.67,0.3,HOLD,50
2026-07-08T12:00:00+00:00,SOL,77.03,9.0,79.3,80.6,-0.68,HOLD,50
2026-07-08T13:00:00+00:00,SOL,77.31,15.0,79.03,80.54,0.36,BULLISH,70
2026-07-08T14:00:00+00:00,SOL,77.11,15.0,78.82,80.49,-0.26,HOLD,50
2026-07-08T15:00:00+00:00,SOL,76.75,18.7,78.59,80.42,-0.47,HOLD,50
2026-07-08T16:00:00+00:00,SOL,77.29,29.2,78.4,80.36,0.7,BULLISH,85
2026-07-08T17:00:00+00:00,SOL,77.13,30.4,78.21,80.27,-0.21,HOLD,50
2026-07-08T18:00:00+00:00,SOL,77.14,31.3,78.02,80.17,0.01,HOLD,50
2026-07-08T19:00:00+00:00,SOL,77.42,37.7,77.87,80.09,0.36,HOLD,50
2026-07-08T20:00:00+00:00,SOL,77.17,37.1,77.71,79.99,-0.32,HOLD,50
2026-07-08T21:00:00+00:00,SOL,77.26,37.7,77.62,79.9,0.12,HOLD,50
2026-07-08T22:00:00+00:00,SOL,77.55,54.4,77.54,79.81,0.38,HOLD,50
2026-07-08T23:00:00+00:00,SOL,77.83,58.8,77.49,79.71,0.36,HOLD,50
2026-07-09T00:00:00+00:00,SOL,77.71,55.2,77.45,79.61,-0.15,HOLD,50
2026-07-09T01:00:00+00:00,SOL,77.35,47.2,77.39,79.52,-0.46,HOLD,50
2026-07-09T02:00:00+00:00,SOL,77.07,50.6,77.34,79.42,-0.36,HOLD,50
2026-07-09T03:00:00+00:00,SOL,77.38,51.0,77.29,79.33,0.4,HOLD,50
2026-07-09T04:00:00+00:00,SOL,77.99,61.2,77.33,79.26,0.79,HOLD,50
2026-07-09T05:00:00+00:00,SOL,78.4,70.7,77.39,79.21,0.53,HOLD,50
2026-07-09T06:00:00+00:00,SOL,78.49,66.9,77.45,79.16,0.11,HOLD,50
2026-07-09T07:00:00+00:00,SOL,78.21,64.8,77.48,79.1,-0.36,HOLD,50
2026-07-09T08:00:00+00:00,SOL,78.11,62.9,77.53,79.03,-0.13,HOLD,50
2026-07-09T09:00:00+00:00,SOL,78.14,60.3,77.58,78.96,0.04,HOLD,50
2026-07-09T10:00:00+00:00,SOL,77.68,56.9,77.6,78.89,-0.59,HOLD,50
2026-07-09T11:00:00+00:00,SOL,77.61,54.7,77.65,78.82,-0.09,HOLD,50
2026-07-09T12:00:00+00:00,SOL,77.64,51.3,77.66,78.75,0.04,HOLD,50
2026-07-09T13:00:00+00:00,SOL,78.22,55.2,77.72,78.69,0.75,HOLD,50
2026-07-09T14:00:00+00:00,SOL,77.88,52.2,77.76,78.62,-0.43,HOLD,50
2026-07-09T15:00:00+00:00,SOL,77.63,53.6,77.77,78.55,-0.32,HOLD,50
2026-07-09T16:00:00+00:00,SOL,77.69,58.6,77.79,78.47,0.08,HOLD,50
2026-07-09T17:00:00+00:00,SOL,78.06,59.2,77.83,78.39,0.48,HOLD,50
2026-07-09T18:00:00+00:00,SOL,78.19,53.1,77.86,78.31,0.17,HOLD,50
2026-07-09T19:00:00+00:00,SOL,78.15,45.6,77.88,78.22,-0.05,HOLD,50
2026-07-09T20:00:00+00:00,SOL,78.15,43.8,77.9,78.15,0.0,HOLD,50
2026-07-09T21:00:00+00:00,SOL,78.04,46.7,77.94,78.09,-0.14,HOLD,50
2026-07-09T22:00:00+00:00,SOL,78.11,50.0,77.99,78.03,0.09,HOLD,50
2026-07-09T23:00:00+00:00,SOL,78.04,48.1,78.02,77.97,-0.09,HOLD,50
2026-07-10T00:00:00+00:00,SOL,78.12,60.0,78.03,77.92,0.1,HOLD,50
2026-07-10T01:00:00+00:00,SOL,79.05,73.5,78.06,77.89,1.19,BULLISH,55
2026-07-10T02:00:00+00:00,SOL,79.05,73.3,78.09,77.86,0.0,HOLD,50
2026-07-10T03:00:00+00:00,SOL,79.07,67.2,78.13,77.86,0.03,HOLD,50
2026-07-10T04:00:00+00:00,SOL,78.97,74.4,78.17,77.86,-0.13,HOLD,50
2026-07-10T05:00:00+00:00,SOL,79.18,85.4,78.23,77.87,0.27,HOLD,50
2026-07-10T06:00:00+00:00,SOL,78.92,75.7,78.29,77.87,-0.33,BEARISH,70
2026-07-10T07:00:00+00:00,SOL,78.87,69.6,78.35,77.88,-0.06,HOLD,50
2026-07-10T08:00:00+00:00,SOL,79.2,72.2,78.43,77.9,0.42,HOLD,50
2026-07-10T09:00:00+00:00,SOL,79.22,73.8,78.48,77.92,0.03,HOLD,50
2026-07-10T10:00:00+00:00,SOL,79.39,75.6,78.56,77.96,0.21,HOLD,50
2026-07-10T11:00:00+00:00,SOL,79.36,78.2,78.64,78.0,-0.04,HOLD,50
2026-07-10T12:00:00+00:00,SOL,78.92,64.9,78.7,78.04,-0.55,HOLD,50
2026-07-10T13:00:00+00:00,SOL,78.99,67.5,78.75,78.06,0.09,HOLD,50
2026-07-10T14:00:00+00:00,SOL,77.91,47.2,78.74,78.08,-1.37,BEARISH,55
2026-07-10T15:00:00+00:00,SOL,78.14,34.9,78.74,78.1,0.3,HOLD,50
2026-07-10T16:00:00+00:00,SOL,78.14,34.9,78.73,78.12,0.0,HOLD,50
2026-07-10T17:00:00+00:00,SOL,77.59,29.1,78.71,78.14,-0.7,HOLD,50
2026-07-10T18:00:00+00:00,SOL,77.53,29.4,78.68,78.14,-0.08,HOLD,50
2026-07-10T19:00:00+00:00,SOL,77.89,32.3,78.68,78.16,0.46,BULLISH,70
2026-07-10T20:00:00+00:00,SOL,77.76,33.5,78.66,78.17,-0.17,HOLD,50
2026-07-10T21:00:00+00:00,SOL,78.0,38.3,78.61,78.18,0.31,HOLD,50
2026-07-10T22:00:00+00:00,SOL,78.17,35.5,78.56,78.2,0.22,HOLD,50
2026-07-10T23:00:00+00:00,SOL,78.13,34.7,78.51,78.22,-0.05,HOLD,50
2026-07-11T00:00:00+00:00,SOL,77.85,29.1,78.46,78.22,-0.36,HOLD,50
2026-07-11T01:00:00+00:00,SOL,77.54,27.0,78.38,78.22,-0.4,HOLD,50
2026-07-11T02:00:00+00:00,SOL,77.78,34.8,78.32,78.22,0.31,BULLISH,70
2026-07-11T03:00:00+00:00,SOL,77.79,33.8,78.27,78.23,0.01,HOLD,50
2026-07-11T04:00:00+00:00,SOL,77.74,46.8,78.19,78.24,-0.06,HOLD,50
2026-07-11T05:00:00+00:00,SOL,77.9,45.4,78.13,78.25,0.21,HOLD,50
2026-07-11T06:00:00+00:00,SOL,78.06,48.6,78.06,78.25,0.21,HOLD,50
2026-07-11T07:00:00+00:00,SOL,78.0,59.0,77.99,78.25,-0.08,HOLD,50
2026-07-11T08:00:00+00:00,SOL,78.17,63.4,77.95,78.24,0.22,HOLD,50
2026-07-11T09:00:00+00:00,SOL,77.84,48.9,77.9,78.23,-0.42,HOLD,50
2026-07-11T10:00:00+00:00,SOL,78.05,56.0,77.9,78.23,0.27,HOLD,50
2026-07-11T11:00:00+00:00,SOL,78.13,52.9,77.9,78.23,0.1,HOLD,50
2026-07-11T12:00:00+00:00,SOL,78.08,47.9,77.9,78.24,-0.06,HOLD,50
2026-07-11T13:00:00+00:00,SOL,78.18,51.1,77.93,78.25,0.13,HOLD,50
2026-07-11T14:00:00+00:00,SOL,78.5,64.4,77.98,78.27,0.41,HOLD,50
2026-07-11T15:00:00+00:00,SOL,78.38,70.4,78.0,78.27,-0.15,HOLD,50
2026-07-11T16:00:00+00:00,SOL,77.94,53.5,78.01,78.27,-0.56,HOLD,50
2026-07-11T17:00:00+00:00,SOL,78.09,56.2,78.02,78.28,0.19,HOLD,50
2026-07-11T18:00:00+00:00,SOL,78.08,57.2,78.01,78.29,-0.01,HOLD,50
2026-07-11T19:00:00+00:00,SOL,78.15,55.5,78.01,78.29,0.09,HOLD,50
2026-07-11T20:00:00+00:00,SOL,78.17,52.6,78.03,78.29,0.03,HOLD,50
2026-07-11T21:00:00+00:00,SOL,78.23,55.4,78.06,78.29,0.08,HOLD,50
2026-07-11T22:00:00+00:00,SOL,77.89,43.9,78.07,78.29,-0.43,HOLD,50
2026-07-11T23:00:00+00:00,SOL,76.79,32.9,78.02,78.26,-1.41,BEARISH,55
2026-07-12T00:00:00+00:00,SOL,76.11,22.6,77.94,78.22,-0.89,HOLD,50
2026-07-12T01:00:00+00:00,SOL,76.84,34.6,77.88,78.2,0.96,BULLISH,70
2026-07-12T02:00:00+00:00,SOL,76.86,35.3,77.82,78.17,0.03,HOLD,50
2026-07-12T03:00:00+00:00,SOL,77.04,36.6,77.78,78.13,0.23,HOLD,50
2026-07-12T04:00:00+00:00,SOL,76.71,28.9,77.7,78.08,-0.43,HOLD,50
2026-07-12T05:00:00+00:00,SOL,76.44,28.0,77.63,78.03,-0.35,HOLD,50
2026-07-12T06:00:00+00:00,SOL,76.37,30.5,77.55,77.98,-0.09,HOLD,50
2026-07-12T07:00:00+00:00,SOL,76.51,30.3,77.47,77.93,0.18,HOLD,50
2026-07-12T08:00:00+00:00,SOL,76.7,33.6,77.4,77.88,0.25,HOLD,50
2026-07-12T09:00:00+00:00,SOL,76.75,33.3,77.33,77.84,0.07,HOLD,50
2026-07-12T10:00:00+00:00,SOL,76.71,32.6,77.24,77.79,-0.05,HOLD,50
2026-07-12T11:00:00+00:00,SOL,76.95,35.4,77.17,77.74,0.31,HOLD,50
2026-07-12T12:00:00+00:00,SOL,77.19,41.8,77.13,77.7,0.31,HOLD,50
2026-07-12T13:00:00+00:00,SOL,77.15,55.6,77.08,77.66,-0.05,HOLD,50
2026-07-12T14:00:00+00:00,SOL,77.55,74.5,77.06,77.63,0.52,HOLD,50
2026-07-12T15:00:00+00:00,SOL,77.46,63.5,77.02,77.6,-0.12,HOLD,50
2026-07-12T16:00:00+00:00,SOL,77.54,64.4,76.99,77.59,0.1,HOLD,50
2026-07-12T17:00:00+00:00,SOL,77.35,56.5,76.95,77.58,-0.25,HOLD,50
2026-07-12T18:00:00+00:00,SOL,77.57,69.0,76.93,77.56,0.28,HOLD,50
2026-07-12T19:00:00+00:00,SOL,77.68,79.5,76.97,77.57,0.14,HOLD,50
2026-07-12T20:00:00+00:00,SOL,77.46,74.2,77.04,77.56,-0.28,HOLD,50
2026-07-12T21:00:00+00:00,SOL,77.1,61.9,77.05,77.55,-0.46,HOLD,50
2026-07-12T22:00:00+00:00,SOL,76.77,51.3,77.05,77.53,-0.43,HOLD,50
2026-07-12T23:00:00+00:00,SOL,76.92,53.1,77.04,77.51,0.2,HOLD,50
2026-07-13T00:00:00+00:00,SOL,77.52,62.4,77.08,77.49,0.78,HOLD,50
2026-07-13T01:00:00+00:00,SOL,76.32,42.6,77.08,77.46,-1.55,BEARISH,55
2026-07-13T02:00:00+00:00,SOL,76.48,41.4,77.08,77.43,0.21,HOLD,50
2026-07-13T03:00:00+00:00,SOL,75.86,36.4,77.05,77.4,-0.81,HOLD,50
2026-07-13T04:00:00+00:00,SOL,75.92,31.4,77.01,77.36,0.08,HOLD,50
2026-07-13T05:00:00+00:00,SOL,76.4,38.9,77.0,77.33,0.63,HOLD,50
2026-07-13T06:00:00+00:00,SOL,76.34,37.4,76.98,77.3,-0.08,HOLD,50
2026-07-13T07:00:00+00:00,SOL,76.44,40.3,76.95,77.27,0.13,HOLD,50
2026-07-13T08:00:00+00:00,SOL,76.73,41.1,76.93,77.25,0.38,HOLD,50
2026-07-13T09:00:00+00:00,SOL,76.62,38.8,76.9,77.22,-0.14,HOLD,50
2026-07-13T10:00:00+00:00,SOL,76.29,37.9,76.84,77.18,-0.43,HOLD,50
2026-07-13T11:00:00+00:00,SOL,76.34,41.6,76.78,77.15,0.07,HOLD,50
2026-07-13T12:00:00+00:00,SOL,75.85,40.2,76.7,77.11,-0.64,HOLD,50
2026-07-13T13:00:00+00:00,SOL,75.4,34.8,76.6,77.05,-0.59,HOLD,50
2026-07-13T14:00:00+00:00,SOL,76.16,36.8,76.53,77.02,1.01,BULLISH,55
2026-07-13T15:00:00+00:00,SOL,75.81,44.1,76.44,76.97,-0.46,HOLD,50
2026-07-13T16:00:00+00:00,SOL,75.3,37.3,76.33,76.9,-0.67,HOLD,50
2026-07-13T17:00:00+00:00,SOL,74.59,36.6,76.2,76.83,-0.94,HOLD,50
2026-07-13T18:00:00+00:00,SOL,74.86,39.3,76.11,76.77,0.36,HOLD,50
2026-07-13T19:00:00+00:00,SOL,75.2,37.6,76.02,76.71,0.45,HOLD,50
2026-07-13T20:00:00+00:00,SOL,74.8,35.1,75.89,76.64,-0.53,HOLD,50
2026-07-13T21:00:00+00:00,SOL,74.42,31.4,75.79,76.57,-0.51,HOLD,50
2026-07-13T22:00:00+00:00,SOL,74.52,29.0,75.69,76.5,0.13,HOLD,50
2026-07-13T23:00:00+00:00,SOL,75.01,35.7,75.65,76.43,0.66,HOLD,50
2026-07-14T00:00:00+00:00,SOL,75.45,42.7,75.63,76.38,0.59,HOLD,50
2026-07-14T01:00:00+00:00,SOL,75.3,41.1,75.57,76.35,-0.2,HOLD,50
2026-07-14T02:00:00+00:00,SOL,75.08,43.1,75.51,76.33,-0.29,HOLD,50
2026-07-14T03:00:00+00:00,SOL,75.15,47.6,75.44,76.3,0.09,HOLD,50
2026-07-14T04:00:00+00:00,SOL,75.15,38.6,75.37,76.26,0.0,HOLD,50
2026-07-14T05:00:00+00:00,SOL,75.42,45.5,75.31,76.23,0.36,HOLD,50
2026-07-14T06:00:00+00:00,SOL,75.16,48.3,75.25,76.2,-0.34,HOLD,50
2026-07-14T07:00:00+00:00,SOL,74.97,55.3,75.18,76.17,-0.25,HOLD,50
2026-07-14T08:00:00+00:00,SOL,75.16,54.3,75.15,76.15,0.25,HOLD,50
2026-07-14T09:00:00+00:00,SOL,75.08,48.1,75.13,76.12,-0.11,HOLD,50
2026-07-14T10:00:00+00:00,SOL,75.47,60.4,75.1,76.09,0.52,HOLD,50
2026-07-14T11:00:00+00:00,SOL,75.4,66.8,75.07,76.07,-0.09,HOLD,50
2026-07-14T12:00:00+00:00,SOL,76.86,77.3,75.15,76.07,1.94,BULLISH,55
2026-07-14T13:00:00+00:00,SOL,76.94,74.9,75.27,76.07,0.1,HOLD,50
2026-07-14T14:00:00+00:00,SOL,77.35,74.7,75.39,76.07,0.53,HOLD,50
2026-07-14T15:00:00+00:00,SOL,77.38,78.0,75.5,76.08,0.04,HOLD,50
2026-07-14T16:00:00+00:00,SOL,77.28,80.6,75.63,76.07,-0.13,HOLD,50
2026-07-14T17:00:00+00:00,SOL,77.18,78.0,75.77,76.07,-0.13,HOLD,50
2026-07-14T18:00:00+00:00,SOL,77.29,78.6,75.9,76.06,0.14,HOLD,50
2026-07-14T19:00:00+00:00,SOL,77.17,74.4,76.01,76.06,-0.16,HOLD,50
2026-07-14T20:00:00+00:00,SOL,77.18,80.2,76.1,76.05,0.01,HOLD,50
2026-07-14T21:00:00+00:00,SOL,77.21,85.2,76.19,76.04,0.04,HOLD,50
2026-07-14T22:00:00+00:00,SOL,77.62,86.2,76.32,76.04,0.53,HOLD,50
2026-07-14T23:00:00+00:00,SOL,77.87,89.1,76.46,76.06,0.32,HOLD,50
2026-07-15T00:00:00+00:00,SOL,77.66,82.3,76.58,76.08,-0.27,HOLD,50
2026-07-15T01:00:00+00:00,SOL,77.44,78.8,76.68,76.09,-0.28,HOLD,50
2026-07-15T02:00:00+00:00,SOL,77.29,59.6,76.79,76.08,-0.19,HOLD,50
2026-07-15T03:00:00+00:00,SOL,77.78,65.9,76.93,76.11,0.63,HOLD,50
2026-07-15T04:00:00+00:00,SOL,78.02,63.6,77.07,76.14,0.31,HOLD,50
2026-07-15T05:00:00+00:00,SOL,78.26,66.4,77.23,76.19,0.31,HOLD,50
2026-07-15T06:00:00+00:00,SOL,77.94,61.4,77.36,76.23,-0.41,HOLD,50
2026-07-15T07:00:00+00:00,SOL,77.42,53.6,77.46,76.25,-0.67,HOLD,50
2026-07-15T08:00:00+00:00,SOL,77.58,54.3,77.49,76.28,0.21,HOLD,50
2026-07-15T09:00:00+00:00,SOL,77.49,54.8,77.52,76.3,-0.12,HOLD,50
2026-07-15T10:00:00+00:00,SOL,77.37,52.8,77.52,76.31,-0.15,HOLD,50
2026-07-15T11:00:00+00:00,SOL,77.52,54.3,77.53,76.33,0.19,HOLD,50
2026-07-15T12:00:00+00:00,SOL,78.28,58.4,77.58,76.37,0.98,HOLD,50
2026-07-15T13:00:00+00:00,SOL,78.11,53.1,77.62,76.4,-0.22,HOLD,50
2026-07-15T14:00:00+00:00,SOL,78.22,57.5,77.67,76.45,0.14,HOLD,50
2026-07-15T15:00:00+00:00,SOL,78.07,58.6,77.72,76.5,-0.19,HOLD,50
2026-07-15T16:00:00+00:00,SOL,77.63,54.3,77.74,76.53,-0.56,HOLD,50
2026-07-15T17:00:00+00:00,SOL,77.82,50.5,77.77,76.57,0.24,HOLD,50
2026-07-15T18:00:00+00:00,SOL,77.58,44.0,77.77,76.62,-0.31,HOLD,50
2026-07-15T19:00:00+00:00,SOL,77.18,35.9,77.73,76.67,-0.52,HOLD,50
2026-07-15T20:00:00+00:00,SOL,77.38,42.4,77.72,76.72,0.26,HOLD,50
2026-07-15T21:00:00+00:00,SOL,77.41,49.8,77.72,76.77,0.04,HOLD,50
2026-07-15T22:00:00+00:00,SOL,77.48,48.4,77.73,76.82,0.09,HOLD,50
2026-07-15T23:00:00+00:00,SOL,77.29,46.9,77.7,76.88,-0.25,HOLD,50
2026-07-16T00:00:00+00:00,SOL,76.95,43.9,77.65,76.93,-0.44,HOLD,50
2026-07-16T01:00:00+00:00,SOL,77.09,43.7,77.59,76.97,0.18,HOLD,50
2026-07-16T02:00:00+00:00,SOL,77.13,28.8,77.55,77.0,0.05,HOLD,50
2026-07-16T03:00:00+00:00,SOL,76.95,28.7,77.53,77.03,-0.23,HOLD,50
2026-07-16T04:00:00+00:00,SOL,76.81,24.4,77.49,77.07,-0.18,HOLD,50
2026-07-16T05:00:00+00:00,SOL,77.48,41.0,77.49,77.12,0.87,HOLD,50
2026-07-16T06:00:00+00:00,SOL,77.35,45.3,77.49,77.16,-0.17,HOLD,50
2026-07-16T07:00:00+00:00,SOL,76.41,31.0,77.43,77.18,-1.22,BEARISH,55
2026-07-16T08:00:00+00:00,SOL,76.16,30.9,77.33,77.2,-0.33,HOLD,50
2026-07-16T09:00:00+00:00,SOL,76.02,33.2,77.22,77.22,-0.18,HOLD,50
2026-07-16T10:00:00+00:00,SOL,76.21,33.0,77.12,77.24,0.25,HOLD,50
2026-07-16T11:00:00+00:00,SOL,76.28,33.8,77.03,77.27,0.09,HOLD,50
2026-07-16T12:00:00+00:00,SOL,75.93,29.4,76.95,77.27,-0.46,HOLD,50
2026-07-16T13:00:00+00:00,SOL,76.36,38.4,76.87,77.29,0.57,HOLD,50
2026-07-16T14:00:00+00:00,SOL,76.49,43.9,76.82,77.29,0.17,HOLD,50
2026-07-16T15:00:00+00:00,SOL,76.63,43.9,76.79,77.28,0.18,HOLD,50
2026-07-16T16:00:00+00:00,SOL,76.27,39.6,76.73,77.26,-0.47,HOLD,50
2026-07-16T17:00:00+00:00,SOL,75.61,35.4,76.64,77.22,-0.87,HOLD,50
2026-07-16T18:00:00+00:00,SOL,75.74,38.3,76.56,77.19,0.17,HOLD,50
2026-07-16T19:00:00+00:00,SOL,75.81,29.1,76.48,77.16,0.09,HOLD,50
2026-07-16T20:00:00+00:00,SOL,75.8,30.0,76.43,77.13,-0.01,HOLD,50
2026-07-16T21:00:00+00:00,SOL,75.94,42.3,76.37,77.11,0.18,HOLD,50
2026-07-16T22:00:00+00:00,SOL,75.32,37.8,76.28,77.07,-0.82,HOLD,50
2026-07-16T23:00:00+00:00,SOL,75.32,39.4,76.2,77.04,0.0,HOLD,50
2026-07-17T00:00:00+00:00,SOL,75.55,40.1,76.13,76.99,0.31,HOLD,50
2026-07-17T01:00:00+00:00,SOL,75.1,34.1,76.01,76.94,-0.6,HOLD,50
2026-07-17T02:00:00+00:00,SOL,75.0,36.6,75.9,76.89,-0.13,HOLD,50
2026-07-17T03:00:00+00:00,SOL,75.23,32.7,75.84,76.84,0.31,BULLISH,70
2026-07-17T04:00:00+00:00,SOL,75.24,30.2,75.79,76.8,0.01,HOLD,50
2026-07-17T05:00:00+00:00,SOL,74.4,21.0,75.71,76.73,-1.12,BEARISH,55
2026-07-17T06:00:00+00:00,SOL,74.6,27.4,75.63,76.66,0.27,HOLD,50
2026-07-17T07:00:00+00:00,SOL,74.61,33.6,75.55,76.59,0.01,HOLD,50
2026-07-17T08:00:00+00:00,SOL,74.53,29.8,75.48,76.52,-0.11,HOLD,50
2026-07-17T09:00:00+00:00,SOL,74.65,30.9,75.39,76.47,0.16,HOLD,50
2026-07-17T10:00:00+00:00,SOL,74.8,34.3,75.31,76.41,0.2,HOLD,50
2026-07-17T11:00:00+00:00,SOL,74.86,32.6,75.22,76.36,0.08,HOLD,50
2026-07-17T12:00:00+00:00,SOL,74.4,34.4,75.13,76.3,-0.61,HOLD,50
2026-07-17T13:00:00+00:00,SOL,74.33,33.6,75.06,76.24,-0.09,HOLD,50
2026-07-17T14:00:00+00:00,SOL,74.32,28.0,74.99,76.16,-0.01,HOLD,50
2026-07-17T15:00:00+00:00,SOL,74.77,44.1,74.94,76.09,0.61,HOLD,50
2026-07-17T16:00:00+00:00,SOL,74.94,49.0,74.9,76.02,0.23,HOLD,50
2026-07-17T17:00:00+00:00,SOL,75.24,50.2,74.86,75.97,0.4,HOLD,50
2026-07-17T18:00:00+00:00,SOL,75.32,51.3,74.86,75.92,0.11,HOLD,50
2026-07-17T19:00:00+00:00,SOL,75.2,67.5,74.85,75.87,-0.16,HOLD,50
2026-07-17T20:00:00+00:00,SOL,75.11,61.8,74.83,75.82,-0.12,HOLD,50
2026-07-17T21:00:00+00:00,SOL,75.01,58.8,74.83,75.78,-0.13,HOLD,50
2026-07-17T22:00:00+00:00,SOL,75.02,61.2,74.83,75.73,0.01,HOLD,50
2026-07-17T23:00:00+00:00,SOL,75.04,59.3,74.82,75.68,0.03,HOLD,50
2026-07-18T00:00:00+00:00,SOL,75.09,57.3,74.81,75.63,0.07,HOLD,50
2026-07-18T01:00:00+00:00,SOL,75.23,58.9,74.85,75.59,0.19,HOLD,50
2026-07-18T02:00:00+00:00,SOL,75.21,74.8,74.88,75.56,-0.03,HOLD,50
2026-07-18T03:00:00+00:00,SOL,75.38,80.3,74.92,75.52,0.23,HOLD,50
2026-07-18T04:00:00+00:00,SOL,75.1,69.5,74.95,75.48,-0.37,BEARISH,70
2026-07-18T05:00:00+00:00,SOL,74.92,54.3,74.96,75.44,-0.24,HOLD,50
2026-07-18T06:00:00+00:00,SOL,74.98,51.2,74.97,75.41,0.08,HOLD,50
2026-07-18T07:00:00+00:00,SOL,74.97,39.8,74.98,75.36,-0.01,HOLD,50
2026-07-18T08:00:00+00:00,SOL,74.96,35.7,75.01,75.31,-0.01,HOLD,50
2026-07-18T09:00:00+00:00,SOL,74.85,36.0,75.03,75.28,-0.15,HOLD,50
2026-07-18T10:00:00+00:00,SOL,74.91,41.8,75.06,75.25,0.08,HOLD,50
2026-07-18T11:00:00+00:00,SOL,74.97,48.3,75.07,75.23,0.08,HOLD,50
2026-07-18T12:00:00+00:00,SOL,75.01,49.6,75.08,75.21,0.05,HOLD,50
2026-07-18T13:00:00+00:00,SOL,74.73,39.5,75.05,75.18,-0.37,HOLD,50
2026-07-18T14:00:00+00:00,SOL,74.98,46.7,75.03,75.16,0.33,HOLD,50
2026-07-18T15:00:00+00:00,SOL,74.97,41.6,75.02,75.13,-0.01,HOLD,50
2026-07-18T16:00:00+00:00,SOL,75.17,48.8,75.03,75.1,0.27,HOLD,50
2026-07-18T17:00:00+00:00,SOL,75.35,49.1,75.04,75.08,0.24,HOLD,50
2026-07-18T18:00:00+00:00,SOL,75.29,56.3,75.06,75.06,-0.08,HOLD,50
2026-07-18T19:00:00+00:00,SOL,75.44,67.6,75.08,75.05,0.2,HOLD,50
2026-07-18T20:00:00+00:00,SOL,75.47,66.9,75.09,75.05,0.04,HOLD,50
2026-07-18T21:00:00+00:00,SOL,75.49,67.8,75.11,75.04,0.03,HOLD,50
2026-07-18T22:00:00+00:00,SOL,75.57,69.9,75.13,75.04,0.11,HOLD,50
2026-07-18T23:00:00+00:00,SOL,75.52,72.8,75.13,75.03,-0.07,HOLD,50
2026-07-19T00:00:00+00:00,SOL,75.63,73.7,75.16,75.04,0.15,HOLD,50
2026-07-19T01:00:00+00:00,SOL,75.68,73.5,75.2,75.04,0.07,HOLD,50
2026-07-19T02:00:00+00:00,SOL,76.21,80.0,75.26,75.06,0.7,HOLD,50
2026-07-19T03:00:00+00:00,SOL,75.96,81.2,75.31,75.07,-0.33,BEARISH,70
2026-07-19T04:00:00+00:00,SOL,76.0,79.0,75.36,75.09,0.05,HOLD,50
2026-07-19T05:00:00+00:00,SOL,75.97,78.1,75.42,75.11,-0.04,HOLD,50
2026-07-19T06:00:00+00:00,SOL,76.11,77.3,75.48,75.13,0.18,HOLD,50
2026-07-19T07:00:00+00:00,SOL,76.14,75.2,75.53,75.16,0.04,HOLD,50
2026-07-19T08:00:00+00:00,SOL,76.28,80.0,75.6,75.19,0.18,HOLD,50
2026-07-19T09:00:00+00:00,SOL,75.99,65.4,75.66,75.22,-0.38,BEARISH,70
2026-07-19T10:00:00+00:00,SOL,76.26,69.5,75.72,75.26,0.36,HOLD,50
2026-07-19T11:00:00+00:00,SOL,76.06,62.9,75.78,75.28,-0.26,HOLD,50
2026-07-19T12:00:00+00:00,SOL,76.01,60.1,75.82,75.31,-0.07,HOLD,50
2026-07-19T13:00:00+00:00,SOL,76.12,63.4,75.86,75.33,0.14,HOLD,50
2026-07-19T14:00:00+00:00,SOL,76.43,66.4,75.92,75.37,0.41,HOLD,50
2026-07-19T15:00:00+00:00,SOL,76.21,60.2,75.96,75.41,-0.29,HOLD,50
2026-07-19T16:00:00+00:00,SOL,75.92,43.9,75.98,75.44,-0.38,HOLD,50
2026-07-19T17:00:00+00:00,SOL,75.97,50.2,76.0,75.47,0.07,HOLD,50
2026-07-19T18:00:00+00:00,SOL,75.75,44.7,76.01,75.48,-0.29,HOLD,50
2026-07-19T19:00:00+00:00,SOL,75.88,48.2,76.03,75.5,0.17,HOLD,50
2026-07-19T20:00:00+00:00,SOL,76.14,50.6,76.05,75.51,0.34,HOLD,50
2026-07-19T21:00:00+00:00,SOL,75.78,43.8,76.06,75.52,-0.47,HOLD,50
2026-07-19T22:00:00+00:00,SOL,76.1,47.1,76.05,75.54,0.42,HOLD,50
2026-07-19T23:00:00+00:00,SOL,76.38,56.4,76.08,75.57,0.37,HOLD,50
2026-07-20T00:00:00+00:00,SOL,76.57,55.2,76.1,75.6,0.25,HOLD,50
2026-07-20T01:00:00+00:00,SOL,76.39,55.6,76.12,75.63,-0.24,HOLD,50
2026-07-20T02:00:00+00:00,SOL,76.98,63.8,76.17,75.67,0.77,HOLD,50
2026-07-20T03:00:00+00:00,SOL,76.76,58.8,76.2,75.7,-0.29,HOLD,50
2026-07-20T04:00:00+00:00,SOL,76.46,50.4,76.21,75.72,-0.39,HOLD,50
2026-07-20T05:00:00+00:00,SOL,75.92,46.3,76.2,75.73,-0.71,HOLD,50
2026-07-20T06:00:00+00:00,SOL,75.64,46.4,76.17,75.75,-0.37,HOLD,50
2026-07-20T07:00:00+00:00,SOL,76.22,52.8,76.18,75.77,0.77,HOLD,50
2026-07-20T08:00:00+00:00,SOL,76.15,54.7,76.19,75.79,-0.09,HOLD,50
2026-07-20T09:00:00+00:00,SOL,76.47,56.6,76.21,75.82,0.42,HOLD,50
2026-07-20T10:00:00+00:00,SOL,76.34,52.3,76.2,75.85,-0.17,HOLD,50
2026-07-20T11:00:00+00:00,SOL,77.14,64.2,76.25,75.9,1.05,BULLISH,55
2026-07-20T12:00:00+00:00,SOL,76.75,56.7,76.29,75.93,-0.51,HOLD,50
2026-07-20T13:00:00+00:00,SOL,76.29,49.1,76.31,75.96,-0.6,HOLD,50
2026-07-20T14:00:00+00:00,SOL,76.15,45.8,76.33,75.98,-0.18,HOLD,50
2026-07-20T15:00:00+00:00,SOL,77.76,60.7,76.42,76.04,2.11,BULLISH,75
2026-07-20T16:00:00+00:00,SOL,77.66,55.7,76.5,76.1,-0.13,HOLD,50
2026-07-20T17:00:00+00:00,SOL,77.74,58.4,76.59,76.15,0.1,HOLD,50
2026-07-20T18:00:00+00:00,SOL,77.67,60.9,76.67,76.2,-0.09,HOLD,50
2026-07-20T19:00:00+00:00,SOL,77.63,66.9,76.73,76.25,-0.05,HOLD,50
2026-07-20T20:00:00+00:00,SOL,77.88,72.2,76.8,76.3,0.32,HOLD,50
2026-07-20T21:00:00+00:00,SOL,77.74,66.5,76.87,76.35,-0.18,HOLD,50
2026-07-20T22:00:00+00:00,SOL,77.44,63.4,76.89,76.39,-0.39,HOLD,50
2026-07-20T23:00:00+00:00,SOL,77.85,64.0,76.94,76.43,0.53,HOLD,50
2026-07-21T00:00:00+00:00,SOL,78.12,67.6,77.03,76.48,0.35,HOLD,50
2026-07-21T01:00:00+00:00,SOL,77.84,57.7,77.12,76.53,-0.36,HOLD,50
2026-07-21T02:00:00+00:00,SOL,78.02,64.7,77.24,76.58,0.23,HOLD,50
2026-07-21T03:00:00+00:00,SOL,78.19,73.5,77.34,76.63,0.22,HOLD,50
2026-07-21T04:00:00+00:00,SOL,78.13,75.0,77.44,76.67,-0.08,HOLD,50
2026-07-21T05:00:00+00:00,SOL,78.45,62.9,77.54,76.72,0.41,HOLD,50
2026-07-21T06:00:00+00:00,SOL,78.67,68.1,77.66,76.77,0.28,HOLD,50
2026-07-21T07:00:00+00:00,SOL,78.56,64.5,77.73,76.82,-0.14,HOLD,50
2026-07-21T08:00:00+00:00,SOL,78.36,61.7,77.81,76.87,-0.25,HOLD,50
2026-07-21T09:00:00+00:00,SOL,78.43,63.4,77.91,76.91,0.09,HOLD,50
2026-07-21T10:00:00+00:00,SOL,78.22,55.8,78.02,76.95,-0.27,HOLD,50
2026-07-21T11:00:00+00:00,SOL,78.36,60.5,78.05,77.0,0.18,HOLD,50
2026-07-21T12:00:00+00:00,SOL,78.52,69.3,78.09,77.04,0.2,HOLD,50
2026-07-21T13:00:00+00:00,SOL,78.58,64.9,78.13,77.09,0.08,HOLD,50
2026-07-21T14:00:00+00:00,SOL,78.0,47.8,78.15,77.13,-0.74,HOLD,50
2026-07-21T15:00:00+00:00,SOL,78.14,55.7,78.17,77.17,0.18,HOLD,50
2026-07-21T16:00:00+00:00,SOL,78.19,53.4,78.19,77.21,0.06,HOLD,50
2026-07-21T17:00:00+00:00,SOL,77.72,41.6,78.19,77.24,-0.6,HOLD,50
2026-07-21T18:00:00+00:00,SOL,77.85,45.1,78.21,77.28,0.17,HOLD,50
2026-07-21T19:00:00+00:00,SOL,77.87,38.7,78.21,77.32,0.03,HOLD,50
2026-07-21T20:00:00+00:00,SOL,77.91,34.0,78.2,77.36,0.05,HOLD,50
2026-07-21T21:00:00+00:00,SOL,78.05,39.4,78.21,77.4,0.18,HOLD,50
2026-07-21T22:00:00+00:00,SOL,78.0,42.0,78.21,77.44,-0.06,HOLD,50
2026-07-21T23:00:00+00:00,SOL,78.12,43.3,78.21,77.49,0.15,HOLD,50
2026-07-22T00:00:00+00:00,SOL,78.46,54.9,78.22,77.53,0.44,HOLD,50
2026-07-22T01:00:00+00:00,SOL,78.34,49.6,78.22,77.57,-0.15,HOLD,50
2026-07-22T02:00:00+00:00,SOL,78.13,42.1,78.19,77.61,-0.27,HOLD,50
2026-07-22T03:00:00+00:00,SOL,77.87,36.7,78.16,77.63,-0.33,HOLD,50
2026-07-22T04:00:00+00:00,SOL,78.06,51.3,78.14,77.66,0.24,HOLD,50
2026-07-22T05:00:00+00:00,SOL,77.43,37.2,78.09,77.67,-0.81,HOLD,50
2026-07-22T06:00:00+00:00,SOL,77.29,34.3,78.04,77.69,-0.18,HOLD,50
2026-07-22T07:00:00+00:00,SOL,77.1,38.0,77.98,77.71,-0.25,HOLD,50
2026-07-22T08:00:00+00:00,SOL,77.43,42.4,77.93,77.75,0.43,HOLD,50
2026-07-22T09:00:00+00:00,SOL,77.55,44.4,77.88,77.77,0.15,HOLD,50
2026-07-22T10:00:00+00:00,SOL,77.68,46.1,77.86,77.8,0.17,HOLD,50
2026-07-22T11:00:00+00:00,SOL,77.56,41.7,77.83,77.82,-0.15,HOLD,50
2026-07-22T12:00:00+00:00,SOL,77.24,38.2,77.78,77.84,-0.41,HOLD,50
2026-07-22T13:00:00+00:00,SOL,77.87,46.6,77.79,77.86,0.82,HOLD,50
2026-07-22T14:00:00+00:00,SOL,77.9,41.8,77.79,77.88,0.04,HOLD,50
2026-07-22T15:00:00+00:00,SOL,78.47,51.7,77.82,77.92,0.73,HOLD,50
2026-07-22T16:00:00+00:00,SOL,78.58,56.0,77.86,77.97,0.14,HOLD,50
2026-07-22T17:00:00+00:00,SOL,78.21,54.4,77.86,77.98,-0.47,HOLD,50
2026-07-22T18:00:00+00:00,SOL,77.74,46.2,77.85,77.98,-0.6,HOLD,50
2026-07-22T19:00:00+00:00,SOL,77.66,53.2,77.83,77.98,-0.1,HOLD,50
2026-07-22T20:00:00+00:00,SOL,77.8,57.1,77.8,77.98,0.18,HOLD,50
2026-07-22T21:00:00+00:00,SOL,78.02,62.6,77.78,77.99,0.28,HOLD,50
2026-07-22T22:00:00+00:00,SOL,78.01,58.7,77.77,77.99,-0.01,HOLD,50
2026-07-22T23:00:00+00:00,SOL,77.97,56.5,77.78,78.0,-0.05,HOLD,50
2026-07-23T00:00:00+00:00,SOL,78.27,58.7,77.79,78.02,0.38,HOLD,50
2026-07-23T01:00:00+00:00,SOL,77.9,54.6,77.81,78.02,-0.47,HOLD,50
2026-07-23T02:00:00+00:00,SOL,77.76,57.5,77.84,78.01,-0.18,HOLD,50
2026-07-23T03:00:00+00:00,SOL,77.6,45.5,77.86,78.0,-0.21,HOLD,50
2026-07-23T04:00:00+00:00,SOL,77.53,43.9,77.87,77.99,-0.09,HOLD,50
2026-07-23T05:00:00+00:00,SOL,77.53,31.0,77.86,77.98,0.0,HOLD,50
2026-07-23T06:00:00+00:00,SOL,77.57,29.0,77.86,77.97,0.05,HOLD,50
2026-07-23T07:00:00+00:00,SOL,77.16,28.6,77.84,77.94,-0.53,HOLD,50
2026-07-23T08:00:00+00:00,SOL,77.47,44.1,77.85,77.92,0.4,HOLD,50
2026-07-23T09:00:00+00:00,SOL,77.49,46.2,77.83,77.9,0.03,HOLD,50
2026-07-23T10:00:00+00:00,SOL,77.74,48.7,77.82,77.89,0.32,HOLD,50
2026-07-23T11:00:00+00:00,SOL,77.67,42.0,77.78,77.87,-0.09,HOLD,50
2026-07-23T12:00:00+00:00,SOL,76.94,31.6,77.7,77.85,-0.94,HOLD,50
2026-07-23T13:00:00+00:00,SOL,76.7,29.6,77.63,77.81,-0.31,HOLD,50
2026-07-23T14:00:00+00:00,SOL,76.43,20.1,77.56,77.77,-0.35,HOLD,50
2026-07-23T15:00:00+00:00,SOL,76.39,22.5,77.5,77.73,-0.05,HOLD,50
2026-07-23T16:00:00+00:00,SOL,76.01,20.7,77.41,77.69,-0.5,HOLD,50
2026-07-23T17:00:00+00:00,SOL,75.65,19.4,77.29,77.64,-0.47,HOLD,50
2026-07-23T18:00:00+00:00,SOL,75.81,23.8,77.18,77.59,0.21,HOLD,50
2026-07-23T19:00:00+00:00,SOL,75.75,23.4,77.07,77.55,-0.08,HOLD,50
2026-07-23T20:00:00+00:00,SOL,76.12,30.2,76.96,77.52,0.49,BULLISH,70
2026-07-23T21:00:00+00:00,SOL,76.05,33.3,76.87,77.48,-0.09,HOLD,50
2026-07-23T22:00:00+00:00,SOL,76.19,29.7,76.79,77.45,0.18,HOLD,50
2026-07-23T23:00:00+00:00,SOL,75.88,26.7,76.7,77.4,-0.41,HOLD,50
2026-07-24T00:00:00+00:00,SOL,75.82,20.6,76.62,77.36,-0.08,HOLD,50
2026-07-24T01:00:00+00:00,SOL,75.7,20.2,76.53,77.31,-0.16,HOLD,50
2026-07-24T02:00:00+00:00,SOL,75.53,24.4,76.42,77.25,-0.22,HOLD,50
2026-07-24T03:00:00+00:00,SOL,75.83,34.5,76.36,77.2,0.4,BULLISH,70
2026-07-24T04:00:00+00:00,SOL,75.66,35.8,76.27,77.15,-0.22,HOLD,50
2026-07-24T05:00:00+00:00,SOL,75.8,39.5,76.18,77.11,0.19,HOLD,50
2026-07-24T06:00:00+00:00,SOL,75.85,46.8,76.09,77.07,0.07,HOLD,50
2026-07-24T07:00:00+00:00,SOL,76.07,59.0,76.01,77.04,0.29,HOLD,50
2026-07-24T08:00:00+00:00,SOL,75.78,49.4,75.95,77.01,-0.38,HOLD,50
2026-07-24T09:00:00+00:00,SOL,75.62,47.5,75.9,76.98,-0.21,HOLD,50
2026-07-24T10:00:00+00:00,SOL,75.49,36.5,75.85,76.94,-0.17,HOLD,50
2026-07-24T11:00:00+00:00,SOL,75.2,33.3,75.79,76.89,-0.38,HOLD,50
2026-07-24T12:00:00+00:00,SOL,74.86,25.8,75.73,76.84,-0.45,HOLD,50
2026-07-24T13:00:00+00:00,SOL,74.22,23.1,75.66,76.77,-0.85,HOLD,50
2026-07-24T14:00:00+00:00,SOL,74.03,22.1,75.57,76.71,-0.26,HOLD,50
2026-07-24T15:00:00+00:00,SOL,74.04,23.2,75.49,76.63,0.01,HOLD,50
2026-07-24T16:00:00+00:00,SOL,73.9,23.5,75.38,76.55,-0.19,HOLD,50
2026-07-24T17:00:00+00:00,SOL,74.05,19.5,75.28,76.46,0.2,HOLD,50
2026-07-24T18:00:00+00:00,SOL,73.98,20.2,75.17,76.37,-0.09,HOLD,50
2026-07-24T19:00:00+00:00,SOL,73.97,16.0,75.07,76.28,-0.01,HOLD,50
2026-07-24T20:00:00+00:00,SOL,73.77,13.4,74.97,76.2,-0.27,HOLD,50
2026-07-24T21:00:00+00:00,SOL,73.63,5.8,74.86,76.12,-0.19,HOLD,50
2026-07-24T22:00:00+00:00,SOL,73.94,16.9,74.78,76.05,0.42,BULLISH,70
2026-07-24T23:00:00+00:00,SOL,73.96,18.6,74.69,75.97,0.03,HOLD,50
2026-07-25T00:00:00+00:00,SOL,74.13,24.6,74.61,75.89,0.23,HOLD,50
2026-07-25T01:00:00+00:00,SOL,74.13,27.6,74.53,75.81,0.0,HOLD,50
2026-07-25T02:00:00+00:00,SOL,74.11,31.9,74.44,75.73,-0.03,HOLD,50
2026-07-25T03:00:00+00:00,SOL,74.14,47.3,74.35,75.65,0.04,HOLD,50
2026-07-25T04:00:00+00:00,SOL,74.32,60.0,74.27,75.58,0.24,HOLD,50
2026-07-25T05:00:00+00:00,SOL,73.99,48.6,74.19,75.51,-0.44,HOLD,50
2026-07-25T06:00:00+00:00,SOL,74.03,53.9,74.12,75.44,0.05,HOLD,50
2026-07-25T07:00:00+00:00,SOL,73.79,42.6,74.05,75.37,-0.32,HOLD,50
2026-07-25T08:00:00+00:00,SOL,73.79,44.4,74.0,75.29,0.0,HOLD,50
2026-07-25T09:00:00+00:00,SOL,74.0,50.8,73.98,75.23,0.28,HOLD,50
2026-07-25T10:00:00+00:00,SOL,73.98,56.1,73.98,75.16,-0.03,HOLD,50
2026-07-25T11:00:00+00:00,SOL,73.92,58.9,73.98,75.09,-0.08,HOLD,50
2026-07-25T12:00:00+00:00,SOL,73.97,51.1,73.98,75.01,0.07,HOLD,50
2026-07-25T13:00:00+00:00,SOL,73.98,50.7,73.98,74.94,0.01,HOLD,50
2026-07-25T14:00:00+00:00,SOL,74.06,47.2,73.98,74.88,0.11,HOLD,50
2026-07-25T15:00:00+00:00,SOL,74.18,51.8,73.99,74.83,0.16,HOLD,50
2026-07-25T16:00:00+00:00,SOL,74.32,57.0,74.02,74.79,0.19,HOLD,50
2026-07-25T17:00:00+00:00,SOL,74.48,60.4,74.06,74.75,0.22,HOLD,50
2026-07-25T18:00:00+00:00,SOL,74.66,60.4,74.1,74.72,0.24,HOLD,50
2026-07-25T19:00:00+00:00,SOL,74.57,70.7,74.13,74.7,-0.12,HOLD,50
2026-07-25T20:00:00+00:00,SOL,74.45,64.2,74.14,74.67,-0.16,HOLD,50
2026-07-25T21:00:00+00:00,SOL,74.46,76.8,74.16,74.65,0.01,HOLD,50
2026-07-25T22:00:00+00:00,SOL,74.5,77.5,74.18,74.62,0.05,HOLD,50
2026-07-25T23:00:00+00:00,SOL,74.52,73.6,74.2,74.58,0.03,HOLD,50
2026-07-26T00:00:00+00:00,SOL,74.79,80.0,74.22,74.56,0.36,HOLD,50
2026-07-26T01:00:00+00:00,SOL,74.82,84.1,74.26,74.54,0.04,HOLD,50
2026-07-26T02:00:00+00:00,SOL,74.9,84.4,74.31,74.52,0.11,HOLD,50
2026-07-26T03:00:00+00:00,SOL,75.03,85.7,74.37,74.5,0.17,HOLD,50
2026-07-26T04:00:00+00:00,SOL,75.07,85.3,74.43,74.49,0.05,HOLD,50
2026-07-26T05:00:00+00:00,SOL,75.02,80.9,74.48,74.48,-0.07,HOLD,50
2026-07-26T06:00:00+00:00,SOL,75.12,80.3,74.54,74.47,0.13,HOLD,50
2026-07-26T07:00:00+00:00,SOL,74.87,63.8,74.59,74.45,-0.33,HOLD,50
2026-07-26T08:00:00+00:00,SOL,74.98,61.9,74.64,74.43,0.15,HOLD,50
2026-07-26T09:00:00+00:00,SOL,75.07,68.7,74.69,74.41,0.12,HOLD,50
2026-07-26T10:00:00+00:00,SOL,75.12,76.4,74.75,74.4,0.07,HOLD,50
2026-07-26T11:00:00+00:00,SOL,74.95,67.1,74.78,74.39,-0.23,HOLD,50
2026-07-26T12:00:00+00:00,SOL,74.89,63.4,74.81,74.37,-0.08,HOLD,50
2026-07-26T13:00:00+00:00,SOL,74.94,64.2,74.84,74.37,0.07,HOLD,50
2026-07-26T14:00:00+00:00,SOL,75.06,60.2,74.86,74.37,0.16,HOLD,50
2026-07-26T15:00:00+00:00,SOL,75.49,69.4,74.9,74.4,0.57,HOLD,50
2026-07-26T16:00:00+00:00,SOL,75.53,68.6,74.96,74.43,0.05,HOLD,50
2026-07-26T17:00:00+00:00,SOL,75.38,60.2,75.0,74.45,-0.2,HOLD,50
2026-07-26T18:00:00+00:00,SOL,75.39,59.5,75.05,74.48,0.01,HOLD,50
2026-07-26T19:00:00+00:00,SOL,75.34,59.5,75.09,74.51,-0.07,HOLD,50
2026-07-26T20:00:00+00:00,SOL,75.34,57.0,75.12,74.54,0.0,HOLD,50
2026-07-26T21:00:00+00:00,SOL,75.65,73.8,75.16,74.57,0.41,HOLD,50
2026-07-26T22:00:00+00:00,SOL,76.71,83.4,75.25,74.63,1.4,BULLISH,55
2026-07-26T23:00:00+00:00,SOL,76.76,83.1,75.33,74.69,0.07,HOLD,50
2026-07-27T00:00:00+00:00,SOL,76.35,71.1,75.4,74.74,-0.53,BEARISH,85
2026-07-27T01:00:00+00:00,SOL,76.52,77.0,75.47,74.79,0.22,HOLD,50
2026-07-27T02:00:00+00:00,SOL,76.44,76.5,75.54,74.84,-0.1,HOLD,50
2026-07-27T03:00:00+00:00,SOL,76.4,75.0,75.62,74.88,-0.05,HOLD,50
2026-07-27T04:00:00+00:00,SOL,76.3,71.4,75.68,74.93,-0.13,HOLD,50
2026-07-27T05:00:00+00:00,SOL,76.56,69.6,75.76,74.98,0.34,HOLD,50
2026-07-27T06:00:00+00:00,SOL,76.73,71.0,75.84,75.02,0.22,HOLD,50
2026-07-27T07:00:00+00:00,SOL,76.47,68.4,75.91,75.07,-0.34,BEARISH,70
2026-07-27T08:00:00+00:00,SOL,76.3,64.5,75.98,75.12,-0.22,HOLD,50
2026-07-27T09:00:00+00:00,SOL,76.49,67.6,76.06,75.17,0.25,HOLD,50
2026-07-27T10:00:00+00:00,SOL,76.61,68.7,76.14,75.23,0.16,HOLD,50
2026-07-27T11:00:00+00:00,SOL,76.5,63.3,76.19,75.28,-0.14,HOLD,50
2026-07-27T12:00:00+00:00,SOL,76.86,53.0,76.25,75.34,0.47,HOLD,50
2026-07-27T13:00:00+00:00,SOL,76.92,53.2,76.33,75.4,0.08,HOLD,50
2026-07-27T14:00:00+00:00,SOL,75.48,37.7,76.34,75.43,-1.87,BEARISH,55
2026-07-27T15:00:00+00:00,SOL,75.28,32.6,76.33,75.45,-0.26,HOLD,50
2026-07-27T16:00:00+00:00,SOL,75.95,44.1,76.36,75.49,0.89,HOLD,50
2026-07-27T17:00:00+00:00,SOL,75.91,44.1,76.38,75.53,-0.05,HOLD,50
2026-07-27T18:00:00+00:00,SOL,75.62,42.2,76.32,75.55,-0.38,HOLD,50
2026-07-27T19:00:00+00:00,SOL,75.98,43.5,76.28,75.58,0.48,HOLD,50
2026-07-27T20:00:00+00:00,SOL,75.98,41.2,76.27,75.61,0.0,HOLD,50
2026-07-27T21:00:00+00:00,SOL,75.6,40.1,76.22,75.63,-0.5,HOLD,50
2026-07-27T22:00:00+00:00,SOL,74.06,30.6,76.1,75.62,-2.04,BEARISH,55
2026-07-27T23:00:00+00:00,SOL,74.2,29.9,75.99,75.61,0.19,HOLD,50
2026-07-28T00:00:00+00:00,SOL,73.73,26.2,75.86,75.6,-0.63,HOLD,50
2026-07-28T01:00:00+00:00,SOL,73.21,24.6,75.69,75.57,-0.71,HOLD,50
2026-07-28T02:00:00+00:00,SOL,73.37,22.2,75.53,75.54,0.22,HOLD,50
2026-07-28T03:00:00+00:00,SOL,73.28,21.1,75.37,75.51,-0.12,HOLD,50
2026-07-28T04:00:00+00:00,SOL,73.22,27.0,75.21,75.48,-0.08,HOLD,50
2026-07-28T05:00:00+00:00,SOL,73.27,28.9,75.05,75.45,0.07,HOLD,50
2026-07-28T06:00:00+00:00,SOL,73.44,20.6,74.89,75.41,0.23,HOLD,50
2026-07-28T07:00:00+00:00,SOL,73.3,20.1,74.73,75.38,-0.19,HOLD,50
2026-07-28T08:00:00+00:00,SOL,73.37,22.9,74.56,75.34,0.1,HOLD,50
2026-07-28T09:00:00+00:00,SOL,73.26,15.1,74.38,75.31,-0.15,HOLD,50
2026-07-28T10:00:00+00:00,SOL,73.15,14.7,74.26,75.27,-0.15,HOLD,50
2026-07-28T11:00:00+00:00,SOL,73.2,17.4,74.16,75.24,0.07,HOLD,50
2026-07-28T12:00:00+00:00,SOL,73.39,35.6,74.03,75.2,0.26,HOLD,50
2026-07-28T13:00:00+00:00,SOL,72.72,24.1,73.87,75.16,-0.91,HOLD,50
2026-07-28T14:00:00+00:00,SOL,73.43,45.2,73.76,75.13,0.98,HOLD,50
2026-07-28T15:00:00+00:00,SOL,74.35,66.3,73.68,75.12,1.25,BULLISH,55
2026-07-28T16:00:00+00:00,SOL,74.42,65.4,73.6,75.1,0.09,HOLD,50
2026-07-28T17:00:00+00:00,SOL,73.83,57.0,73.51,75.07,-0.79,HOLD,50
2026-07-28T18:00:00+00:00,SOL,73.88,58.5,73.5,75.04,0.07,HOLD,50
2026-07-28T19:00:00+00:00,SOL,74.33,62.3,73.51,75.02,0.61,HOLD,50
2026-07-28T20:00:00+00:00,SOL,74.05,56.9,73.52,74.99,-0.38,HOLD,50
2026-07-28T21:00:00+00:00,SOL,74.15,59.7,73.57,74.97,0.14,HOLD,50
2026-07-28T22:00:00+00:00,SOL,73.44,50.7,73.57,74.93,-0.96,HOLD,50
2026-07-28T23:00:00+00:00,SOL,73.83,55.4,73.6,74.89,0.53,HOLD,50
2026-07-29T00:00:00+00:00,SOL,73.78,56.0,73.63,74.83,-0.07,HOLD,50
2026-07-29T01:00:00+00:00,SOL,73.27,50.6,73.63,74.76,-0.69,HOLD,50
2026-07-29T02:00:00+00:00,SOL,73.69,52.5,73.64,74.71,0.57,HOLD,50
2026-07-29T03:00:00+00:00,SOL,73.09,53.2,73.63,74.64,-0.81,HOLD,50
2026-07-29T04:00:00+00:00,SOL,73.45,50.2,73.64,74.58,0.49,HOLD,50
2026-07-29T05:00:00+00:00,SOL,73.68,43.0,73.66,74.53,0.31,HOLD,50
2026-07-29T06:00:00+00:00,SOL,74.08,46.7,73.7,74.48,0.54,HOLD,50
2026-07-29T07:00:00+00:00,SOL,74.19,53.9,73.75,74.44,0.15,HOLD,50
2026-06-17T17:00:00+00:00,SOL,74.22,50.0,73.99,73.99,0.62,HOLD,50
2026-06-17T18:00:00+00:00,SOL,73.5,50.0,73.83,73.83,-0.97,HOLD,50
2026-06-17T19:00:00+00:00,SOL,71.66,50.0,73.28,73.28,-2.5,BEARISH,55
2026-06-17T20:00:00+00:00,SOL,72.2,50.0,73.07,73.07,0.75,HOLD,50
2026-06-17T21:00:00+00:00,SOL,71.62,50.0,72.83,72.83,-0.8,HOLD,50
2026-06-17T22:00:00+00:00,SOL,71.7,50.0,72.67,72.67,0.11,HOLD,50
2026-06-17T23:00:00+00:00,SOL,72.05,50.0,72.59,72.59,0.49,HOLD,50
2026-06-18T00:00:00+00:00,SOL,72.22,50.0,72.55,72.55,0.24,HOLD,50
2026-06-18T01:00:00+00:00,SOL,72.21,50.0,72.51,72.51,-0.01,HOLD,50
2026-06-18T02:00:00+00:00,SOL,72.54,50.0,72.52,72.52,0.46,HOLD,50
2026-06-18T03:00:00+00:00,SOL,71.65,50.0,72.44,72.44,-1.23,BEARISH,55
2026-06-18T04:00:00+00:00,SOL,71.06,50.0,72.34,72.34,-0.82,HOLD,50
2026-06-18T05:00:00+00:00,SOL,71.14,50.0,72.25,72.25,0.11,HOLD,50
2026-06-18T06:00:00+00:00,SOL,71.34,32.3,72.19,72.19,0.28,HOLD,50
2026-06-18T07:00:00+00:00,SOL,71.78,32.1,72.17,72.17,0.62,BULLISH,70
2026-06-18T08:00:00+00:00,SOL,71.85,36.6,72.15,72.15,0.1,HOLD,50
2026-06-18T09:00:00+00:00,SOL,71.85,52.2,72.13,72.13,0.0,HOLD,50
2026-06-18T10:00:00+00:00,SOL,71.39,40.5,72.09,72.09,-0.64,HOLD,50
2026-06-18T11:00:00+00:00,SOL,70.94,41.7,72.03,72.03,-0.63,HOLD,50
2026-06-18T12:00:00+00:00,SOL,71.57,48.6,71.92,72.01,0.89,HOLD,50
2026-06-18T13:00:00+00:00,SOL,71.05,39.7,71.77,71.97,-0.73,HOLD,50
2026-06-18T14:00:00+00:00,SOL,71.08,37.9,71.65,71.93,0.04,HOLD,50
2026-06-18T15:00:00+00:00,SOL,68.44,24.3,71.48,71.78,-3.71,BEARISH,75
2026-06-18T16:00:00+00:00,SOL,69.06,27.2,71.33,71.68,0.91,BULLISH,85
2026-06-18T17:00:00+00:00,SOL,68.64,29.0,71.18,71.56,-0.61,HOLD,50
2026-06-18T18:00:00+00:00,SOL,68.66,31.8,71.03,71.45,0.03,HOLD,50
2026-06-18T19:00:00+00:00,SOL,69.37,37.7,70.89,71.38,1.03,BULLISH,55
2026-06-18T20:00:00+00:00,SOL,69.82,39.8,70.77,71.32,0.65,HOLD,50
2026-06-18T21:00:00+00:00,SOL,69.57,34.8,70.64,71.26,-0.36,HOLD,50
2026-06-18T22:00:00+00:00,SOL,69.52,33.9,70.49,71.21,-0.07,HOLD,50
2026-06-18T23:00:00+00:00,SOL,69.71,35.6,70.39,71.16,0.27,HOLD,50
2026-06-19T00:00:00+00:00,SOL,69.81,38.8,70.33,71.12,0.14,HOLD,50
2026-06-19T01:00:00+00:00,SOL,69.94,42.6,70.27,71.09,0.19,HOLD,50
2026-06-19T02:00:00+00:00,SOL,69.66,35.1,70.19,71.05,-0.4,HOLD,50
2026-06-19T03:00:00+00:00,SOL,69.05,34.6,70.05,70.99,-0.88,HOLD,50
2026-06-19T04:00:00+00:00,SOL,68.33,30.9,69.87,70.92,-1.04,BEARISH,55
2026-06-19T05:00:00+00:00,SOL,68.7,52.6,69.72,70.86,0.54,HOLD,50
2026-06-19T06:00:00+00:00,SOL,68.75,46.4,69.58,70.81,0.07,HOLD,50
2026-06-19T07:00:00+00:00,SOL,68.38,47.0,69.46,70.74,-0.54,HOLD,50
2026-06-19T08:00:00+00:00,SOL,68.68,50.2,69.31,70.69,0.44,HOLD,50
2026-06-19T09:00:00+00:00,SOL,68.33,37.7,69.18,70.64,-0.51,HOLD,50
2026-06-19T10:00:00+00:00,SOL,68.3,30.0,69.04,70.58,-0.04,HOLD,50
2026-06-19T11:00:00+00:00,SOL,68.25,31.7,69.03,70.53,-0.07,HOLD,50
2026-06-19T12:00:00+00:00,SOL,68.62,38.5,69.0,70.49,0.54,HOLD,50
2026-06-19T13:00:00+00:00,SOL,69.28,45.1,69.04,70.46,0.96,HOLD,50
2026-06-19T14:00:00+00:00,SOL,69.15,42.5,69.06,70.43,-0.19,HOLD,50
2026-06-19T15:00:00+00:00,SOL,69.33,43.2,69.06,70.41,0.26,HOLD,50
2026-06-19T16:00:00+00:00,SOL,68.71,40.1,69.0,70.38,-0.89,HOLD,50
2026-06-19T17:00:00+00:00,SOL,69.31,52.7,68.99,70.36,0.87,HOLD,50
2026-06-19T18:00:00+00:00,SOL,69.06,58.4,68.97,70.26,-0.36,HOLD,50
2026-06-19T19:00:00+00:00,SOL,68.97,53.3,68.93,70.16,-0.13,HOLD,50
2026-06-19T20:00:00+00:00,SOL,69.25,55.8,68.9,70.07,0.41,HOLD,50
2026-06-19T21:00:00+00:00,SOL,69.02,57.7,68.86,70.02,-0.33,HOLD,50
2026-06-19T22:00:00+00:00,SOL,69.42,58.7,68.84,69.96,0.58,HOLD,50
2026-06-19T23:00:00+00:00,SOL,69.74,66.7,68.88,69.92,0.46,HOLD,50
2026-06-20T00:00:00+00:00,SOL,69.63,65.5,68.94,69.88,-0.16,HOLD,50
2026-06-20T01:00:00+00:00,SOL,69.8,67.6,69.0,69.84,0.24,HOLD,50
2026-06-20T02:00:00+00:00,SOL,69.65,62.3,69.04,69.79,-0.21,HOLD,50
2026-06-20T03:00:00+00:00,SOL,70.0,59.3,69.13,69.74,0.5,HOLD,50
2026-06-20T04:00:00+00:00,SOL,70.86,68.5,69.23,69.71,1.23,BULLISH,55
2026-06-20T05:00:00+00:00,SOL,71.8,73.0,69.41,69.71,1.33,BULLISH,55
2026-06-20T06:00:00+00:00,SOL,72.12,83.6,69.6,69.73,0.45,HOLD,50
2026-06-20T07:00:00+00:00,SOL,71.6,72.9,69.77,69.74,-0.72,BEARISH,85
2026-06-20T08:00:00+00:00,SOL,71.34,72.8,69.9,69.74,-0.36,BEARISH,70
2026-06-20T09:00:00+00:00,SOL,71.57,75.3,70.02,69.74,0.32,HOLD,50
2026-06-20T10:00:00+00:00,SOL,71.69,74.5,70.14,69.74,0.17,HOLD,50
2026-06-20T11:00:00+00:00,SOL,71.78,78.5,70.27,69.73,0.13,HOLD,50
2026-06-20T12:00:00+00:00,SOL,71.56,73.0,70.41,69.74,-0.31,BEARISH,70
2026-06-20T13:00:00+00:00,SOL,71.19,65.4,70.5,69.74,-0.52,BEARISH,70
2026-06-20T14:00:00+00:00,SOL,71.93,71.5,70.65,69.75,1.04,BULLISH,55
2026-06-20T15:00:00+00:00,SOL,72.02,71.1,70.8,69.77,0.13,HOLD,50
2026-06-20T16:00:00+00:00,SOL,71.67,68.5,70.92,69.78,-0.49,BEARISH,70
2026-06-20T17:00:00+00:00,SOL,71.55,64.8,71.05,69.84,-0.17,HOLD,50
2026-06-20T18:00:00+00:00,SOL,71.75,59.7,71.16,69.9,0.28,HOLD,50
2026-06-20T19:00:00+00:00,SOL,71.86,50.8,71.27,69.96,0.15,HOLD,50
2026-06-20T20:00:00+00:00,SOL,72.01,48.5,71.39,70.03,0.21,HOLD,50
2026-06-20T21:00:00+00:00,SOL,72.41,61.7,71.52,70.09,0.56,HOLD,50
2026-06-20T22:00:00+00:00,SOL,73.56,75.6,71.71,70.16,1.59,BULLISH,55
2026-06-20T23:00:00+00:00,SOL,73.22,68.5,71.87,70.24,-0.46,BEARISH,70
2026-06-21T00:00:00+00:00,SOL,73.2,67.4,71.99,70.31,-0.03,HOLD,50
2026-06-21T01:00:00+00:00,SOL,73.19,66.5,72.06,70.38,-0.01,HOLD,50
2026-06-21T02:00:00+00:00,SOL,73.34,71.2,72.12,70.45,0.2,HOLD,50
2026-06-21T03:00:00+00:00,SOL,73.63,79.6,72.22,70.52,0.4,HOLD,50
2026-06-21T04:00:00+00:00,SOL,73.44,71.1,72.33,70.6,-0.26,HOLD,50
2026-06-21T05:00:00+00:00,SOL,73.09,64.0,72.4,70.68,-0.48,HOLD,50
2026-06-21T06:00:00+00:00,SOL,73.24,71.6,72.48,70.78,0.21,HOLD,50
2026-06-21T07:00:00+00:00,SOL,73.21,73.4,72.55,70.87,-0.04,HOLD,50
2026-06-21T08:00:00+00:00,SOL,73.15,70.6,72.63,70.96,-0.08,HOLD,50
2026-06-21T09:00:00+00:00,SOL,74.05,76.1,72.78,71.07,1.23,BULLISH,55
2026-06-21T10:00:00+00:00,SOL,73.9,72.6,72.87,71.18,-0.2,HOLD,50
2026-06-21T11:00:00+00:00,SOL,73.21,58.9,72.93,71.27,-0.93,HOLD,50
2026-06-21T12:00:00+00:00,SOL,73.65,51.2,73.03,71.38,0.6,HOLD,50
2026-06-21T13:00:00+00:00,SOL,73.91,59.3,73.15,71.49,0.35,HOLD,50
2026-06-21T14:00:00+00:00,SOL,74.11,61.8,73.27,71.6,0.27,HOLD,50
2026-06-21T15:00:00+00:00,SOL,74.14,62.2,73.38,71.7,0.04,HOLD,50
2026-06-21T16:00:00+00:00,SOL,74.34,62.7,73.5,71.8,0.27,HOLD,50
2026-06-21T17:00:00+00:00,SOL,74.24,58.1,73.59,71.9,-0.13,HOLD,50
2026-06-21T18:00:00+00:00,SOL,74.22,60.9,73.62,72.01,-0.03,HOLD,50
2026-06-21T19:00:00+00:00,SOL,74.42,69.4,73.68,72.11,0.27,HOLD,50
2026-06-21T20:00:00+00:00,SOL,73.42,52.1,73.7,72.2,-1.34,BEARISH,55
2026-06-21T21:00:00+00:00,SOL,73.15,49.3,73.69,72.29,-0.37,HOLD,50
2026-06-21T22:00:00+00:00,SOL,73.06,49.0,73.68,72.36,-0.12,HOLD,50
2026-06-21T23:00:00+00:00,SOL,72.46,31.3,73.62,72.43,-0.82,HOLD,50
2026-06-22T00:00:00+00:00,SOL,73.36,44.6,73.62,72.51,1.24,BULLISH,55
2026-06-22T01:00:00+00:00,SOL,74.37,60.9,73.68,72.6,1.38,BULLISH,55
2026-06-22T02:00:00+00:00,SOL,73.83,51.7,73.71,72.69,-0.73,HOLD,50
2026-06-22T03:00:00+00:00,SOL,73.52,46.4,73.73,72.76,-0.42,HOLD,50
2026-06-22T04:00:00+00:00,SOL,73.86,47.8,73.76,72.84,0.46,HOLD,50
2026-06-22T05:00:00+00:00,SOL,73.95,48.3,73.76,72.92,0.12,HOLD,50
2026-06-22T06:00:00+00:00,SOL,73.71,44.5,73.75,72.98,-0.32,HOLD,50
2026-06-22T07:00:00+00:00,SOL,74.1,48.8,73.79,73.03,0.53,HOLD,50
2026-06-22T08:00:00+00:00,SOL,73.9,47.4,73.8,73.06,-0.27,HOLD,50
2026-06-22T09:00:00+00:00,SOL,73.8,44.9,73.8,73.11,-0.14,HOLD,50
2026-06-22T10:00:00+00:00,SOL,73.78,53.5,73.78,73.15,-0.03,HOLD,50
2026-06-22T11:00:00+00:00,SOL,74.17,59.8,73.78,73.21,0.53,HOLD,50
2026-06-22T12:00:00+00:00,SOL,74.41,62.6,73.79,73.26,0.32,HOLD,50
2026-06-22T13:00:00+00:00,SOL,74.98,73.6,73.82,73.32,0.77,HOLD,50
2026-06-22T14:00:00+00:00,SOL,73.44,50.7,73.78,73.36,-2.05,BEARISH,55
2026-06-22T15:00:00+00:00,SOL,73.14,38.3,73.72,73.4,-0.41,HOLD,50
2026-06-22T16:00:00+00:00,SOL,72.95,41.1,73.7,73.42,-0.26,HOLD,50
2026-06-22T17:00:00+00:00,SOL,73.28,47.6,73.7,73.45,0.45,HOLD,50
2026-06-22T18:00:00+00:00,SOL,72.64,38.4,73.68,73.47,-0.87,HOLD,50
2026-06-22T19:00:00+00:00,SOL,72.71,38.1,73.7,73.49,0.1,HOLD,50
2026-06-22T20:00:00+00:00,SOL,72.83,41.4,73.67,73.51,0.17,HOLD,50
2026-06-22T21:00:00+00:00,SOL,72.73,35.8,73.59,73.53,-0.14,HOLD,50
2026-06-22T22:00:00+00:00,SOL,72.11,32.9,73.5,73.53,-0.85,HOLD,50
2026-06-22T23:00:00+00:00,SOL,71.95,32.5,73.42,73.52,-0.22,HOLD,50
2026-06-23T00:00:00+00:00,SOL,71.88,32.2,73.32,73.49,-0.1,HOLD,50
2026-06-23T01:00:00+00:00,SOL,71.72,26.0,73.21,73.46,-0.22,HOLD,50
2026-06-23T02:00:00+00:00,SOL,72.0,26.6,73.13,73.43,0.39,BULLISH,70
2026-06-23T03:00:00+00:00,SOL,72.0,17.5,73.02,73.41,0.0,HOLD,50
2026-06-23T04:00:00+00:00,SOL,71.45,22.3,72.9,73.37,-0.76,HOLD,50
2026-06-23T05:00:00+00:00,SOL,71.02,21.5,72.76,73.32,-0.6,HOLD,50
2026-06-23T06:00:00+00:00,SOL,70.33,19.0,72.59,73.26,-0.97,HOLD,50
2026-06-23T07:00:00+00:00,SOL,70.01,11.2,72.38,73.2,-0.45,HOLD,50
2026-06-23T08:00:00+00:00,SOL,68.7,9.6,72.09,73.11,-1.87,BEARISH,55
2026-06-23T09:00:00+00:00,SOL,68.93,12.5,71.79,73.02,0.33,BULLISH,70
2026-06-23T10:00:00+00:00,SOL,68.82,10.1,71.56,72.93,-0.16,HOLD,50
2026-06-23T11:00:00+00:00,SOL,69.33,18.8,71.37,72.84,0.74,BULLISH,85
2026-06-23T12:00:00+00:00,SOL,68.98,19.7,71.17,72.74,-0.5,HOLD,50
2026-06-23T13:00:00+00:00,SOL,69.2,23.7,70.97,72.66,0.32,BULLISH,70
2026-06-23T14:00:00+00:00,SOL,69.2,24.0,70.8,72.57,0.0,HOLD,50
2026-06-23T15:00:00+00:00,SOL,68.92,23.5,70.61,72.47,-0.4,HOLD,50
2026-06-23T16:00:00+00:00,SOL,68.9,19.1,70.41,72.37,-0.03,HOLD,50
2026-06-23T17:00:00+00:00,SOL,68.78,18.7,70.21,72.26,-0.17,HOLD,50
2026-06-23T18:00:00+00:00,SOL,68.91,23.1,70.05,72.15,0.19,HOLD,50
2026-06-23T19:00:00+00:00,SOL,68.84,25.0,69.9,72.04,-0.1,HOLD,50
2026-06-23T20:00:00+00:00,SOL,69.01,32.8,69.75,71.94,0.25,HOLD,50
2026-06-23T21:00:00+00:00,SOL,69.27,40.2,69.63,71.84,0.38,HOLD,50
2026-06-23T22:00:00+00:00,SOL,69.56,65.6,69.51,71.76,0.42,HOLD,50
2026-06-23T23:00:00+00:00,SOL,69.71,64.6,69.39,71.69,0.22,HOLD,50
2026-06-24T00:00:00+00:00,SOL,69.99,70.5,69.32,71.63,0.4,HOLD,50
2026-06-24T01:00:00+00:00,SOL,70.09,65.6,69.27,71.58,0.14,HOLD,50
2026-06-24T02:00:00+00:00,SOL,69.46,58.8,69.23,71.5,-0.9,HOLD,50
2026-06-24T03:00:00+00:00,SOL,69.56,56.9,69.21,71.41,0.14,HOLD,50
2026-06-24T04:00:00+00:00,SOL,69.58,57.3,69.25,71.32,0.03,HOLD,50
2026-06-24T05:00:00+00:00,SOL,69.95,69.0,69.3,71.25,0.53,HOLD,50
2026-06-24T06:00:00+00:00,SOL,69.75,64.7,69.35,71.17,-0.29,HOLD,50
2026-06-24T07:00:00+00:00,SOL,69.38,59.6,69.35,71.08,-0.53,HOLD,50
2026-06-24T08:00:00+00:00,SOL,69.48,59.2,69.38,70.99,0.14,HOLD,50
2026-06-24T09:00:00+00:00,SOL,69.31,57.3,69.38,70.9,-0.24,HOLD,50
2026-06-24T10:00:00+00:00,SOL,69.05,50.6,69.38,70.8,-0.38,HOLD,50
2026-06-24T11:00:00+00:00,SOL,69.82,57.2,69.42,70.72,1.12,BULLISH,55
2026-06-24T12:00:00+00:00,SOL,69.46,48.7,69.45,70.63,-0.52,HOLD,50
2026-06-24T13:00:00+00:00,SOL,68.88,40.4,69.45,70.53,-0.84,HOLD,50
2026-06-24T14:00:00+00:00,SOL,68.85,36.0,69.45,70.42,-0.04,HOLD,50
2026-06-24T15:00:00+00:00,SOL,67.33,24.8,69.37,70.26,-2.21,BEARISH,75
2026-06-24T16:00:00+00:00,SOL,66.52,24.0,69.25,70.13,-1.2,BEARISH,55
2026-06-24T17:00:00+00:00,SOL,64.98,17.7,69.04,69.96,-2.32,BEARISH,75
2026-06-24T18:00:00+00:00,SOL,66.03,28.2,68.86,69.82,1.62,BULLISH,85
2026-06-24T19:00:00+00:00,SOL,66.13,25.7,68.68,69.68,0.15,HOLD,50
2026-06-24T20:00:00+00:00,SOL,67.68,38.8,68.56,69.58,2.34,BULLISH,55
2026-06-24T21:00:00+00:00,SOL,68.09,43.0,68.46,69.49,0.61,HOLD,50
2026-06-24T22:00:00+00:00,SOL,67.83,41.2,68.38,69.39,-0.38,HOLD,50
2026-06-24T23:00:00+00:00,SOL,68.11,43.7,68.31,69.3,0.41,HOLD,50
2026-06-25T00:00:00+00:00,SOL,67.72,43.1,68.22,69.21,-0.57,HOLD,50
2026-06-25T01:00:00+00:00,SOL,67.89,39.3,68.11,69.13,0.25,HOLD,50
2026-06-25T02:00:00+00:00,SOL,67.74,40.3,68.01,69.05,-0.22,HOLD,50
2026-06-25T03:00:00+00:00,SOL,67.7,42.9,67.93,68.96,-0.06,HOLD,50
2026-06-25T04:00:00+00:00,SOL,68.46,47.8,67.88,68.89,1.12,BULLISH,55
2026-06-25T05:00:00+00:00,SOL,69.04,60.6,67.87,68.83,0.85,HOLD,50
2026-06-25T06:00:00+00:00,SOL,69.47,69.1,67.89,68.79,0.62,HOLD,50
2026-06-25T07:00:00+00:00,SOL,69.45,86.1,67.87,68.76,-0.03,HOLD,50
2026-06-25T08:00:00+00:00,SOL,69.05,77.3,67.85,68.74,-0.58,BEARISH,85
2026-06-25T09:00:00+00:00,SOL,68.83,73.9,67.84,68.71,-0.32,BEARISH,70
2026-06-25T10:00:00+00:00,SOL,68.29,56.6,67.82,68.71,-0.78,HOLD,50
2026-06-25T11:00:00+00:00,SOL,68.18,51.0,67.86,68.69,-0.16,HOLD,50
2026-06-25T12:00:00+00:00,SOL,68.29,55.5,67.95,68.68,0.16,HOLD,50
2026-06-25T13:00:00+00:00,SOL,64.23,25.7,67.91,68.58,-5.95,BEARISH,75
2026-06-25T14:00:00+00:00,SOL,66.36,43.0,67.93,68.53,3.32,BULLISH,55
2026-06-25T15:00:00+00:00,SOL,66.32,41.8,67.94,68.47,-0.06,HOLD,50
2026-06-25T16:00:00+00:00,SOL,65.98,41.0,67.85,68.4,-0.51,HOLD,50
2026-06-25T17:00:00+00:00,SOL,67.13,47.4,67.8,68.37,1.74,BULLISH,55
2026-06-25T18:00:00+00:00,SOL,66.18,39.7,67.72,68.31,-1.42,BEARISH,55
2026-06-25T19:00:00+00:00,SOL,66.2,36.5,67.63,68.26,0.03,HOLD,50
2026-06-25T20:00:00+00:00,SOL,66.27,34.3,67.55,68.21,0.11,HOLD,50
2026-06-25T21:00:00+00:00,SOL,67.28,40.3,67.52,68.18,1.52,BULLISH,55
2026-06-25T22:00:00+00:00,SOL,67.15,41.3,67.49,68.14,-0.19,HOLD,50
2026-06-25T23:00:00+00:00,SOL,67.72,45.1,67.49,68.11,0.85,HOLD,50
2026-06-26T00:00:00+00:00,SOL,67.74,47.4,67.46,68.07,0.03,HOLD,50
2026-06-26T01:00:00+00:00,SOL,67.32,46.1,67.37,68.03,-0.62,HOLD,50
2026-06-26T02:00:00+00:00,SOL,66.2,41.3,67.21,67.95,-1.66,BEARISH,55
2026-06-26T03:00:00+00:00,SOL,68.21,69.9,67.15,67.91,3.04,BULLISH,55
2026-06-26T04:00:00+00:00,SOL,68.06,60.6,67.1,67.88,-0.22,HOLD,50
2026-06-26T05:00:00+00:00,SOL,68.38,62.4,67.07,67.86,0.47,HOLD,50
2026-06-26T06:00:00+00:00,SOL,69.99,71.0,67.16,67.87,2.35,BULLISH,55
2026-06-26T07:00:00+00:00,SOL,70.77,69.8,67.29,67.89,1.11,BULLISH,55
2026-06-26T08:00:00+00:00,SOL,69.94,70.8,67.37,67.89,-1.17,BEARISH,85
2026-06-26T09:00:00+00:00,SOL,69.01,64.1,67.61,67.88,-1.33,BEARISH,55
2026-06-26T10:00:00+00:00,SOL,68.78,62.4,67.73,67.87,-0.33,HOLD,50
2026-06-26T11:00:00+00:00,SOL,68.61,57.2,67.85,67.85,-0.25,HOLD,50
2026-06-26T12:00:00+00:00,SOL,68.87,59.1,67.99,67.85,0.38,HOLD,50
2026-06-26T13:00:00+00:00,SOL,70.71,64.0,68.17,67.87,2.67,BULLISH,75
2026-06-26T14:00:00+00:00,SOL,70.46,62.5,68.38,67.89,-0.35,HOLD,50
2026-06-26T15:00:00+00:00,SOL,72.07,69.6,68.68,67.95,2.28,BULLISH,75
2026-06-26T16:00:00+00:00,SOL,72.48,77.5,68.99,68.02,0.57,HOLD,50
2026-06-26T17:00:00+00:00,SOL,72.56,73.0,69.25,68.13,0.11,HOLD,50
2026-06-26T18:00:00+00:00,SOL,72.6,74.3,69.52,68.25,0.06,HOLD,50
2026-06-26T19:00:00+00:00,SOL,73.01,74.5,69.79,68.41,0.56,HOLD,50
2026-06-26T20:00:00+00:00,SOL,72.17,62.6,70.01,68.53,-1.15,BEARISH,55
2026-06-26T21:00:00+00:00,SOL,71.99,57.5,70.24,68.65,-0.25,HOLD,50
2026-06-26T22:00:00+00:00,SOL,71.83,62.8,70.53,68.73,-0.22,HOLD,50
2026-06-26T23:00:00+00:00,SOL,71.9,72.1,70.71,68.81,0.1,HOLD,50
2026-06-27T00:00:00+00:00,SOL,71.82,73.7,70.9,68.89,-0.11,HOLD,50
2026-06-27T01:00:00+00:00,SOL,71.44,71.4,71.05,68.96,-0.53,BEARISH,85
2026-06-27T02:00:00+00:00,SOL,72.12,73.1,71.16,69.05,0.95,HOLD,50
2026-06-27T03:00:00+00:00,SOL,72.27,64.6,71.23,69.13,0.21,HOLD,50
2026-06-27T04:00:00+00:00,SOL,71.94,63.7,71.33,69.22,-0.46,HOLD,50
2026-06-27T05:00:00+00:00,SOL,71.81,46.7,71.47,69.3,-0.18,HOLD,50
2026-06-27T06:00:00+00:00,SOL,72.13,45.5,71.64,69.37,0.45,HOLD,50
2026-06-27T07:00:00+00:00,SOL,72.31,46.8,71.82,69.44,0.25,HOLD,50
2026-06-27T08:00:00+00:00,SOL,72.03,43.2,71.98,69.49,-0.39,HOLD,50
2026-06-27T09:00:00+00:00,SOL,71.86,35.4,72.04,69.54,-0.24,HOLD,50
2026-06-27T10:00:00+00:00,SOL,72.04,48.0,72.12,69.6,0.25,HOLD,50
2026-06-27T11:00:00+00:00,SOL,71.81,47.3,72.11,69.66,-0.32,HOLD,50
2026-06-27T12:00:00+00:00,SOL,72.17,54.8,72.09,69.73,0.5,HOLD,50
2026-06-27T13:00:00+00:00,SOL,72.36,56.3,72.08,69.82,0.26,HOLD,50
2026-06-27T14:00:00+00:00,SOL,72.7,61.2,72.09,69.91,0.47,HOLD,50
2026-06-27T15:00:00+00:00,SOL,72.84,69.0,72.08,70.08,0.19,HOLD,50
2026-06-27T16:00:00+00:00,SOL,72.64,58.1,72.1,70.2,-0.27,HOLD,50
2026-06-27T17:00:00+00:00,SOL,72.06,47.1,72.1,70.32,-0.8,HOLD,50
2026-06-27T18:00:00+00:00,SOL,71.92,49.7,72.11,70.44,-0.19,HOLD,50
2026-06-27T19:00:00+00:00,SOL,71.11,41.5,72.07,70.52,-1.13,BEARISH,55
2026-06-27T20:00:00+00:00,SOL,71.3,39.6,72.04,70.62,0.27,HOLD,50
2026-06-27T21:00:00+00:00,SOL,70.98,33.9,72.02,70.71,-0.45,HOLD,50
2026-06-27T22:00:00+00:00,SOL,71.09,38.1,71.97,70.81,0.15,HOLD,50
2026-06-27T23:00:00+00:00,SOL,70.5,34.5,71.88,70.88,-0.83,HOLD,50
2026-06-28T00:00:00+00:00,SOL,70.72,35.1,71.82,70.95,0.31,HOLD,50
2026-06-28T01:00:00+00:00,SOL,70.83,38.6,71.77,71.01,0.16,HOLD,50
2026-06-28T02:00:00+00:00,SOL,70.73,32.2,71.7,71.07,-0.14,HOLD,50
2026-06-28T03:00:00+00:00,SOL,70.87,31.3,71.63,71.14,0.2,HOLD,50
2026-06-28T04:00:00+00:00,SOL,70.77,24.3,71.57,71.23,-0.14,HOLD,50
2026-06-28T05:00:00+00:00,SOL,70.52,19.9,71.5,71.28,-0.35,HOLD,50
2026-06-28T06:00:00+00:00,SOL,70.45,20.6,71.42,71.33,-0.1,HOLD,50
2026-06-28T07:00:00+00:00,SOL,71.08,37.0,71.38,71.38,0.89,HOLD,50
2026-06-28T08:00:00+00:00,SOL,71.91,49.9,71.37,71.42,1.17,BULLISH,55
2026-06-28T09:00:00+00:00,SOL,71.54,55.3,71.33,71.43,-0.51,HOLD,50
2026-06-28T10:00:00+00:00,SOL,71.48,52.3,71.27,71.46,-0.08,HOLD,50
2026-06-28T11:00:00+00:00,SOL,71.92,61.7,71.22,71.52,0.62,HOLD,50
2026-06-28T12:00:00+00:00,SOL,71.88,60.0,71.18,71.58,-0.06,HOLD,50
2026-06-28T13:00:00+00:00,SOL,71.74,67.7,71.17,71.65,-0.19,HOLD,50
2026-06-28T14:00:00+00:00,SOL,71.65,63.8,71.15,71.7,-0.13,HOLD,50
2026-06-28T15:00:00+00:00,SOL,72.09,67.0,71.2,71.73,0.61,HOLD,50
2026-06-28T16:00:00+00:00,SOL,71.56,60.0,71.22,71.75,-0.74,HOLD,50
2026-06-28T17:00:00+00:00,SOL,71.55,58.5,71.24,71.74,-0.01,HOLD,50
2026-06-28T18:00:00+00:00,SOL,71.18,54.8,71.25,71.72,-0.52,HOLD,50
2026-06-28T19:00:00+00:00,SOL,70.74,52.5,71.26,71.68,-0.62,HOLD,50
2026-06-28T20:00:00+00:00,SOL,70.92,55.1,71.27,71.65,0.25,HOLD,50
2026-06-28T21:00:00+00:00,SOL,70.46,43.0,71.25,71.59,-0.65,HOLD,50
2026-06-28T22:00:00+00:00,SOL,70.24,28.0,71.23,71.56,-0.31,HOLD,50
2026-06-28T23:00:00+00:00,SOL,71.38,48.2,71.25,71.54,1.62,BULLISH,55
2026-06-29T00:00:00+00:00,SOL,71.66,51.9,71.3,71.54,0.39,HOLD,50
2026-06-29T01:00:00+00:00,SOL,71.49,45.2,71.35,71.53,-0.24,HOLD,50
2026-06-29T02:00:00+00:00,SOL,72.18,52.9,71.43,71.54,0.97,HOLD,50
2026-06-29T03:00:00+00:00,SOL,72.68,58.5,71.51,71.56,0.69,HOLD,50
2026-06-29T04:00:00+00:00,SOL,71.68,50.2,71.5,71.56,-1.38,BEARISH,55
2026-06-29T05:00:00+00:00,SOL,72.32,51.7,71.54,71.56,0.89,HOLD,50
2026-06-29T06:00:00+00:00,SOL,72.39,56.7,71.59,71.57,0.1,HOLD,50
2026-06-29T07:00:00+00:00,SOL,72.72,59.0,71.63,71.58,0.46,HOLD,50
2026-06-29T08:00:00+00:00,SOL,72.73,62.6,71.67,71.6,0.01,HOLD,50
2026-06-29T09:00:00+00:00,SOL,72.94,68.6,71.73,71.61,0.29,HOLD,50
2026-06-29T10:00:00+00:00,SOL,73.25,69.3,71.81,71.63,0.43,HOLD,50
2026-06-29T11:00:00+00:00,SOL,72.52,66.3,71.83,71.65,-1.0,BEARISH,70
2026-06-29T12:00:00+00:00,SOL,73.52,73.2,71.93,71.68,1.38,BULLISH,55
2026-06-29T13:00:00+00:00,SOL,73.74,69.2,72.04,71.71,0.3,HOLD,50
2026-06-29T14:00:00+00:00,SOL,73.73,67.6,72.16,71.75,-0.01,HOLD,50
2026-06-29T15:00:00+00:00,SOL,73.92,70.6,72.32,71.78,0.26,HOLD,50
2026-06-29T16:00:00+00:00,SOL,74.03,67.4,72.48,71.8,0.15,HOLD,50
2026-06-29T17:00:00+00:00,SOL,75.31,71.5,72.72,71.85,1.73,BULLISH,55
2026-06-29T18:00:00+00:00,SOL,75.59,86.3,72.99,71.91,0.37,HOLD,50
2026-06-29T19:00:00+00:00,SOL,75.98,85.6,73.22,71.99,0.52,HOLD,50
2026-06-29T20:00:00+00:00,SOL,75.37,76.2,73.4,72.06,-0.8,BEARISH,85
2026-06-29T21:00:00+00:00,SOL,75.53,75.5,73.61,72.15,0.21,HOLD,50
2026-06-29T22:00:00+00:00,SOL,75.27,72.0,73.76,72.23,-0.34,BEARISH,70
2026-06-29T23:00:00+00:00,SOL,75.16,69.6,73.88,72.31,-0.15,HOLD,50
2026-06-30T00:00:00+00:00,SOL,74.42,59.6,74.02,72.38,-0.98,HOLD,50
2026-06-30T01:00:00+00:00,SOL,74.41,67.6,74.13,72.45,-0.01,HOLD,50
2026-06-30T02:00:00+00:00,SOL,74.59,61.8,74.24,72.53,0.24,HOLD,50
2026-06-30T03:00:00+00:00,SOL,74.19,54.8,74.31,72.6,-0.54,HOLD,50
2026-06-30T04:00:00+00:00,SOL,74.02,53.0,74.37,72.67,-0.23,HOLD,50
2026-06-30T05:00:00+00:00,SOL,74.23,53.2,74.44,72.73,0.28,HOLD,50
2026-06-30T06:00:00+00:00,SOL,74.17,51.4,74.48,72.8,-0.08,HOLD,50
2026-06-30T07:00:00+00:00,SOL,74.16,34.0,74.57,72.87,-0.01,HOLD,50
2026-06-30T08:00:00+00:00,SOL,73.64,24.5,74.57,72.94,-0.7,HOLD,50
2026-06-30T09:00:00+00:00,SOL,73.8,19.7,74.58,72.99,0.22,HOLD,50
2026-06-30T10:00:00+00:00,SOL,73.69,22.9,74.57,73.03,-0.15,HOLD,50
2026-06-30T11:00:00+00:00,SOL,73.4,17.0,74.55,73.06,-0.39,HOLD,50
2026-06-30T12:00:00+00:00,SOL,72.08,12.8,74.45,73.08,-1.8,BEARISH,55
2026-06-30T13:00:00+00:00,SOL,72.88,27.1,74.33,73.1,1.11,BULLISH,85
2026-06-30T14:00:00+00:00,SOL,72.95,32.9,74.2,73.12,0.1,HOLD,50
2026-06-30T15:00:00+00:00,SOL,73.13,35.7,74.05,73.14,0.25,HOLD,50
2026-06-30T16:00:00+00:00,SOL,73.52,38.6,73.96,73.18,0.53,HOLD,50
2026-06-30T17:00:00+00:00,SOL,73.18,39.1,73.84,73.2,-0.46,HOLD,50
2026-06-30T18:00:00+00:00,SOL,73.6,45.7,73.76,73.24,0.57,HOLD,50
2026-06-30T19:00:00+00:00,SOL,73.75,45.0,73.69,73.29,0.2,HOLD,50
2026-06-30T20:00:00+00:00,SOL,73.69,45.0,73.65,73.34,-0.08,HOLD,50
2026-06-30T21:00:00+00:00,SOL,73.49,43.3,73.61,73.39,-0.27,HOLD,50
2026-06-30T22:00:00+00:00,SOL,73.43,47.7,73.55,73.44,-0.08,HOLD,50
2026-06-30T23:00:00+00:00,SOL,73.67,48.6,73.52,73.51,0.33,HOLD,50
2026-07-01T00:00:00+00:00,SOL,73.65,49.6,73.51,73.58,-0.03,HOLD,50
2026-07-01T01:00:00+00:00,SOL,73.95,56.0,73.49,73.63,0.41,HOLD,50
2026-07-01T02:00:00+00:00,SOL,74.78,83.3,73.52,73.69,1.12,BULLISH,55
2026-07-01T03:00:00+00:00,SOL,75.48,82.8,73.59,73.77,0.94,HOLD,50
2026-07-01T04:00:00+00:00,SOL,75.57,82.9,73.68,73.84,0.12,HOLD,50
2026-07-01T05:00:00+00:00,SOL,75.25,75.7,73.76,73.89,-0.42,BEARISH,70
2026-07-01T06:00:00+00:00,SOL,74.31,58.5,73.79,73.94,-1.25,BEARISH,55
2026-07-01T07:00:00+00:00,SOL,74.87,67.3,73.86,73.99,0.75,HOLD,50
2026-07-01T08:00:00+00:00,SOL,75.44,68.3,74.03,74.05,0.76,HOLD,50
2026-07-01T09:00:00+00:00,SOL,75.45,67.3,74.16,74.11,0.01,HOLD,50
2026-07-01T10:00:00+00:00,SOL,74.99,62.3,74.26,74.15,-0.61,HOLD,50
2026-07-01T11:00:00+00:00,SOL,74.84,62.9,74.35,74.19,-0.2,HOLD,50
2026-07-01T12:00:00+00:00,SOL,74.62,61.0,74.4,74.22,-0.29,HOLD,50
2026-07-01T13:00:00+00:00,SOL,76.04,68.0,74.54,74.29,1.9,BULLISH,55
2026-07-01T14:00:00+00:00,SOL,76.97,72.1,74.71,74.36,1.22,BULLISH,55
2026-07-01T15:00:00+00:00,SOL,77.43,72.7,74.9,74.43,0.6,HOLD,50
2026-07-01T16:00:00+00:00,SOL,77.17,66.9,75.07,74.5,-0.34,BEARISH,70
2026-07-01T17:00:00+00:00,SOL,77.77,66.4,75.28,74.58,0.78,HOLD,50
2026-07-01T18:00:00+00:00,SOL,77.42,62.8,75.48,74.65,-0.45,HOLD,50
2026-07-01T19:00:00+00:00,SOL,77.0,61.9,75.65,74.68,-0.54,HOLD,50
2026-07-01T20:00:00+00:00,SOL,77.42,72.8,75.84,74.72,0.55,HOLD,50
2026-07-01T21:00:00+00:00,SOL,78.42,74.4,76.06,74.77,1.29,BULLISH,55
2026-07-01T22:00:00+00:00,SOL,77.87,66.8,76.22,74.82,-0.7,BEARISH,70
2026-07-01T23:00:00+00:00,SOL,77.46,63.1,76.32,74.85,-0.53,HOLD,50
2026-07-02T00:00:00+00:00,SOL,77.26,65.4,76.4,74.89,-0.26,HOLD,50
2026-07-02T01:00:00+00:00,SOL,78.2,70.5,76.55,74.95,1.22,BULLISH,55
2026-07-02T02:00:00+00:00,SOL,78.44,73.3,76.75,75.03,0.31,HOLD,50
2026-07-02T03:00:00+00:00,SOL,78.72,69.0,76.95,75.12,0.36,HOLD,50
2026-07-02T04:00:00+00:00,SOL,78.29,60.1,77.09,75.19,-0.55,HOLD,50
2026-07-02T05:00:00+00:00,SOL,78.11,55.4,77.22,75.27,-0.23,HOLD,50
2026-07-02T06:00:00+00:00,SOL,77.9,55.9,77.37,75.35,-0.27,HOLD,50
2026-07-02T07:00:00+00:00,SOL,77.99,51.9,77.53,75.43,0.12,HOLD,50
2026-07-02T08:00:00+00:00,SOL,78.48,59.0,77.72,75.51,0.63,HOLD,50
2026-07-02T09:00:00+00:00,SOL,79.5,69.3,77.89,75.62,1.3,BULLISH,55
2026-07-02T10:00:00+00:00,SOL,82.09,77.1,78.15,75.79,3.26,BULLISH,75
2026-07-02T11:00:00+00:00,SOL,82.38,75.0,78.39,75.96,0.35,HOLD,50
2026-07-02T12:00:00+00:00,SOL,81.41,71.2,78.61,76.11,-1.18,BEARISH,85
2026-07-02T13:00:00+00:00,SOL,81.51,75.2,78.79,76.28,0.12,HOLD,50
2026-07-02T14:00:00+00:00,SOL,80.54,68.6,78.95,76.45,-1.19,BEARISH,70
2026-07-02T15:00:00+00:00,SOL,80.86,66.3,79.14,76.61,0.4,HOLD,50
2026-07-02T16:00:00+00:00,SOL,80.56,62.9,79.3,76.76,-0.37,HOLD,50
2026-07-02T17:00:00+00:00,SOL,80.63,61.9,79.41,76.91,0.09,HOLD,50
2026-07-02T18:00:00+00:00,SOL,81.04,67.2,79.57,77.06,0.51,HOLD,50
2026-07-02T19:00:00+00:00,SOL,80.83,66.9,79.74,77.21,-0.26,HOLD,50
2026-07-02T20:00:00+00:00,SOL,81.03,69.5,79.93,77.36,0.25,HOLD,50
2026-07-02T21:00:00+00:00,SOL,80.8,67.2,80.06,77.5,-0.28,HOLD,50
2026-07-02T22:00:00+00:00,SOL,80.66,63.9,80.17,77.64,-0.17,HOLD,50
2026-07-02T23:00:00+00:00,SOL,80.73,59.0,80.27,77.78,0.09,HOLD,50
2026-07-03T00:00:00+00:00,SOL,80.75,34.4,80.39,77.93,0.02,HOLD,50
2026-07-03T01:00:00+00:00,SOL,81.48,40.5,80.56,78.09,0.9,HOLD,50
2026-07-03T02:00:00+00:00,SOL,80.82,43.3,80.7,78.23,-0.81,HOLD,50
2026-07-03T03:00:00+00:00,SOL,80.73,41.2,80.84,78.37,-0.11,HOLD,50
2026-07-03T04:00:00+00:00,SOL,80.51,49.6,80.94,78.48,-0.27,HOLD,50
2026-07-03T05:00:00+00:00,SOL,81.15,53.6,81.03,78.59,0.79,HOLD,50
2026-07-03T06:00:00+00:00,SOL,80.96,55.2,80.97,78.7,-0.23,HOLD,50
2026-07-03T07:00:00+00:00,SOL,81.22,57.2,80.91,78.82,0.32,HOLD,50
2026-07-03T08:00:00+00:00,SOL,80.92,48.5,80.89,78.95,-0.37,HOLD,50
2026-07-03T09:00:00+00:00,SOL,81.02,52.5,80.86,79.08,0.12,HOLD,50
2026-07-03T10:00:00+00:00,SOL,81.54,56.1,80.91,79.2,0.64,HOLD,50
2026-07-03T11:00:00+00:00,SOL,81.58,59.8,80.95,79.32,0.05,HOLD,50
2026-07-03T12:00:00+00:00,SOL,81.53,61.2,81.0,79.45,-0.06,HOLD,50
2026-07-03T13:00:00+00:00,SOL,81.61,61.3,81.05,79.59,0.1,HOLD,50
2026-07-03T14:00:00+00:00,SOL,81.69,61.9,81.08,79.73,0.1,HOLD,50
2026-07-03T15:00:00+00:00,SOL,81.21,46.4,81.1,79.83,-0.59,HOLD,50
2026-07-03T16:00:00+00:00,SOL,81.54,60.7,81.12,79.92,0.41,HOLD,50
2026-07-03T17:00:00+00:00,SOL,81.78,64.9,81.17,80.01,0.29,HOLD,50
2026-07-03T18:00:00+00:00,SOL,82.12,72.1,81.24,80.11,0.42,HOLD,50
2026-07-03T19:00:00+00:00,SOL,82.48,69.7,81.33,80.2,0.44,HOLD,50
2026-07-03T20:00:00+00:00,SOL,82.72,75.7,81.43,80.31,0.29,HOLD,50
2026-07-03T21:00:00+00:00,SOL,82.66,72.4,81.49,80.42,-0.07,HOLD,50
2026-07-03T22:00:00+00:00,SOL,82.34,71.9,81.57,80.52,-0.39,BEARISH,70
2026-07-03T23:00:00+00:00,SOL,82.34,71.0,81.65,80.6,0.0,HOLD,50
2026-07-04T00:00:00+00:00,SOL,82.39,65.9,81.74,80.69,0.06,HOLD,50
2026-07-04T01:00:00+00:00,SOL,81.95,56.0,81.78,80.78,-0.53,HOLD,50
2026-07-04T02:00:00+00:00,SOL,82.18,60.0,81.84,80.88,0.28,HOLD,50
2026-07-04T03:00:00+00:00,SOL,82.74,65.1,81.92,80.97,0.68,HOLD,50
2026-07-04T04:00:00+00:00,SOL,83.48,70.4,82.05,81.07,0.89,HOLD,50
2026-07-04T05:00:00+00:00,SOL,83.38,77.1,82.16,81.16,-0.12,HOLD,50
2026-07-04T06:00:00+00:00,SOL,82.55,61.2,82.21,81.25,-1.0,HOLD,50
2026-07-04T07:00:00+00:00,SOL,82.72,60.6,82.27,81.34,0.21,HOLD,50
2026-07-04T08:00:00+00:00,SOL,82.32,52.2,82.31,81.43,-0.48,HOLD,50
2026-07-04T09:00:00+00:00,SOL,81.74,42.2,82.32,81.5,-0.7,HOLD,50
2026-07-04T10:00:00+00:00,SOL,81.65,38.3,82.31,81.57,-0.11,HOLD,50
2026-07-04T11:00:00+00:00,SOL,81.82,41.0,82.34,81.61,0.21,HOLD,50
2026-07-04T12:00:00+00:00,SOL,81.59,41.8,82.35,81.6,-0.28,HOLD,50
2026-07-04T13:00:00+00:00,SOL,81.66,42.7,82.34,81.59,0.09,HOLD,50
2026-07-04T14:00:00+00:00,SOL,81.8,43.8,82.33,81.6,0.17,HOLD,50
2026-07-04T15:00:00+00:00,SOL,82.23,53.0,82.31,81.61,0.53,HOLD,50
2026-07-04T16:00:00+00:00,SOL,82.22,50.4,82.29,81.65,-0.01,HOLD,50
2026-07-04T17:00:00+00:00,SOL,82.52,47.4,82.28,81.68,0.36,HOLD,50
2026-07-04T18:00:00+00:00,SOL,82.27,34.0,82.28,81.71,-0.3,HOLD,50
2026-07-04T19:00:00+00:00,SOL,81.88,31.5,82.25,81.74,-0.47,HOLD,50
2026-07-04T20:00:00+00:00,SOL,81.98,41.4,82.23,81.76,0.12,HOLD,50
2026-07-04T21:00:00+00:00,SOL,82.0,38.7,82.24,81.78,0.02,HOLD,50
2026-07-04T22:00:00+00:00,SOL,81.94,43.3,82.22,81.8,-0.07,HOLD,50
2026-07-04T23:00:00+00:00,SOL,81.8,51.3,82.18,81.82,-0.17,HOLD,50
2026-07-05T00:00:00+00:00,SOL,81.3,43.8,82.07,81.83,-0.61,HOLD,50
2026-07-05T01:00:00+00:00,SOL,80.84,34.2,81.94,81.83,-0.57,HOLD,50
2026-07-05T02:00:00+00:00,SOL,80.36,31.6,81.83,81.83,-0.59,HOLD,50
2026-07-05T03:00:00+00:00,SOL,80.56,34.2,81.72,81.81,0.25,HOLD,50
2026-07-05T04:00:00+00:00,SOL,80.6,32.2,81.64,81.8,0.05,HOLD,50
2026-07-05T05:00:00+00:00,SOL,80.48,21.5,81.57,81.8,-0.15,HOLD,50
2026-07-05T06:00:00+00:00,SOL,80.6,24.5,81.52,81.8,0.15,HOLD,50
2026-07-05T07:00:00+00:00,SOL,80.72,20.0,81.47,81.79,0.15,HOLD,50
2026-07-05T08:00:00+00:00,SOL,80.5,20.2,81.41,81.78,-0.27,HOLD,50
2026-07-05T09:00:00+00:00,SOL,79.9,18.9,81.32,81.76,-0.75,HOLD,50
2026-07-05T10:00:00+00:00,SOL,80.44,28.7,81.26,81.75,0.68,BULLISH,85
2026-07-05T11:00:00+00:00,SOL,80.57,30.8,81.17,81.74,0.16,HOLD,50
2026-07-05T12:00:00+00:00,SOL,80.76,34.7,81.1,81.72,0.24,HOLD,50
2026-07-05T13:00:00+00:00,SOL,81.25,43.5,81.04,81.71,0.61,HOLD,50
2026-07-05T14:00:00+00:00,SOL,81.46,52.0,81.0,81.71,0.26,HOLD,50
2026-07-05T15:00:00+00:00,SOL,81.36,57.3,80.97,81.71,-0.12,HOLD,50
2026-07-05T16:00:00+00:00,SOL,81.1,61.1,80.93,81.7,-0.32,HOLD,50
2026-07-05T17:00:00+00:00,SOL,81.14,59.1,80.88,81.69,0.05,HOLD,50
2026-07-05T18:00:00+00:00,SOL,81.01,56.3,80.84,81.68,-0.16,HOLD,50
2026-07-05T19:00:00+00:00,SOL,81.04,58.8,80.8,81.67,0.04,HOLD,50
2026-07-05T20:00:00+00:00,SOL,81.07,57.6,80.79,81.65,0.04,HOLD,50
2026-07-05T21:00:00+00:00,SOL,81.8,64.6,80.84,81.63,0.9,HOLD,50
2026-07-05T22:00:00+00:00,SOL,81.82,68.9,80.91,81.62,0.02,HOLD,50
2026-07-05T23:00:00+00:00,SOL,81.59,77.0,80.96,81.6,-0.28,HOLD,50
2026-07-06T00:00:00+00:00,SOL,82.2,77.5,81.04,81.59,0.75,HOLD,50
2026-07-06T01:00:00+00:00,SOL,81.55,63.2,81.09,81.58,-0.79,HOLD,50
2026-07-06T02:00:00+00:00,SOL,81.01,53.1,81.11,81.55,-0.66,HOLD,50
2026-07-06T03:00:00+00:00,SOL,80.8,44.1,81.12,81.53,-0.26,HOLD,50
2026-07-06T04:00:00+00:00,SOL,80.82,41.1,81.13,81.5,0.02,HOLD,50
2026-07-06T05:00:00+00:00,SOL,80.42,37.9,81.16,81.45,-0.49,HOLD,50
2026-07-06T06:00:00+00:00,SOL,80.35,39.9,81.16,81.39,-0.09,HOLD,50
2026-07-06T07:00:00+00:00,SOL,80.82,46.1,81.17,81.34,0.58,HOLD,50
2026-07-06T08:00:00+00:00,SOL,80.49,44.0,81.15,81.3,-0.41,HOLD,50
2026-07-06T09:00:00+00:00,SOL,80.08,39.8,81.1,81.24,-0.51,HOLD,50
2026-07-06T10:00:00+00:00,SOL,80.67,46.2,81.06,81.21,0.74,HOLD,50
2026-07-06T11:00:00+00:00,SOL,80.39,35.4,81.01,81.18,-0.35,HOLD,50
2026-07-06T12:00:00+00:00,SOL,79.46,29.4,80.93,81.14,-1.16,BEARISH,55
2026-07-06T13:00:00+00:00,SOL,80.16,38.5,80.88,81.11,0.88,HOLD,50
2026-07-06T14:00:00+00:00,SOL,80.29,33.3,80.84,81.08,0.16,HOLD,50
2026-07-06T15:00:00+00:00,SOL,81.5,49.6,80.86,81.08,1.51,BULLISH,55
2026-07-06T16:00:00+00:00,SOL,82.1,58.6,80.92,81.08,0.74,HOLD,50
2026-07-06T17:00:00+00:00,SOL,81.65,56.4,80.91,81.07,-0.55,HOLD,50
2026-07-06T18:00:00+00:00,SOL,81.99,58.5,80.92,81.07,0.42,HOLD,50
2026-07-06T19:00:00+00:00,SOL,82.07,62.5,80.94,81.06,0.1,HOLD,50
2026-07-06T20:00:00+00:00,SOL,82.1,63.4,80.94,81.06,0.04,HOLD,50
2026-07-06T21:00:00+00:00,SOL,82.82,64.7,81.0,81.07,0.88,HOLD,50
2026-07-06T22:00:00+00:00,SOL,82.32,63.1,81.06,81.08,-0.6,HOLD,50
2026-07-06T23:00:00+00:00,SOL,81.94,63.4,81.12,81.08,-0.46,HOLD,50
2026-07-07T00:00:00+00:00,SOL,82.36,62.5,81.2,81.09,0.51,HOLD,50
2026-07-07T01:00:00+00:00,SOL,81.9,60.9,81.27,81.09,-0.56,HOLD,50
2026-07-07T02:00:00+00:00,SOL,81.35,64.4,81.32,81.09,-0.67,HOLD,50
2026-07-07T03:00:00+00:00,SOL,81.05,57.2,81.33,81.1,-0.37,HOLD,50
2026-07-07T04:00:00+00:00,SOL,80.92,55.1,81.36,81.11,-0.16,HOLD,50
2026-07-07T05:00:00+00:00,SOL,81.11,46.2,81.41,81.12,0.23,HOLD,50
2026-07-07T06:00:00+00:00,SOL,81.54,44.4,81.45,81.14,0.53,HOLD,50
2026-07-07T07:00:00+00:00,SOL,81.5,48.4,81.51,81.16,-0.05,HOLD,50
2026-07-07T08:00:00+00:00,SOL,81.28,42.0,81.6,81.17,-0.27,HOLD,50
2026-07-07T09:00:00+00:00,SOL,81.31,41.4,81.65,81.18,0.04,HOLD,50
2026-07-07T10:00:00+00:00,SOL,80.99,38.2,81.69,81.19,-0.39,HOLD,50
2026-07-07T11:00:00+00:00,SOL,81.32,32.6,81.68,81.22,0.41,BULLISH,70
2026-07-07T12:00:00+00:00,SOL,81.45,38.9,81.65,81.24,0.16,HOLD,50
2026-07-07T13:00:00+00:00,SOL,80.84,36.8,81.61,81.25,-0.75,HOLD,50
2026-07-07T14:00:00+00:00,SOL,81.81,44.2,81.6,81.27,1.2,BULLISH,55
2026-07-07T15:00:00+00:00,SOL,82.11,52.3,81.6,81.28,0.37,HOLD,50
2026-07-07T16:00:00+00:00,SOL,82.22,60.6,81.61,81.3,0.13,HOLD,50
2026-07-07T17:00:00+00:00,SOL,82.72,69.4,81.6,81.33,0.61,HOLD,50
2026-07-07T18:00:00+00:00,SOL,81.3,53.4,81.55,81.33,-1.72,BEARISH,55
2026-07-07T19:00:00+00:00,SOL,81.37,52.4,81.52,81.34,0.09,HOLD,50
2026-07-07T20:00:00+00:00,SOL,81.17,46.5,81.46,81.34,-0.25,HOLD,50
2026-07-07T21:00:00+00:00,SOL,80.84,44.0,81.41,81.33,-0.41,HOLD,50
2026-07-07T22:00:00+00:00,SOL,80.88,46.3,81.39,81.33,0.05,HOLD,50
2026-07-07T23:00:00+00:00,SOL,80.58,43.5,81.36,81.31,-0.37,HOLD,50
2026-07-08T00:00:00+00:00,SOL,80.37,44.4,81.34,81.28,-0.26,HOLD,50
2026-07-08T01:00:00+00:00,SOL,79.1,32.8,81.23,81.23,-1.58,BEARISH,55
2026-07-08T02:00:00+00:00,SOL,79.06,31.2,81.11,81.17,-0.05,HOLD,50
2026-07-08T03:00:00+00:00,SOL,78.73,32.7,80.97,81.11,-0.42,HOLD,50
2026-07-08T04:00:00+00:00,SOL,78.64,19.6,80.84,81.06,-0.11,HOLD,50
2026-07-08T05:00:00+00:00,SOL,78.42,14.0,80.7,81.01,-0.28,HOLD,50
2026-07-08T06:00:00+00:00,SOL,78.23,11.7,80.56,80.96,-0.24,HOLD,50
2026-07-08T07:00:00+00:00,SOL,78.28,3.4,80.41,80.92,0.06,HOLD,50
2026-07-08T08:00:00+00:00,SOL,77.25,3.7,80.2,80.86,-1.32,BEARISH,55
2026-07-08T09:00:00+00:00,SOL,77.19,2.1,80.01,80.78,-0.08,HOLD,50
2026-07-08T10:00:00+00:00,SOL,77.33,5.3,79.79,80.72,0.18,HOLD,50
2026-07-08T11:00:00+00:00,SOL,77.56,11.0,79.56,80.67,0.3,HOLD,50
2026-07-08T12:00:00+00:00,SOL,77.03,9.0,79.3,80.6,-0.68,HOLD,50
2026-07-08T13:00:00+00:00,SOL,77.31,15.0,79.03,80.54,0.36,BULLISH,70
2026-07-08T14:00:00+00:00,SOL,77.11,15.0,78.82,80.49,-0.26,HOLD,50
2026-07-08T15:00:00+00:00,SOL,76.75,18.7,78.59,80.42,-0.47,HOLD,50
2026-07-08T16:00:00+00:00,SOL,77.29,29.2,78.4,80.36,0.7,BULLISH,85
2026-07-08T17:00:00+00:00,SOL,77.13,30.4,78.21,80.27,-0.21,HOLD,50
2026-07-08T18:00:00+00:00,SOL,77.14,31.3,78.02,80.17,0.01,HOLD,50
2026-07-08T19:00:00+00:00,SOL,77.42,37.7,77.87,80.09,0.36,HOLD,50
2026-07-08T20:00:00+00:00,SOL,77.17,37.1,77.71,79.99,-0.32,HOLD,50
2026-07-08T21:00:00+00:00,SOL,77.26,37.7,77.62,79.9,0.12,HOLD,50
2026-07-08T22:00:00+00:00,SOL,77.55,54.4,77.54,79.81,0.38,HOLD,50
2026-07-08T23:00:00+00:00,SOL,77.83,58.8,77.49,79.71,0.36,HOLD,50
2026-07-09T00:00:00+00:00,SOL,77.71,55.2,77.45,79.61,-0.15,HOLD,50
2026-07-09T01:00:00+00:00,SOL,77.35,47.2,77.39,79.52,-0.46,HOLD,50
2026-07-09T02:00:00+00:00,SOL,77.07,50.6,77.34,79.42,-0.36,HOLD,50
2026-07-09T03:00:00+00:00,SOL,77.38,51.0,77.29,79.33,0.4,HOLD,50
2026-07-09T04:00:00+00:00,SOL,77.99,61.2,77.33,79.26,0.79,HOLD,50
2026-07-09T05:00:00+00:00,SOL,78.4,70.7,77.39,79.21,0.53,HOLD,50
2026-07-09T06:00:00+00:00,SOL,78.49,66.9,77.45,79.16,0.11,HOLD,50
2026-07-09T07:00:00+00:00,SOL,78.21,64.8,77.48,79.1,-0.36,HOLD,50
2026-07-09T08:00:00+00:00,SOL,78.11,62.9,77.53,79.03,-0.13,HOLD,50
2026-07-09T09:00:00+00:00,SOL,78.14,60.3,77.58,78.96,0.04,HOLD,50
2026-07-09T10:00:00+00:00,SOL,77.68,56.9,77.6,78.89,-0.59,HOLD,50
2026-07-09T11:00:00+00:00,SOL,77.61,54.7,77.65,78.82,-0.09,HOLD,50
2026-07-09T12:00:00+00:00,SOL,77.64,51.3,77.66,78.75,0.04,HOLD,50
2026-07-09T13:00:00+00:00,SOL,78.22,55.2,77.72,78.69,0.75,HOLD,50
2026-07-09T14:00:00+00:00,SOL,77.88,52.2,77.76,78.62,-0.43,HOLD,50
2026-07-09T15:00:00+00:00,SOL,77.63,53.6,77.77,78.55,-0.32,HOLD,50
2026-07-09T16:00:00+00:00,SOL,77.69,58.6,77.79,78.47,0.08,HOLD,50
2026-07-09T17:00:00+00:00,SOL,78.06,59.2,77.83,78.39,0.48,HOLD,50
2026-07-09T18:00:00+00:00,SOL,78.19,53.1,77.86,78.31,0.17,HOLD,50
2026-07-09T19:00:00+00:00,SOL,78.15,45.6,77.88,78.22,-0.05,HOLD,50
2026-07-09T20:00:00+00:00,SOL,78.15,43.8,77.9,78.15,0.0,HOLD,50
2026-07-09T21:00:00+00:00,SOL,78.04,46.7,77.94,78.09,-0.14,HOLD,50
2026-07-09T22:00:00+00:00,SOL,78.11,50.0,77.99,78.03,0.09,HOLD,50
2026-07-09T23:00:00+00:00,SOL,78.04,48.1,78.02,77.97,-0.09,HOLD,50
2026-07-10T00:00:00+00:00,SOL,78.12,60.0,78.03,77.92,0.1,HOLD,50
2026-07-10T01:00:00+00:00,SOL,79.05,73.5,78.06,77.89,1.19,BULLISH,55
2026-07-10T02:00:00+00:00,SOL,79.05,73.3,78.09,77.86,0.0,HOLD,50
2026-07-10T03:00:00+00:00,SOL,79.07,67.2,78.13,77.86,0.03,HOLD,50
2026-07-10T04:00:00+00:00,SOL,78.97,74.4,78.17,77.86,-0.13,HOLD,50
2026-07-10T05:00:00+00:00,SOL,79.18,85.4,78.23,77.87,0.27,HOLD,50
2026-07-10T06:00:00+00:00,SOL,78.92,75.7,78.29,77.87,-0.33,BEARISH,70
2026-07-10T07:00:00+00:00,SOL,78.87,69.6,78.35,77.88,-0.06,HOLD,50
2026-07-10T08:00:00+00:00,SOL,79.2,72.2,78.43,77.9,0.42,HOLD,50
2026-07-10T09:00:00+00:00,SOL,79.22,73.8,78.48,77.92,0.03,HOLD,50
2026-07-10T10:00:00+00:00,SOL,79.39,75.6,78.56,77.96,0.21,HOLD,50
2026-07-10T11:00:00+00:00,SOL,79.36,78.2,78.64,78.0,-0.04,HOLD,50
2026-07-10T12:00:00+00:00,SOL,78.92,64.9,78.7,78.04,-0.55,HOLD,50
2026-07-10T13:00:00+00:00,SOL,78.99,67.5,78.75,78.06,0.09,HOLD,50
2026-07-10T14:00:00+00:00,SOL,77.91,47.2,78.74,78.08,-1.37,BEARISH,55
2026-07-10T15:00:00+00:00,SOL,78.14,34.9,78.74,78.1,0.3,HOLD,50
2026-07-10T16:00:00+00:00,SOL,78.14,34.9,78.73,78.12,0.0,HOLD,50
2026-07-10T17:00:00+00:00,SOL,77.59,29.1,78.71,78.14,-0.7,HOLD,50
2026-07-10T18:00:00+00:00,SOL,77.53,29.4,78.68,78.14,-0.08,HOLD,50
2026-07-10T19:00:00+00:00,SOL,77.89,32.3,78.68,78.16,0.46,BULLISH,70
2026-07-10T20:00:00+00:00,SOL,77.76,33.5,78.66,78.17,-0.17,HOLD,50
2026-07-10T21:00:00+00:00,SOL,78.0,38.3,78.61,78.18,0.31,HOLD,50
2026-07-10T22:00:00+00:00,SOL,78.17,35.5,78.56,78.2,0.22,HOLD,50
2026-07-10T23:00:00+00:00,SOL,78.13,34.7,78.51,78.22,-0.05,HOLD,50
2026-07-11T00:00:00+00:00,SOL,77.85,29.1,78.46,78.22,-0.36,HOLD,50
2026-07-11T01:00:00+00:00,SOL,77.54,27.0,78.38,78.22,-0.4,HOLD,50
2026-07-11T02:00:00+00:00,SOL,77.78,34.8,78.32,78.22,0.31,BULLISH,70
2026-07-11T03:00:00+00:00,SOL,77.79,33.8,78.27,78.23,0.01,HOLD,50
2026-07-11T04:00:00+00:00,SOL,77.74,46.8,78.19,78.24,-0.06,HOLD,50
2026-07-11T05:00:00+00:00,SOL,77.9,45.4,78.13,78.25,0.21,HOLD,50
2026-07-11T06:00:00+00:00,SOL,78.06,48.6,78.06,78.25,0.21,HOLD,50
2026-07-11T07:00:00+00:00,SOL,78.0,59.0,77.99,78.25,-0.08,HOLD,50
2026-07-11T08:00:00+00:00,SOL,78.17,63.4,77.95,78.24,0.22,HOLD,50
2026-07-11T09:00:00+00:00,SOL,77.84,48.9,77.9,78.23,-0.42,HOLD,50
2026-07-11T10:00:00+00:00,SOL,78.05,56.0,77.9,78.23,0.27,HOLD,50
2026-07-11T11:00:00+00:00,SOL,78.13,52.9,77.9,78.23,0.1,HOLD,50
2026-07-11T12:00:00+00:00,SOL,78.08,47.9,77.9,78.24,-0.06,HOLD,50
2026-07-11T13:00:00+00:00,SOL,78.18,51.1,77.93,78.25,0.13,HOLD,50
2026-07-11T14:00:00+00:00,SOL,78.5,64.4,77.98,78.27,0.41,HOLD,50
2026-07-11T15:00:00+00:00,SOL,78.38,70.4,78.0,78.27,-0.15,HOLD,50
2026-07-11T16:00:00+00:00,SOL,77.94,53.5,78.01,78.27,-0.56,HOLD,50
2026-07-11T17:00:00+00:00,SOL,78.09,56.2,78.02,78.28,0.19,HOLD,50
2026-07-11T18:00:00+00:00,SOL,78.08,57.2,78.01,78.29,-0.01,HOLD,50
2026-07-11T19:00:00+00:00,SOL,78.15,55.5,78.01,78.29,0.09,HOLD,50
2026-07-11T20:00:00+00:00,SOL,78.17,52.6,78.03,78.29,0.03,HOLD,50
2026-07-11T21:00:00+00:00,SOL,78.23,55.4,78.06,78.29,0.08,HOLD,50
2026-07-11T22:00:00+00:00,SOL,77.89,43.9,78.07,78.29,-0.43,HOLD,50
2026-07-11T23:00:00+00:00,SOL,76.79,32.9,78.02,78.26,-1.41,BEARISH,55
2026-07-12T00:00:00+00:00,SOL,76.11,22.6,77.94,78.22,-0.89,HOLD,50
2026-07-12T01:00:00+00:00,SOL,76.84,34.6,77.88,78.2,0.96,BULLISH,70
2026-07-12T02:00:00+00:00,SOL,76.86,35.3,77.82,78.17,0.03,HOLD,50
2026-07-12T03:00:00+00:00,SOL,77.04,36.6,77.78,78.13,0.23,HOLD,50
2026-07-12T04:00:00+00:00,SOL,76.71,28.9,77.7,78.08,-0.43,HOLD,50
2026-07-12T05:00:00+00:00,SOL,76.44,28.0,77.63,78.03,-0.35,HOLD,50
2026-07-12T06:00:00+00:00,SOL,76.37,30.5,77.55,77.98,-0.09,HOLD,50
2026-07-12T07:00:00+00:00,SOL,76.51,30.3,77.47,77.93,0.18,HOLD,50
2026-07-12T08:00:00+00:00,SOL,76.7,33.6,77.4,77.88,0.25,HOLD,50
2026-07-12T09:00:00+00:00,SOL,76.75,33.3,77.33,77.84,0.07,HOLD,50
2026-07-12T10:00:00+00:00,SOL,76.71,32.6,77.24,77.79,-0.05,HOLD,50
2026-07-12T11:00:00+00:00,SOL,76.95,35.4,77.17,77.74,0.31,HOLD,50
2026-07-12T12:00:00+00:00,SOL,77.19,41.8,77.13,77.7,0.31,HOLD,50
2026-07-12T13:00:00+00:00,SOL,77.15,55.6,77.08,77.66,-0.05,HOLD,50
2026-07-12T14:00:00+00:00,SOL,77.55,74.5,77.06,77.63,0.52,HOLD,50
2026-07-12T15:00:00+00:00,SOL,77.46,63.5,77.02,77.6,-0.12,HOLD,50
2026-07-12T16:00:00+00:00,SOL,77.54,64.4,76.99,77.59,0.1,HOLD,50
2026-07-12T17:00:00+00:00,SOL,77.35,56.5,76.95,77.58,-0.25,HOLD,50
2026-07-12T18:00:00+00:00,SOL,77.57,69.0,76.93,77.56,0.28,HOLD,50
2026-07-12T19:00:00+00:00,SOL,77.68,79.5,76.97,77.57,0.14,HOLD,50
2026-07-12T20:00:00+00:00,SOL,77.46,74.2,77.04,77.56,-0.28,HOLD,50
2026-07-12T21:00:00+00:00,SOL,77.1,61.9,77.05,77.55,-0.46,HOLD,50
2026-07-12T22:00:00+00:00,SOL,76.77,51.3,77.05,77.53,-0.43,HOLD,50
2026-07-12T23:00:00+00:00,SOL,76.92,53.1,77.04,77.51,0.2,HOLD,50
2026-07-13T00:00:00+00:00,SOL,77.52,62.4,77.08,77.49,0.78,HOLD,50
2026-07-13T01:00:00+00:00,SOL,76.32,42.6,77.08,77.46,-1.55,BEARISH,55
2026-07-13T02:00:00+00:00,SOL,76.48,41.4,77.08,77.43,0.21,HOLD,50
2026-07-13T03:00:00+00:00,SOL,75.86,36.4,77.05,77.4,-0.81,HOLD,50
2026-07-13T04:00:00+00:00,SOL,75.92,31.4,77.01,77.36,0.08,HOLD,50
2026-07-13T05:00:00+00:00,SOL,76.4,38.9,77.0,77.33,0.63,HOLD,50
2026-07-13T06:00:00+00:00,SOL,76.34,37.4,76.98,77.3,-0.08,HOLD,50
2026-07-13T07:00:00+00:00,SOL,76.44,40.3,76.95,77.27,0.13,HOLD,50
2026-07-13T08:00:00+00:00,SOL,76.73,41.1,76.93,77.25,0.38,HOLD,50
2026-07-13T09:00:00+00:00,SOL,76.62,38.8,76.9,77.22,-0.14,HOLD,50
2026-07-13T10:00:00+00:00,SOL,76.29,37.9,76.84,77.18,-0.43,HOLD,50
2026-07-13T11:00:00+00:00,SOL,76.34,41.6,76.78,77.15,0.07,HOLD,50
2026-07-13T12:00:00+00:00,SOL,75.85,40.2,76.7,77.11,-0.64,HOLD,50
2026-07-13T13:00:00+00:00,SOL,75.4,34.8,76.6,77.05,-0.59,HOLD,50
2026-07-13T14:00:00+00:00,SOL,76.16,36.8,76.53,77.02,1.01,BULLISH,55
2026-07-13T15:00:00+00:00,SOL,75.81,44.1,76.44,76.97,-0.46,HOLD,50
2026-07-13T16:00:00+00:00,SOL,75.3,37.3,76.33,76.9,-0.67,HOLD,50
2026-07-13T17:00:00+00:00,SOL,74.59,36.6,76.2,76.83,-0.94,HOLD,50
2026-07-13T18:00:00+00:00,SOL,74.86,39.3,76.11,76.77,0.36,HOLD,50
2026-07-13T19:00:00+00:00,SOL,75.2,37.6,76.02,76.71,0.45,HOLD,50
2026-07-13T20:00:00+00:00,SOL,74.8,35.1,75.89,76.64,-0.53,HOLD,50
2026-07-13T21:00:00+00:00,SOL,74.42,31.4,75.79,76.57,-0.51,HOLD,50
2026-07-13T22:00:00+00:00,SOL,74.52,29.0,75.69,76.5,0.13,HOLD,50
2026-07-13T23:00:00+00:00,SOL,75.01,35.7,75.65,76.43,0.66,HOLD,50
2026-07-14T00:00:00+00:00,SOL,75.45,42.7,75.63,76.38,0.59,HOLD,50
2026-07-14T01:00:00+00:00,SOL,75.3,41.1,75.57,76.35,-0.2,HOLD,50
2026-07-14T02:00:00+00:00,SOL,75.08,43.1,75.51,76.33,-0.29,HOLD,50
2026-07-14T03:00:00+00:00,SOL,75.15,47.6,75.44,76.3,0.09,HOLD,50
2026-07-14T04:00:00+00:00,SOL,75.15,38.6,75.37,76.26,0.0,HOLD,50
2026-07-14T05:00:00+00:00,SOL,75.42,45.5,75.31,76.23,0.36,HOLD,50
2026-07-14T06:00:00+00:00,SOL,75.16,48.3,75.25,76.2,-0.34,HOLD,50
2026-07-14T07:00:00+00:00,SOL,74.97,55.3,75.18,76.17,-0.25,HOLD,50
2026-07-14T08:00:00+00:00,SOL,75.16,54.3,75.15,76.15,0.25,HOLD,50
2026-07-14T09:00:00+00:00,SOL,75.08,48.1,75.13,76.12,-0.11,HOLD,50
2026-07-14T10:00:00+00:00,SOL,75.47,60.4,75.1,76.09,0.52,HOLD,50
2026-07-14T11:00:00+00:00,SOL,75.4,66.8,75.07,76.07,-0.09,HOLD,50
2026-07-14T12:00:00+00:00,SOL,76.86,77.3,75.15,76.07,1.94,BULLISH,55
2026-07-14T13:00:00+00:00,SOL,76.94,74.9,75.27,76.07,0.1,HOLD,50
2026-07-14T14:00:00+00:00,SOL,77.35,74.7,75.39,76.07,0.53,HOLD,50
2026-07-14T15:00:00+00:00,SOL,77.38,78.0,75.5,76.08,0.04,HOLD,50
2026-07-14T16:00:00+00:00,SOL,77.28,80.6,75.63,76.07,-0.13,HOLD,50
2026-07-14T17:00:00+00:00,SOL,77.18,78.0,75.77,76.07,-0.13,HOLD,50
2026-07-14T18:00:00+00:00,SOL,77.29,78.6,75.9,76.06,0.14,HOLD,50
2026-07-14T19:00:00+00:00,SOL,77.17,74.4,76.01,76.06,-0.16,HOLD,50
2026-07-14T20:00:00+00:00,SOL,77.18,80.2,76.1,76.05,0.01,HOLD,50
2026-07-14T21:00:00+00:00,SOL,77.21,85.2,76.19,76.04,0.04,HOLD,50
2026-07-14T22:00:00+00:00,SOL,77.62,86.2,76.32,76.04,0.53,HOLD,50
2026-07-14T23:00:00+00:00,SOL,77.87,89.1,76.46,76.06,0.32,HOLD,50
2026-07-15T00:00:00+00:00,SOL,77.66,82.3,76.58,76.08,-0.27,HOLD,50
2026-07-15T01:00:00+00:00,SOL,77.44,78.8,76.68,76.09,-0.28,HOLD,50
2026-07-15T02:00:00+00:00,SOL,77.29,59.6,76.79,76.08,-0.19,HOLD,50
2026-07-15T03:00:00+00:00,SOL,77.78,65.9,76.93,76.11,0.63,HOLD,50
2026-07-15T04:00:00+00:00,SOL,78.02,63.6,77.07,76.14,0.31,HOLD,50
2026-07-15T05:00:00+00:00,SOL,78.26,66.4,77.23,76.19,0.31,HOLD,50
2026-07-15T06:00:00+00:00,SOL,77.94,61.4,77.36,76.23,-0.41,HOLD,50
2026-07-15T07:00:00+00:00,SOL,77.42,53.6,77.46,76.25,-0.67,HOLD,50
2026-07-15T08:00:00+00:00,SOL,77.58,54.3,77.49,76.28,0.21,HOLD,50
2026-07-15T09:00:00+00:00,SOL,77.49,54.8,77.52,76.3,-0.12,HOLD,50
2026-07-15T10:00:00+00:00,SOL,77.37,52.8,77.52,76.31,-0.15,HOLD,50
2026-07-15T11:00:00+00:00,SOL,77.52,54.3,77.53,76.33,0.19,HOLD,50
2026-07-15T12:00:00+00:00,SOL,78.28,58.4,77.58,76.37,0.98,HOLD,50
2026-07-15T13:00:00+00:00,SOL,78.11,53.1,77.62,76.4,-0.22,HOLD,50
2026-07-15T14:00:00+00:00,SOL,78.22,57.5,77.67,76.45,0.14,HOLD,50
2026-07-15T15:00:00+00:00,SOL,78.07,58.6,77.72,76.5,-0.19,HOLD,50
2026-07-15T16:00:00+00:00,SOL,77.63,54.3,77.74,76.53,-0.56,HOLD,50
2026-07-15T17:00:00+00:00,SOL,77.82,50.5,77.77,76.57,0.24,HOLD,50
2026-07-15T18:00:00+00:00,SOL,77.58,44.0,77.77,76.62,-0.31,HOLD,50
2026-07-15T19:00:00+00:00,SOL,77.18,35.9,77.73,76.67,-0.52,HOLD,50
2026-07-15T20:00:00+00:00,SOL,77.38,42.4,77.72,76.72,0.26,HOLD,50
2026-07-15T21:00:00+00:00,SOL,77.41,49.8,77.72,76.77,0.04,HOLD,50
2026-07-15T22:00:00+00:00,SOL,77.48,48.4,77.73,76.82,0.09,HOLD,50
2026-07-15T23:00:00+00:00,SOL,77.29,46.9,77.7,76.88,-0.25,HOLD,50
2026-07-16T00:00:00+00:00,SOL,76.95,43.9,77.65,76.93,-0.44,HOLD,50
2026-07-16T01:00:00+00:00,SOL,77.09,43.7,77.59,76.97,0.18,HOLD,50
2026-07-16T02:00:00+00:00,SOL,77.13,28.8,77.55,77.0,0.05,HOLD,50
2026-07-16T03:00:00+00:00,SOL,76.95,28.7,77.53,77.03,-0.23,HOLD,50
2026-07-16T04:00:00+00:00,SOL,76.81,24.4,77.49,77.07,-0.18,HOLD,50
2026-07-16T05:00:00+00:00,SOL,77.48,41.0,77.49,77.12,0.87,HOLD,50
2026-07-16T06:00:00+00:00,SOL,77.35,45.3,77.49,77.16,-0.17,HOLD,50
2026-07-16T07:00:00+00:00,SOL,76.41,31.0,77.43,77.18,-1.22,BEARISH,55
2026-07-16T08:00:00+00:00,SOL,76.16,30.9,77.33,77.2,-0.33,HOLD,50
2026-07-16T09:00:00+00:00,SOL,76.02,33.2,77.22,77.22,-0.18,HOLD,50
2026-07-16T10:00:00+00:00,SOL,76.21,33.0,77.12,77.24,0.25,HOLD,50
2026-07-16T11:00:00+00:00,SOL,76.28,33.8,77.03,77.27,0.09,HOLD,50
2026-07-16T12:00:00+00:00,SOL,75.93,29.4,76.95,77.27,-0.46,HOLD,50
2026-07-16T13:00:00+00:00,SOL,76.36,38.4,76.87,77.29,0.57,HOLD,50
2026-07-16T14:00:00+00:00,SOL,76.49,43.9,76.82,77.29,0.17,HOLD,50
2026-07-16T15:00:00+00:00,SOL,76.63,43.9,76.79,77.28,0.18,HOLD,50
2026-07-16T16:00:00+00:00,SOL,76.27,39.6,76.73,77.26,-0.47,HOLD,50
2026-07-16T17:00:00+00:00,SOL,75.61,35.4,76.64,77.22,-0.87,HOLD,50
2026-07-16T18:00:00+00:00,SOL,75.74,38.3,76.56,77.19,0.17,HOLD,50
2026-07-16T19:00:00+00:00,SOL,75.81,29.1,76.48,77.16,0.09,HOLD,50
2026-07-16T20:00:00+00:00,SOL,75.8,30.0,76.43,77.13,-0.01,HOLD,50
2026-07-16T21:00:00+00:00,SOL,75.94,42.3,76.37,77.11,0.18,HOLD,50
2026-07-16T22:00:00+00:00,SOL,75.32,37.8,76.28,77.07,-0.82,HOLD,50
2026-07-16T23:00:00+00:00,SOL,75.32,39.4,76.2,77.04,0.0,HOLD,50
2026-07-17T00:00:00+00:00,SOL,75.55,40.1,76.13,76.99,0.31,HOLD,50
2026-07-17T01:00:00+00:00,SOL,75.1,34.1,76.01,76.94,-0.6,HOLD,50
2026-07-17T02:00:00+00:00,SOL,75.0,36.6,75.9,76.89,-0.13,HOLD,50
2026-07-17T03:00:00+00:00,SOL,75.23,32.7,75.84,76.84,0.31,BULLISH,70
2026-07-17T04:00:00+00:00,SOL,75.24,30.2,75.79,76.8,0.01,HOLD,50
2026-07-17T05:00:00+00:00,SOL,74.4,21.0,75.71,76.73,-1.12,BEARISH,55
2026-07-17T06:00:00+00:00,SOL,74.6,27.4,75.63,76.66,0.27,HOLD,50
2026-07-17T07:00:00+00:00,SOL,74.61,33.6,75.55,76.59,0.01,HOLD,50
2026-07-17T08:00:00+00:00,SOL,74.53,29.8,75.48,76.52,-0.11,HOLD,50
2026-07-17T09:00:00+00:00,SOL,74.65,30.9,75.39,76.47,0.16,HOLD,50
2026-07-17T10:00:00+00:00,SOL,74.8,34.3,75.31,76.41,0.2,HOLD,50
2026-07-17T11:00:00+00:00,SOL,74.86,32.6,75.22,76.36,0.08,HOLD,50
2026-07-17T12:00:00+00:00,SOL,74.4,34.4,75.13,76.3,-0.61,HOLD,50
2026-07-17T13:00:00+00:00,SOL,74.33,33.6,75.06,76.24,-0.09,HOLD,50
2026-07-17T14:00:00+00:00,SOL,74.32,28.0,74.99,76.16,-0.01,HOLD,50
2026-07-17T15:00:00+00:00,SOL,74.77,44.1,74.94,76.09,0.61,HOLD,50
2026-07-17T16:00:00+00:00,SOL,74.94,49.0,74.9,76.02,0.23,HOLD,50
2026-07-17T17:00:00+00:00,SOL,75.24,50.2,74.86,75.97,0.4,HOLD,50
2026-07-17T18:00:00+00:00,SOL,75.32,51.3,74.86,75.92,0.11,HOLD,50
2026-07-17T19:00:00+00:00,SOL,75.2,67.5,74.85,75.87,-0.16,HOLD,50
2026-07-17T20:00:00+00:00,SOL,75.11,61.8,74.83,75.82,-0.12,HOLD,50
2026-07-17T21:00:00+00:00,SOL,75.01,58.8,74.83,75.78,-0.13,HOLD,50
2026-07-17T22:00:00+00:00,SOL,75.02,61.2,74.83,75.73,0.01,HOLD,50
2026-07-17T23:00:00+00:00,SOL,75.04,59.3,74.82,75.68,0.03,HOLD,50
2026-07-18T00:00:00+00:00,SOL,75.09,57.3,74.81,75.63,0.07,HOLD,50
2026-07-18T01:00:00+00:00,SOL,75.23,58.9,74.85,75.59,0.19,HOLD,50
2026-07-18T02:00:00+00:00,SOL,75.21,74.8,74.88,75.56,-0.03,HOLD,50
2026-07-18T03:00:00+00:00,SOL,75.38,80.3,74.92,75.52,0.23,HOLD,50
2026-07-18T04:00:00+00:00,SOL,75.1,69.5,74.95,75.48,-0.37,BEARISH,70
2026-07-18T05:00:00+00:00,SOL,74.92,54.3,74.96,75.44,-0.24,HOLD,50
2026-07-18T06:00:00+00:00,SOL,74.98,51.2,74.97,75.41,0.08,HOLD,50
2026-07-18T07:00:00+00:00,SOL,74.97,39.8,74.98,75.36,-0.01,HOLD,50
2026-07-18T08:00:00+00:00,SOL,74.96,35.7,75.01,75.31,-0.01,HOLD,50
2026-07-18T09:00:00+00:00,SOL,74.85,36.0,75.03,75.28,-0.15,HOLD,50
2026-07-18T10:00:00+00:00,SOL,74.91,41.8,75.06,75.25,0.08,HOLD,50
2026-07-18T11:00:00+00:00,SOL,74.97,48.3,75.07,75.23,0.08,HOLD,50
2026-07-18T12:00:00+00:00,SOL,75.01,49.6,75.08,75.21,0.05,HOLD,50
2026-07-18T13:00:00+00:00,SOL,74.73,39.5,75.05,75.18,-0.37,HOLD,50
2026-07-18T14:00:00+00:00,SOL,74.98,46.7,75.03,75.16,0.33,HOLD,50
2026-07-18T15:00:00+00:00,SOL,74.97,41.6,75.02,75.13,-0.01,HOLD,50
2026-07-18T16:00:00+00:00,SOL,75.17,48.8,75.03,75.1,0.27,HOLD,50
2026-07-18T17:00:00+00:00,SOL,75.35,49.1,75.04,75.08,0.24,HOLD,50
2026-07-18T18:00:00+00:00,SOL,75.29,56.3,75.06,75.06,-0.08,HOLD,50
2026-07-18T19:00:00+00:00,SOL,75.44,67.6,75.08,75.05,0.2,HOLD,50
2026-07-18T20:00:00+00:00,SOL,75.47,66.9,75.09,75.05,0.04,HOLD,50
2026-07-18T21:00:00+00:00,SOL,75.49,67.8,75.11,75.04,0.03,HOLD,50
2026-07-18T22:00:00+00:00,SOL,75.57,69.9,75.13,75.04,0.11,HOLD,50
2026-07-18T23:00:00+00:00,SOL,75.52,72.8,75.13,75.03,-0.07,HOLD,50
2026-07-19T00:00:00+00:00,SOL,75.63,73.7,75.16,75.04,0.15,HOLD,50
2026-07-19T01:00:00+00:00,SOL,75.68,73.5,75.2,75.04,0.07,HOLD,50
2026-07-19T02:00:00+00:00,SOL,76.21,80.0,75.26,75.06,0.7,HOLD,50
2026-07-19T03:00:00+00:00,SOL,75.96,81.2,75.31,75.07,-0.33,BEARISH,70
2026-07-19T04:00:00+00:00,SOL,76.0,79.0,75.36,75.09,0.05,HOLD,50
2026-07-19T05:00:00+00:00,SOL,75.97,78.1,75.42,75.11,-0.04,HOLD,50
2026-07-19T06:00:00+00:00,SOL,76.11,77.3,75.48,75.13,0.18,HOLD,50
2026-07-19T07:00:00+00:00,SOL,76.14,75.2,75.53,75.16,0.04,HOLD,50
2026-07-19T08:00:00+00:00,SOL,76.28,80.0,75.6,75.19,0.18,HOLD,50
2026-07-19T09:00:00+00:00,SOL,75.99,65.4,75.66,75.22,-0.38,BEARISH,70
2026-07-19T10:00:00+00:00,SOL,76.26,69.5,75.72,75.26,0.36,HOLD,50
2026-07-19T11:00:00+00:00,SOL,76.06,62.9,75.78,75.28,-0.26,HOLD,50
2026-07-19T12:00:00+00:00,SOL,76.01,60.1,75.82,75.31,-0.07,HOLD,50
2026-07-19T13:00:00+00:00,SOL,76.12,63.4,75.86,75.33,0.14,HOLD,50
2026-07-19T14:00:00+00:00,SOL,76.43,66.4,75.92,75.37,0.41,HOLD,50
2026-07-19T15:00:00+00:00,SOL,76.21,60.2,75.96,75.41,-0.29,HOLD,50
2026-07-19T16:00:00+00:00,SOL,75.92,43.9,75.98,75.44,-0.38,HOLD,50
2026-07-19T17:00:00+00:00,SOL,75.97,50.2,76.0,75.47,0.07,HOLD,50
2026-07-19T18:00:00+00:00,SOL,75.75,44.7,76.01,75.48,-0.29,HOLD,50
2026-07-19T19:00:00+00:00,SOL,75.88,48.2,76.03,75.5,0.17,HOLD,50
2026-07-19T20:00:00+00:00,SOL,76.14,50.6,76.05,75.51,0.34,HOLD,50
2026-07-19T21:00:00+00:00,SOL,75.78,43.8,76.06,75.52,-0.47,HOLD,50
2026-07-19T22:00:00+00:00,SOL,76.1,47.1,76.05,75.54,0.42,HOLD,50
2026-07-19T23:00:00+00:00,SOL,76.38,56.4,76.08,75.57,0.37,HOLD,50
2026-07-20T00:00:00+00:00,SOL,76.57,55.2,76.1,75.6,0.25,HOLD,50
2026-07-20T01:00:00+00:00,SOL,76.39,55.6,76.12,75.63,-0.24,HOLD,50
2026-07-20T02:00:00+00:00,SOL,76.98,63.8,76.17,75.67,0.77,HOLD,50
2026-07-20T03:00:00+00:00,SOL,76.76,58.8,76.2,75.7,-0.29,HOLD,50
2026-07-20T04:00:00+00:00,SOL,76.46,50.4,76.21,75.72,-0.39,HOLD,50
2026-07-20T05:00:00+00:00,SOL,75.92,46.3,76.2,75.73,-0.71,HOLD,50
2026-07-20T06:00:00+00:00,SOL,75.64,46.4,76.17,75.75,-0.37,HOLD,50
2026-07-20T07:00:00+00:00,SOL,76.22,52.8,76.18,75.77,0.77,HOLD,50
2026-07-20T08:00:00+00:00,SOL,76.15,54.7,76.19,75.79,-0.09,HOLD,50
2026-07-20T09:00:00+00:00,SOL,76.47,56.6,76.21,75.82,0.42,HOLD,50
2026-07-20T10:00:00+00:00,SOL,76.34,52.3,76.2,75.85,-0.17,HOLD,50
2026-07-20T11:00:00+00:00,SOL,77.14,64.2,76.25,75.9,1.05,BULLISH,55
2026-07-20T12:00:00+00:00,SOL,76.75,56.7,76.29,75.93,-0.51,HOLD,50
2026-07-20T13:00:00+00:00,SOL,76.29,49.1,76.31,75.96,-0.6,HOLD,50
2026-07-20T14:00:00+00:00,SOL,76.15,45.8,76.33,75.98,-0.18,HOLD,50
2026-07-20T15:00:00+00:00,SOL,77.76,60.7,76.42,76.04,2.11,BULLISH,75
2026-07-20T16:00:00+00:00,SOL,77.66,55.7,76.5,76.1,-0.13,HOLD,50
2026-07-20T17:00:00+00:00,SOL,77.74,58.4,76.59,76.15,0.1,HOLD,50
2026-07-20T18:00:00+00:00,SOL,77.67,60.9,76.67,76.2,-0.09,HOLD,50
2026-07-20T19:00:00+00:00,SOL,77.63,66.9,76.73,76.25,-0.05,HOLD,50
2026-07-20T20:00:00+00:00,SOL,77.88,72.2,76.8,76.3,0.32,HOLD,50
2026-07-20T21:00:00+00:00,SOL,77.74,66.5,76.87,76.35,-0.18,HOLD,50
2026-07-20T22:00:00+00:00,SOL,77.44,63.4,76.89,76.39,-0.39,HOLD,50
2026-07-20T23:00:00+00:00,SOL,77.85,64.0,76.94,76.43,0.53,HOLD,50
2026-07-21T00:00:00+00:00,SOL,78.12,67.6,77.03,76.48,0.35,HOLD,50
2026-07-21T01:00:00+00:00,SOL,77.84,57.7,77.12,76.53,-0.36,HOLD,50
2026-07-21T02:00:00+00:00,SOL,78.02,64.7,77.24,76.58,0.23,HOLD,50
2026-07-21T03:00:00+00:00,SOL,78.19,73.5,77.34,76.63,0.22,HOLD,50
2026-07-21T04:00:00+00:00,SOL,78.13,75.0,77.44,76.67,-0.08,HOLD,50
2026-07-21T05:00:00+00:00,SOL,78.45,62.9,77.54,76.72,0.41,HOLD,50
2026-07-21T06:00:00+00:00,SOL,78.67,68.1,77.66,76.77,0.28,HOLD,50
2026-07-21T07:00:00+00:00,SOL,78.56,64.5,77.73,76.82,-0.14,HOLD,50
2026-07-21T08:00:00+00:00,SOL,78.36,61.7,77.81,76.87,-0.25,HOLD,50
2026-07-21T09:00:00+00:00,SOL,78.43,63.4,77.91,76.91,0.09,HOLD,50
2026-07-21T10:00:00+00:00,SOL,78.22,55.8,78.02,76.95,-0.27,HOLD,50
2026-07-21T11:00:00+00:00,SOL,78.36,60.5,78.05,77.0,0.18,HOLD,50
2026-07-21T12:00:00+00:00,SOL,78.52,69.3,78.09,77.04,0.2,HOLD,50
2026-07-21T13:00:00+00:00,SOL,78.58,64.9,78.13,77.09,0.08,HOLD,50
2026-07-21T14:00:00+00:00,SOL,78.0,47.8,78.15,77.13,-0.74,HOLD,50
2026-07-21T15:00:00+00:00,SOL,78.14,55.7,78.17,77.17,0.18,HOLD,50
2026-07-21T16:00:00+00:00,SOL,78.19,53.4,78.19,77.21,0.06,HOLD,50
2026-07-21T17:00:00+00:00,SOL,77.72,41.6,78.19,77.24,-0.6,HOLD,50
2026-07-21T18:00:00+00:00,SOL,77.85,45.1,78.21,77.28,0.17,HOLD,50
2026-07-21T19:00:00+00:00,SOL,77.87,38.7,78.21,77.32,0.03,HOLD,50
2026-07-21T20:00:00+00:00,SOL,77.91,34.0,78.2,77.36,0.05,HOLD,50
2026-07-21T21:00:00+00:00,SOL,78.05,39.4,78.21,77.4,0.18,HOLD,50
2026-07-21T22:00:00+00:00,SOL,78.0,42.0,78.21,77.44,-0.06,HOLD,50
2026-07-21T23:00:00+00:00,SOL,78.12,43.3,78.21,77.49,0.15,HOLD,50
2026-07-22T00:00:00+00:00,SOL,78.46,54.9,78.22,77.53,0.44,HOLD,50
2026-07-22T01:00:00+00:00,SOL,78.34,49.6,78.22,77.57,-0.15,HOLD,50
2026-07-22T02:00:00+00:00,SOL,78.13,42.1,78.19,77.61,-0.27,HOLD,50
2026-07-22T03:00:00+00:00,SOL,77.87,36.7,78.16,77.63,-0.33,HOLD,50
2026-07-22T04:00:00+00:00,SOL,78.06,51.3,78.14,77.66,0.24,HOLD,50
2026-07-22T05:00:00+00:00,SOL,77.43,37.2,78.09,77.67,-0.81,HOLD,50
2026-07-22T06:00:00+00:00,SOL,77.29,34.3,78.04,77.69,-0.18,HOLD,50
2026-07-22T07:00:00+00:00,SOL,77.1,38.0,77.98,77.71,-0.25,HOLD,50
2026-07-22T08:00:00+00:00,SOL,77.43,42.4,77.93,77.75,0.43,HOLD,50
2026-07-22T09:00:00+00:00,SOL,77.55,44.4,77.88,77.77,0.15,HOLD,50
2026-07-22T10:00:00+00:00,SOL,77.68,46.1,77.86,77.8,0.17,HOLD,50
2026-07-22T11:00:00+00:00,SOL,77.56,41.7,77.83,77.82,-0.15,HOLD,50
2026-07-22T12:00:00+00:00,SOL,77.24,38.2,77.78,77.84,-0.41,HOLD,50
2026-07-22T13:00:00+00:00,SOL,77.87,46.6,77.79,77.86,0.82,HOLD,50
2026-07-22T14:00:00+00:00,SOL,77.9,41.8,77.79,77.88,0.04,HOLD,50
2026-07-22T15:00:00+00:00,SOL,78.47,51.7,77.82,77.92,0.73,HOLD,50
2026-07-22T16:00:00+00:00,SOL,78.58,56.0,77.86,77.97,0.14,HOLD,50
2026-07-22T17:00:00+00:00,SOL,78.21,54.4,77.86,77.98,-0.47,HOLD,50
2026-07-22T18:00:00+00:00,SOL,77.74,46.2,77.85,77.98,-0.6,HOLD,50
2026-07-22T19:00:00+00:00,SOL,77.66,53.2,77.83,77.98,-0.1,HOLD,50
2026-07-22T20:00:00+00:00,SOL,77.8,57.1,77.8,77.98,0.18,HOLD,50
2026-07-22T21:00:00+00:00,SOL,78.02,62.6,77.78,77.99,0.28,HOLD,50
2026-07-22T22:00:00+00:00,SOL,78.01,58.7,77.77,77.99,-0.01,HOLD,50
2026-07-22T23:00:00+00:00,SOL,77.97,56.5,77.78,78.0,-0.05,HOLD,50
2026-07-23T00:00:00+00:00,SOL,78.27,58.7,77.79,78.02,0.38,HOLD,50
2026-07-23T01:00:00+00:00,SOL,77.9,54.6,77.81,78.02,-0.47,HOLD,50
2026-07-23T02:00:00+00:00,SOL,77.76,57.5,77.84,78.01,-0.18,HOLD,50
2026-07-23T03:00:00+00:00,SOL,77.6,45.5,77.86,78.0,-0.21,HOLD,50
2026-07-23T04:00:00+00:00,SOL,77.53,43.9,77.87,77.99,-0.09,HOLD,50
2026-07-23T05:00:00+00:00,SOL,77.53,31.0,77.86,77.98,0.0,HOLD,50
2026-07-23T06:00:00+00:00,SOL,77.57,29.0,77.86,77.97,0.05,HOLD,50
2026-07-23T07:00:00+00:00,SOL,77.16,28.6,77.84,77.94,-0.53,HOLD,50
2026-07-23T08:00:00+00:00,SOL,77.47,44.1,77.85,77.92,0.4,HOLD,50
2026-07-23T09:00:00+00:00,SOL,77.49,46.2,77.83,77.9,0.03,HOLD,50
2026-07-23T10:00:00+00:00,SOL,77.74,48.7,77.82,77.89,0.32,HOLD,50
2026-07-23T11:00:00+00:00,SOL,77.67,42.0,77.78,77.87,-0.09,HOLD,50
2026-07-23T12:00:00+00:00,SOL,76.94,31.6,77.7,77.85,-0.94,HOLD,50
2026-07-23T13:00:00+00:00,SOL,76.7,29.6,77.63,77.81,-0.31,HOLD,50
2026-07-23T14:00:00+00:00,SOL,76.43,20.1,77.56,77.77,-0.35,HOLD,50
2026-07-23T15:00:00+00:00,SOL,76.39,22.5,77.5,77.73,-0.05,HOLD,50
2026-07-23T16:00:00+00:00,SOL,76.01,20.7,77.41,77.69,-0.5,HOLD,50
2026-07-23T17:00:00+00:00,SOL,75.65,19.4,77.29,77.64,-0.47,HOLD,50
2026-07-23T18:00:00+00:00,SOL,75.81,23.8,77.18,77.59,0.21,HOLD,50
2026-07-23T19:00:00+00:00,SOL,75.75,23.4,77.07,77.55,-0.08,HOLD,50
2026-07-23T20:00:00+00:00,SOL,76.12,30.2,76.96,77.52,0.49,BULLISH,70
2026-07-23T21:00:00+00:00,SOL,76.05,33.3,76.87,77.48,-0.09,HOLD,50
2026-07-23T22:00:00+00:00,SOL,76.19,29.7,76.79,77.45,0.18,HOLD,50
2026-07-23T23:00:00+00:00,SOL,75.88,26.7,76.7,77.4,-0.41,HOLD,50
2026-07-24T00:00:00+00:00,SOL,75.82,20.6,76.62,77.36,-0.08,HOLD,50
2026-07-24T01:00:00+00:00,SOL,75.7,20.2,76.53,77.31,-0.16,HOLD,50
2026-07-24T02:00:00+00:00,SOL,75.53,24.4,76.42,77.25,-0.22,HOLD,50
2026-07-24T03:00:00+00:00,SOL,75.83,34.5,76.36,77.2,0.4,BULLISH,70
2026-07-24T04:00:00+00:00,SOL,75.66,35.8,76.27,77.15,-0.22,HOLD,50
2026-07-24T05:00:00+00:00,SOL,75.8,39.5,76.18,77.11,0.19,HOLD,50
2026-07-24T06:00:00+00:00,SOL,75.85,46.8,76.09,77.07,0.07,HOLD,50
2026-07-24T07:00:00+00:00,SOL,76.07,59.0,76.01,77.04,0.29,HOLD,50
2026-07-24T08:00:00+00:00,SOL,75.78,49.4,75.95,77.01,-0.38,HOLD,50
2026-07-24T09:00:00+00:00,SOL,75.62,47.5,75.9,76.98,-0.21,HOLD,50
2026-07-24T10:00:00+00:00,SOL,75.49,36.5,75.85,76.94,-0.17,HOLD,50
2026-07-24T11:00:00+00:00,SOL,75.2,33.3,75.79,76.89,-0.38,HOLD,50
2026-07-24T12:00:00+00:00,SOL,74.86,25.8,75.73,76.84,-0.45,HOLD,50
2026-07-24T13:00:00+00:00,SOL,74.22,23.1,75.66,76.77,-0.85,HOLD,50
2026-07-24T14:00:00+00:00,SOL,74.03,22.1,75.57,76.71,-0.26,HOLD,50
2026-07-24T15:00:00+00:00,SOL,74.04,23.2,75.49,76.63,0.01,HOLD,50
2026-07-24T16:00:00+00:00,SOL,73.9,23.5,75.38,76.55,-0.19,HOLD,50
2026-07-24T17:00:00+00:00,SOL,74.05,19.5,75.28,76.46,0.2,HOLD,50
2026-07-24T18:00:00+00:00,SOL,73.98,20.2,75.17,76.37,-0.09,HOLD,50
2026-07-24T19:00:00+00:00,SOL,73.97,16.0,75.07,76.28,-0.01,HOLD,50
2026-07-24T20:00:00+00:00,SOL,73.77,13.4,74.97,76.2,-0.27,HOLD,50
2026-07-24T21:00:00+00:00,SOL,73.63,5.8,74.86,76.12,-0.19,HOLD,50
2026-07-24T22:00:00+00:00,SOL,73.94,16.9,74.78,76.05,0.42,BULLISH,70
2026-07-24T23:00:00+00:00,SOL,73.96,18.6,74.69,75.97,0.03,HOLD,50
2026-07-25T00:00:00+00:00,SOL,74.13,24.6,74.61,75.89,0.23,HOLD,50
2026-07-25T01:00:00+00:00,SOL,74.13,27.6,74.53,75.81,0.0,HOLD,50
2026-07-25T02:00:00+00:00,SOL,74.11,31.9,74.44,75.73,-0.03,HOLD,50
2026-07-25T03:00:00+00:00,SOL,74.14,47.3,74.35,75.65,0.04,HOLD,50
2026-07-25T04:00:00+00:00,SOL,74.32,60.0,74.27,75.58,0.24,HOLD,50
2026-07-25T05:00:00+00:00,SOL,73.99,48.6,74.19,75.51,-0.44,HOLD,50
2026-07-25T06:00:00+00:00,SOL,74.03,53.9,74.12,75.44,0.05,HOLD,50
2026-07-25T07:00:00+00:00,SOL,73.79,42.6,74.05,75.37,-0.32,HOLD,50
2026-07-25T08:00:00+00:00,SOL,73.79,44.4,74.0,75.29,0.0,HOLD,50
2026-07-25T09:00:00+00:00,SOL,74.0,50.8,73.98,75.23,0.28,HOLD,50
2026-07-25T10:00:00+00:00,SOL,73.98,56.1,73.98,75.16,-0.03,HOLD,50
2026-07-25T11:00:00+00:00,SOL,73.92,58.9,73.98,75.09,-0.08,HOLD,50
2026-07-25T12:00:00+00:00,SOL,73.97,51.1,73.98,75.01,0.07,HOLD,50
2026-07-25T13:00:00+00:00,SOL,73.98,50.7,73.98,74.94,0.01,HOLD,50
2026-07-25T14:00:00+00:00,SOL,74.06,47.2,73.98,74.88,0.11,HOLD,50
2026-07-25T15:00:00+00:00,SOL,74.18,51.8,73.99,74.83,0.16,HOLD,50
2026-07-25T16:00:00+00:00,SOL,74.32,57.0,74.02,74.79,0.19,HOLD,50
2026-07-25T17:00:00+00:00,SOL,74.48,60.4,74.06,74.75,0.22,HOLD,50
2026-07-25T18:00:00+00:00,SOL,74.66,60.4,74.1,74.72,0.24,HOLD,50
2026-07-25T19:00:00+00:00,SOL,74.57,70.7,74.13,74.7,-0.12,HOLD,50
2026-07-25T20:00:00+00:00,SOL,74.45,64.2,74.14,74.67,-0.16,HOLD,50
2026-07-25T21:00:00+00:00,SOL,74.46,76.8,74.16,74.65,0.01,HOLD,50
2026-07-25T22:00:00+00:00,SOL,74.5,77.5,74.18,74.62,0.05,HOLD,50
2026-07-25T23:00:00+00:00,SOL,74.52,73.6,74.2,74.58,0.03,HOLD,50
2026-07-26T00:00:00+00:00,SOL,74.79,80.0,74.22,74.56,0.36,HOLD,50
2026-07-26T01:00:00+00:00,SOL,74.82,84.1,74.26,74.54,0.04,HOLD,50
2026-07-26T02:00:00+00:00,SOL,74.9,84.4,74.31,74.52,0.11,HOLD,50
2026-07-26T03:00:00+00:00,SOL,75.03,85.7,74.37,74.5,0.17,HOLD,50
2026-07-26T04:00:00+00:00,SOL,75.07,85.3,74.43,74.49,0.05,HOLD,50
2026-07-26T05:00:00+00:00,SOL,75.02,80.9,74.48,74.48,-0.07,HOLD,50
2026-07-26T06:00:00+00:00,SOL,75.12,80.3,74.54,74.47,0.13,HOLD,50
2026-07-26T07:00:00+00:00,SOL,74.87,63.8,74.59,74.45,-0.33,HOLD,50
2026-07-26T08:00:00+00:00,SOL,74.98,61.9,74.64,74.43,0.15,HOLD,50
2026-07-26T09:00:00+00:00,SOL,75.07,68.7,74.69,74.41,0.12,HOLD,50
2026-07-26T10:00:00+00:00,SOL,75.12,76.4,74.75,74.4,0.07,HOLD,50
2026-07-26T11:00:00+00:00,SOL,74.95,67.1,74.78,74.39,-0.23,HOLD,50
2026-07-26T12:00:00+00:00,SOL,74.89,63.4,74.81,74.37,-0.08,HOLD,50
2026-07-26T13:00:00+00:00,SOL,74.94,64.2,74.84,74.37,0.07,HOLD,50
2026-07-26T14:00:00+00:00,SOL,75.06,60.2,74.86,74.37,0.16,HOLD,50
2026-07-26T15:00:00+00:00,SOL,75.49,69.4,74.9,74.4,0.57,HOLD,50
2026-07-26T16:00:00+00:00,SOL,75.53,68.6,74.96,74.43,0.05,HOLD,50
2026-07-26T17:00:00+00:00,SOL,75.38,60.2,75.0,74.45,-0.2,HOLD,50
2026-07-26T18:00:00+00:00,SOL,75.39,59.5,75.05,74.48,0.01,HOLD,50
2026-07-26T19:00:00+00:00,SOL,75.34,59.5,75.09,74.51,-0.07,HOLD,50
2026-07-26T20:00:00+00:00,SOL,75.34,57.0,75.12,74.54,0.0,HOLD,50
2026-07-26T21:00:00+00:00,SOL,75.65,73.8,75.16,74.57,0.41,HOLD,50
2026-07-26T22:00:00+00:00,SOL,76.71,83.4,75.25,74.63,1.4,BULLISH,55
2026-07-26T23:00:00+00:00,SOL,76.76,83.1,75.33,74.69,0.07,HOLD,50
2026-07-27T00:00:00+00:00,SOL,76.35,71.1,75.4,74.74,-0.53,BEARISH,85
2026-07-27T01:00:00+00:00,SOL,76.52,77.0,75.47,74.79,0.22,HOLD,50
2026-07-27T02:00:00+00:00,SOL,76.44,76.5,75.54,74.84,-0.1,HOLD,50
2026-07-27T03:00:00+00:00,SOL,76.4,75.0,75.62,74.88,-0.05,HOLD,50
2026-07-27T04:00:00+00:00,SOL,76.3,71.4,75.68,74.93,-0.13,HOLD,50
2026-07-27T05:00:00+00:00,SOL,76.56,69.6,75.76,74.98,0.34,HOLD,50
2026-07-27T06:00:00+00:00,SOL,76.73,71.0,75.84,75.02,0.22,HOLD,50
2026-07-27T07:00:00+00:00,SOL,76.47,68.4,75.91,75.07,-0.34,BEARISH,70
2026-07-27T08:00:00+00:00,SOL,76.3,64.5,75.98,75.12,-0.22,HOLD,50
2026-07-27T09:00:00+00:00,SOL,76.49,67.6,76.06,75.17,0.25,HOLD,50
2026-07-27T10:00:00+00:00,SOL,76.61,68.7,76.14,75.23,0.16,HOLD,50
2026-07-27T11:00:00+00:00,SOL,76.5,63.3,76.19,75.28,-0.14,HOLD,50
2026-07-27T12:00:00+00:00,SOL,76.86,53.0,76.25,75.34,0.47,HOLD,50
2026-07-27T13:00:00+00:00,SOL,76.92,53.2,76.33,75.4,0.08,HOLD,50
2026-07-27T14:00:00+00:00,SOL,75.48,37.7,76.34,75.43,-1.87,BEARISH,55
2026-07-27T15:00:00+00:00,SOL,75.28,32.6,76.33,75.45,-0.26,HOLD,50
2026-07-27T16:00:00+00:00,SOL,75.95,44.1,76.36,75.49,0.89,HOLD,50
2026-07-27T17:00:00+00:00,SOL,75.91,44.1,76.38,75.53,-0.05,HOLD,50
2026-07-27T18:00:00+00:00,SOL,75.62,42.2,76.32,75.55,-0.38,HOLD,50
2026-07-27T19:00:00+00:00,SOL,75.98,43.5,76.28,75.58,0.48,HOLD,50
2026-07-27T20:00:00+00:00,SOL,75.98,41.2,76.27,75.61,0.0,HOLD,50
2026-07-27T21:00:00+00:00,SOL,75.6,40.1,76.22,75.63,-0.5,HOLD,50
2026-07-27T22:00:00+00:00,SOL,74.06,30.6,76.1,75.62,-2.04,BEARISH,55
2026-07-27T23:00:00+00:00,SOL,74.2,29.9,75.99,75.61,0.19,HOLD,50
2026-07-28T00:00:00+00:00,SOL,73.73,26.2,75.86,75.6,-0.63,HOLD,50
2026-07-28T01:00:00+00:00,SOL,73.21,24.6,75.69,75.57,-0.71,HOLD,50
2026-07-28T02:00:00+00:00,SOL,73.37,22.2,75.53,75.54,0.22,HOLD,50
2026-07-28T03:00:00+00:00,SOL,73.28,21.1,75.37,75.51,-0.12,HOLD,50
2026-07-28T04:00:00+00:00,SOL,73.22,27.0,75.21,75.48,-0.08,HOLD,50
2026-07-28T05:00:00+00:00,SOL,73.27,28.9,75.05,75.45,0.07,HOLD,50
2026-07-28T06:00:00+00:00,SOL,73.44,20.6,74.89,75.41,0.23,HOLD,50
2026-07-28T07:00:00+00:00,SOL,73.3,20.1,74.73,75.38,-0.19,HOLD,50
2026-07-28T08:00:00+00:00,SOL,73.37,22.9,74.56,75.34,0.1,HOLD,50
2026-07-28T09:00:00+00:00,SOL,73.26,15.1,74.38,75.31,-0.15,HOLD,50
2026-07-28T10:00:00+00:00,SOL,73.15,14.7,74.26,75.27,-0.15,HOLD,50
2026-07-28T11:00:00+00:00,SOL,73.2,17.4,74.16,75.24,0.07,HOLD,50
2026-07-28T12:00:00+00:00,SOL,73.39,35.6,74.03,75.2,0.26,HOLD,50
2026-07-28T13:00:00+00:00,SOL,72.72,24.1,73.87,75.16,-0.91,HOLD,50
2026-07-28T14:00:00+00:00,SOL,73.43,45.2,73.76,75.13,0.98,HOLD,50
2026-07-28T15:00:00+00:00,SOL,74.35,66.3,73.68,75.12,1.25,BULLISH,55
2026-07-28T16:00:00+00:00,SOL,74.42,65.4,73.6,75.1,0.09,HOLD,50
2026-07-28T17:00:00+00:00,SOL,73.83,57.0,73.51,75.07,-0.79,HOLD,50
2026-07-28T18:00:00+00:00,SOL,73.88,58.5,73.5,75.04,0.07,HOLD,50
2026-07-28T19:00:00+00:00,SOL,74.33,62.3,73.51,75.02,0.61,HOLD,50
2026-07-28T20:00:00+00:00,SOL,74.05,56.9,73.52,74.99,-0.38,HOLD,50
2026-07-28T21:00:00+00:00,SOL,74.15,59.7,73.57,74.97,0.14,HOLD,50
2026-07-28T22:00:00+00:00,SOL,73.44,50.7,73.57,74.93,-0.96,HOLD,50
2026-07-28T23:00:00+00:00,SOL,73.83,55.4,73.6,74.89,0.53,HOLD,50
2026-07-29T00:00:00+00:00,SOL,73.78,56.0,73.63,74.83,-0.07,HOLD,50
2026-07-29T01:00:00+00:00,SOL,73.27,50.6,73.63,74.76,-0.69,HOLD,50
2026-07-29T02:00:00+00:00,SOL,73.69,52.5,73.64,74.71,0.57,HOLD,50
2026-07-29T03:00:00+00:00,SOL,73.09,53.2,73.63,74.64,-0.81,HOLD,50
2026-07-29T04:00:00+00:00,SOL,73.45,50.2,73.64,74.58,0.49,HOLD,50
2026-07-29T05:00:00+00:00,SOL,73.68,43.0,73.66,74.53,0.31,HOLD,50
2026-07-29T06:00:00+00:00,SOL,74.08,46.7,73.7,74.48,0.54,HOLD,50
2026-07-29T07:00:00+00:00,SOL,74.25,54.4,73.76,74.44,0.23,HOLD,50
